file,line,markup,coverage
admin/backend/academic_year.php,265,"<button onclick=""ayReturnToCurrent()"" style=""background:#1a1200;color:#fde68a;border:0;border-radius:8px;' . 'padding:.45rem .9rem;font-weight:800;cursor:pointer;font-family:inherit;white-space:nowrap"">",source-indexed; NOT individually click-certified
admin/backend/academic_year.php,331,"<select onchange=""if(this.value!=0){ayCtx.go(this.value);}"" ' . 'style=""width:100%;background:#1e293b;color:#e2e8f0;border:1px solid #334155;border-radius:8px;padding:.5rem;font-family:inherit;font-size:.82rem;cursor:pointer"">",source-indexed; NOT individually click-certified
admin/backend/academic_year.php,341,"<button type=""button"" onclick=""ayCtx.go(0)"" style=""margin-top:.55rem;background:#1a1200;color:#fde68a;border:0;border-radius:8px;padding:.4rem .8rem;font-weight:800;cursor:pointer;font-family:inherit"">",source-indexed; NOT individually click-certified
admin/backend/academic_year.php,353,"<button type=""button"" onclick=""ayCloseYearModal()"" style=""background:none;border:0;color:#94a3b8;font-size:1.4rem;cursor:pointer;line-height:1"">",source-indexed; NOT individually click-certified
admin/backend/academic_year.php,401,"<button type=""button"" onclick=""ayCtx.go(0)"" style=""background:#1a1200;color:#fde68a;border:0;border-radius:8px;' . 'padding:.4rem .85rem;font-weight:800;cursor:pointer;font-family:inherit;white-space:nowrap"">",source-indexed; NOT individually click-certified
admin/backend/services/MemberReportRenderer.php,174,"<button type=""button"" onclick=""window.print()"" class=""btn green"">",source-indexed; NOT individually click-certified
admin/backend/services/MemberReportRenderer.php,175,"<a href=""' . self::h($csvUrl) . '"" class=""btn blue"">",source-indexed; NOT individually click-certified
admin/backend/services/MemberReportRenderer.php,176,"<a href=""/admin/reports.php"" class=""btn gray"">",source-indexed; NOT individually click-certified
admin/components/notification_bell.php,41,"<button class=""notif-bell-btn"" onclick=""toggleNotifDropdown()"" title=""Notifications"">",source-indexed; NOT individually click-certified
admin/components/notification_bell.php,51,"<button onclick=""markAllRead()"" class=""notif-mark-all"">",source-indexed; NOT individually click-certified
admin/components/notification_bell.php,56,"<button class=""notif-tab active"" onclick=""switchNotifTab('alerts')"">",source-indexed; NOT individually click-certified
admin/components/notification_bell.php,59,"<button class=""notif-tab"" onclick=""switchNotifTab('tasks')"">",source-indexed; NOT individually click-certified
admin/components/notification_bell.php,91,"<button onclick=""updateTask(<?= $task['id'] ?>",source-indexed; NOT individually click-certified
admin/components/notification_bell.php,94,"<button onclick=""updateTask(<?= $task['id'] ?>",source-indexed; NOT individually click-certified
admin/dashboard.php,488,"<a href=""index.php"" class=""btn btn-primary"">",source-indexed; NOT individually click-certified
admin/dashboard.php,492,"<button onclick=""location.reload()"" class=""btn btn-secondary"">",source-indexed; NOT individually click-certified
admin/dashboard.php,496,"<a href=""logout.php"" class=""btn btn-danger"">",source-indexed; NOT individually click-certified
admin/dashboard.php,503,"<a href=""#"">",source-indexed; NOT individually click-certified
admin/dashboard.php,504,"<a href=""#"">",source-indexed; NOT individually click-certified
admin/dashboards/ai_assistant.php,149,"<a href=""/admin/dashboard.php"" class=""back-btn"">",source-indexed; NOT individually click-certified
admin/dashboards/ai_assistant.php,157,"<button class=""topbar-btn"" onclick=""clearChat()"">",source-indexed; NOT individually click-certified
admin/dashboards/ai_assistant.php,158,"<button class=""topbar-btn"" onclick=""exportChat()"">",source-indexed; NOT individually click-certified
admin/dashboards/ai_assistant.php,166,"<button class=""insight-btn"" onclick=""quickInsight('overview')"">",source-indexed; NOT individually click-certified
admin/dashboards/ai_assistant.php,167,"<button class=""insight-btn"" onclick=""quickInsight('members')"">",source-indexed; NOT individually click-certified
admin/dashboards/ai_assistant.php,168,"<button class=""insight-btn"" onclick=""quickInsight('attendance')"">",source-indexed; NOT individually click-certified
admin/dashboards/ai_assistant.php,169,"<button class=""insight-btn"" onclick=""quickInsight('education')"">",source-indexed; NOT individually click-certified
admin/dashboards/ai_assistant.php,170,"<button class=""insight-btn"" onclick=""quickInsight('finance')"">",source-indexed; NOT individually click-certified
admin/dashboards/ai_assistant.php,174,"<button class=""report-btn"" onclick=""generateReport('monthly')"">",source-indexed; NOT individually click-certified
admin/dashboards/ai_assistant.php,175,"<button class=""report-btn"" onclick=""generateReport('attendance')"">",source-indexed; NOT individually click-certified
admin/dashboards/ai_assistant.php,176,"<button class=""report-btn"" onclick=""generateReport('financial')"">",source-indexed; NOT individually click-certified
admin/dashboards/ai_assistant.php,177,"<button class=""report-btn"" onclick=""generateReport('demographic')"">",source-indexed; NOT individually click-certified
admin/dashboards/ai_assistant.php,185,"<select id=""aiProvider"" onchange=""aiProviderChanged()"" style=""width:100%;padding:.5rem;border-radius:8px;background:rgba(255,255,255,.06);color:inherit;border:1px solid rgba(255,255,255,.15);margin-bottom:.4rem"">",source-indexed; NOT individually click-certified
admin/dashboards/ai_assistant.php,187,"<input type=""password"" id=""aiKey"" placeholder=""paste key"" autocomplete=""off"" />",source-indexed; NOT individually click-certified
admin/dashboards/ai_assistant.php,190,"<input type=""text"" id=""aiModel"" placeholder=""model name"" autocomplete=""off"" />",source-indexed; NOT individually click-certified
admin/dashboards/ai_assistant.php,193,"<input type=""text"" id=""aiBase"" placeholder=""https://…/v1"" autocomplete=""off"" />",source-indexed; NOT individually click-certified
admin/dashboards/ai_assistant.php,195,"<input type=""checkbox"" id=""aiActive"" style=""width:auto"">",source-indexed; NOT individually click-certified
admin/dashboards/ai_assistant.php,197,"<button class=""save-key-btn"" onclick=""testConnection()"" style=""flex:1;background:rgba(255,255,255,.12)"">",source-indexed; NOT individually click-certified
admin/dashboards/ai_assistant.php,198,"<button class=""save-key-btn"" onclick=""saveAiConfig()"" style=""flex:1"">",source-indexed; NOT individually click-certified
admin/dashboards/ai_assistant.php,215,"<button class=""suggest-btn"" onclick=""sendSuggestion('How many active members and what is the gender breakdown?')"">",source-indexed; NOT individually click-certified
admin/dashboards/ai_assistant.php,216,"<button class=""suggest-btn"" onclick=""sendSuggestion('What is our attendance rate and which days are lowest?')"">",source-indexed; NOT individually click-certified
admin/dashboards/ai_assistant.php,217,"<button class=""suggest-btn"" onclick=""sendSuggestion('Give me a summary of our financial health')"">",source-indexed; NOT individually click-certified
admin/dashboards/ai_assistant.php,218,"<button class=""suggest-btn"" onclick=""sendSuggestion('Which classes need more students?')"">",source-indexed; NOT individually click-certified
admin/dashboards/ai_assistant.php,219,"<button class=""suggest-btn"" onclick=""sendSuggestion('What are the top data quality issues to fix?')"">",source-indexed; NOT individually click-certified
admin/dashboards/ai_assistant.php,220,"<button class=""suggest-btn"" onclick=""sendSuggestion('Complete school status report for this month')"">",source-indexed; NOT individually click-certified
admin/dashboards/ai_assistant.php,237,"<textarea id=""chatInput"" rows=""1"" placeholder=""Ask about your school data..."" onkeydown=""handleKey(event)"" oninput=""autoResize(this)"">",source-indexed; NOT individually click-certified
admin/dashboards/ai_assistant.php,238,"<button class=""send-btn"" id=""sendBtn"" onclick=""sendMessage()"">",source-indexed; NOT individually click-certified
admin/dashboards/ai_assistant.php,289,"<a href=""'+p.signup+'"" target=""_blank"" rel=""noopener"">",source-indexed; NOT individually click-certified
admin/dashboards/ai_assistant.php,402,"<button class=""msg-action-btn"" onclick=""copyMsg(this)"">",source-indexed; NOT individually click-certified
admin/dashboards/ai_assistant.php,403,"<button class=""msg-action-btn"" onclick=""downloadMsg(this)"">",source-indexed; NOT individually click-certified
admin/dashboards/ai_assistant.php,562,"<a href=""/admin/dashboard.php"" class=""wbws-bnav-btn"">",source-indexed; NOT individually click-certified
admin/dashboards/ai_assistant.php,563,"<button class=""wbws-bnav-btn active"">",source-indexed; NOT individually click-certified
admin/dashboards/ai_assistant.php,564,"<a href=""/admin/logout.php"" class=""wbws-bnav-btn bnav-exit"">",source-indexed; NOT individually click-certified
admin/dashboards/ai_chatbot_widget.php,102,"<button id=""ai-fab"" onclick=""aipToggle()"" title=""AI Assistant"">",source-indexed; NOT individually click-certified
admin/dashboards/ai_chatbot_widget.php,108,"<button onclick=""aipClear()"" title=""New chat"">",source-indexed; NOT individually click-certified
admin/dashboards/ai_chatbot_widget.php,109,"<button onclick=""aipMinimize()"" title=""Minimise"" id=""aipMinBtn"">",source-indexed; NOT individually click-certified
admin/dashboards/ai_chatbot_widget.php,110,"<button onclick=""aipClose()"" title=""Close"">",source-indexed; NOT individually click-certified
admin/dashboards/ai_chatbot_widget.php,126,"<textarea id=""aipInput"" rows=""1"" placeholder=""Ask about your data or the system…"" onkeydown=""aipKey(event)"" oninput=""aipResize(this)"">",source-indexed; NOT individually click-certified
admin/dashboards/ai_chatbot_widget.php,127,"<button class=""aip-send"" id=""aipSendBtn"" onclick=""aipSend()"">",source-indexed; NOT individually click-certified
admin/dashboards/ai_chatbot_widget.php,172,"<a href=""/admin/dashboards/ai_assistant.php"">",source-indexed; NOT individually click-certified
admin/dashboards/ai_chatbot_widget.php,253,"<button class=""aip-copy-btn"" onclick=""var b=this.parentElement.querySelector(\'.aip-bubble\');navigator.clipboard.writeText(b.innerText);this.textContent=\'Copied!\';var t=this;setTimeout(function(){t.textContent=\'Copy\';},1500)"">",source-indexed; NOT individually click-certified
admin/dashboards/attendance_taker.php,145,"<a href=""/admin/logout.php"" class=""nav-link text-red-200 hover:bg-red-500/20"">",source-indexed; NOT individually click-certified
admin/dashboards/attendance_taker.php,175,"<button onclick=""showSection('dashboard')"" class=""mobile-nav px-4 py-2 rounded-full text-xs font-medium bg-orange-100 text-orange-700"">",source-indexed; NOT individually click-certified
admin/dashboards/attendance_taker.php,176,"<button onclick=""showSection('take')"" class=""mobile-nav px-4 py-2 rounded-full text-xs font-medium bg-gray-100"">",source-indexed; NOT individually click-certified
admin/dashboards/attendance_taker.php,177,"<button onclick=""showSection('history')"" class=""mobile-nav px-4 py-2 rounded-full text-xs font-medium bg-gray-100"">",source-indexed; NOT individually click-certified
admin/dashboards/attendance_taker.php,183,"<a href=""/admin/dashboard.php"" class=""mob-back"">",source-indexed; NOT individually click-certified
admin/dashboards/attendance_taker.php,238,"<select id=""attClassSelect"" class=""form-input"" onchange=""loadStudentsForAttendance()"">",source-indexed; NOT individually click-certified
admin/dashboards/attendance_taker.php,247,"<input type=""date"" id=""attDateInput"" class=""form-input"" value=""<?= $todayDate ?>",source-indexed; NOT individually click-certified
admin/dashboards/attendance_taker.php,255,"<button onclick=""markAllAttendance('present')"" class=""btn btn-success"">",source-indexed; NOT individually click-certified
admin/dashboards/attendance_taker.php,256,"<button onclick=""markAllAttendance('absent')"" class=""btn"" style=""background:#fee2e2;color:#991b1b;"">",source-indexed; NOT individually click-certified
admin/dashboards/attendance_taker.php,257,"<button onclick=""markAllAttendance('late')"" class=""btn"" style=""background:#fef3c7;color:#92400e;"">",source-indexed; NOT individually click-certified
admin/dashboards/attendance_taker.php,263,"<input type=""text"" id=""barcodeScannerInput"" autocomplete=""off"" placeholder=""Scan ID Card..."" class=""bg-slate-900 border-none text-emerald-400 font-mono text-sm rounded-lg px-3 py-1.5 focus:ring-2 focus:ring-emerald-500 outline-none w-full md:w-64 placeholder-slate-500"" onkeyup=""if(event.key==='Enter') handleBarcodeScan(this.value)"">",source-indexed; NOT individually click-certified
admin/dashboards/attendance_taker.php,275,"<button onclick=""saveAttendance()"" class=""btn btn-success"">",source-indexed; NOT individually click-certified
admin/dashboards/attendance_taker.php,336,"<select id=""historyClassSelect"" class=""form-input"" onchange=""loadClassHistory()"">",source-indexed; NOT individually click-certified
admin/dashboards/attendance_taker.php,343,"<button onclick=""exportClassHistory()"" class=""btn btn-secondary"" style=""display:none;"" id=""exportHistoryBtn"">",source-indexed; NOT individually click-certified
admin/dashboards/attendance_taker.php,478,"<button type=""button"" class=""att-btn att-present ${status === 'present' ? 'active' : ''}"" data-attendance-status=""present"" onclick=""setAttStatus(this, ${s.member_id || s.id}, 'present')"" title=""Present"">",source-indexed; NOT individually click-certified
admin/dashboards/attendance_taker.php,479,"<button type=""button"" class=""att-btn att-absent ${status === 'absent' ? 'active' : ''}"" data-attendance-status=""absent"" onclick=""setAttStatus(this, ${s.member_id || s.id}, 'absent')"" title=""Absent"">",source-indexed; NOT individually click-certified
admin/dashboards/attendance_taker.php,480,"<button type=""button"" class=""att-btn att-late ${status === 'late' ? 'active' : ''}"" data-attendance-status=""late"" onclick=""setAttStatus(this, ${s.member_id || s.id}, 'late')"" title=""Late"">",source-indexed; NOT individually click-certified
admin/dashboards/attendance_taker.php,481,"<button type=""button"" class=""att-btn att-excused ${status === 'excused' ? 'active' : ''}"" data-attendance-status=""excused"" onclick=""setAttStatus(this, ${s.member_id || s.id}, 'excused')"" title=""Excused"">",source-indexed; NOT individually click-certified
admin/dashboards/attendance_taker.php,484,"<input type=""text"" class=""form-input att-note"" style=""width:120px"" maxlength=""500"" data-member-id=""${s.member_id || s.id}"" value=""${escapeHtml(s.note || '')}"" placeholder=""Note"">",source-indexed; NOT individually click-certified
admin/dashboards/attendance_taker.php,626,"<button onclick=""editPastAttendance(${classId}, '${h.attendance_date}')"" class=""btn btn-secondary btn-sm"">",source-indexed; NOT individually click-certified
admin/dashboards/attendance_taker.php,662,"<a href=""/admin/dashboard.php"" class=""wbws-bnav-btn"">",source-indexed; NOT individually click-certified
admin/dashboards/attendance_taker.php,663,"<button class=""wbws-bnav-btn active"">",source-indexed; NOT individually click-certified
admin/dashboards/attendance_taker.php,664,"<a href=""/admin/logout.php"" class=""wbws-bnav-btn bnav-exit"">",source-indexed; NOT individually click-certified
admin/dashboards/content_editor.php,191,"<a href=""<?= SITE_URL ?>",source-indexed; NOT individually click-certified
admin/dashboards/content_editor.php,193,"<a href=""/admin/dashboard.php"" class=""btn-exit"">",source-indexed; NOT individually click-certified
admin/dashboards/content_editor.php,195,"<a href=""/admin/logout.php"" class=""btn-exit"">",source-indexed; NOT individually click-certified
admin/dashboards/content_editor.php,202,"<button class=""tab active"" data-panel=""registrations"">",source-indexed; NOT individually click-certified
admin/dashboards/content_editor.php,203,"<button class=""tab"" data-panel=""gallery"">",source-indexed; NOT individually click-certified
admin/dashboards/content_editor.php,204,"<button class=""tab"" data-panel=""teachers"">",source-indexed; NOT individually click-certified
admin/dashboards/content_editor.php,205,"<button class=""tab"" data-panel=""schedule"">",source-indexed; NOT individually click-certified
admin/dashboards/content_editor.php,206,"<button class=""tab"" data-panel=""programs"">",source-indexed; NOT individually click-certified
admin/dashboards/content_editor.php,207,"<button class=""tab"" data-panel=""social"">",source-indexed; NOT individually click-certified
admin/dashboards/content_editor.php,230,"<button class=""btn btn-ghost"" onclick=""openCatModal()"">",source-indexed; NOT individually click-certified
admin/dashboards/content_editor.php,231,"<button class=""btn btn-gold"" onclick=""openPhotoModal()"">",source-indexed; NOT individually click-certified
admin/dashboards/content_editor.php,242,"<button class=""btn btn-gold"" onclick=""openTeacherModal()"">",source-indexed; NOT individually click-certified
admin/dashboards/content_editor.php,251,"<button class=""btn btn-gold"" onclick=""openScheduleModal()"">",source-indexed; NOT individually click-certified
admin/dashboards/content_editor.php,260,"<button class=""btn btn-gold"" onclick=""openProgramModal()"">",source-indexed; NOT individually click-certified
admin/dashboards/content_editor.php,269,"<button class=""btn btn-gold"" onclick=""openSocialModal()"">",source-indexed; NOT individually click-certified
admin/dashboards/content_editor.php,281,"<button class=""modal-close"" onclick=""closeModal()"">",source-indexed; NOT individually click-certified
admin/dashboards/content_editor.php,285,"<button class=""btn btn-ghost"" onclick=""closeModal()"">",source-indexed; NOT individually click-certified
admin/dashboards/content_editor.php,286,"<button class=""btn btn-gold"" id=""modalSave"" onclick=""saveModal()"">",source-indexed; NOT individually click-certified
admin/dashboards/dept_taker.php,67,"<a class=""exit"" href=""/admin/logout.php"">",source-indexed; NOT individually click-certified
admin/dashboards/edu_dept.php,141,"<button class=""nl act"" data-sec=""dashboard"">",source-indexed; NOT individually click-certified
admin/dashboards/edu_dept.php,142,"<button class=""nl"" data-sec=""teachers"">",source-indexed; NOT individually click-certified
admin/dashboards/edu_dept.php,143,"<button class=""nl"" data-sec=""classes"">",source-indexed; NOT individually click-certified
admin/dashboards/edu_dept.php,144,"<button class=""nl"" data-sec=""subjects"">",source-indexed; NOT individually click-certified
admin/dashboards/edu_dept.php,148,"<button class=""nl"" data-sec=""enrollment"">",source-indexed; NOT individually click-certified
admin/dashboards/edu_dept.php,149,"<button class=""nl"" data-sec=""grades"">",source-indexed; NOT individually click-certified
admin/dashboards/edu_dept.php,150,"<button class=""nl"" data-sec=""assessments"">",source-indexed; NOT individually click-certified
admin/dashboards/edu_dept.php,151,"<button class=""nl"" data-sec=""settings"">",source-indexed; NOT individually click-certified
admin/dashboards/edu_dept.php,155,"<button class=""nl"" data-sec=""submissions"">",source-indexed; NOT individually click-certified
admin/dashboards/edu_dept.php,156,"<button class=""nl"" data-sec=""reportcards"">",source-indexed; NOT individually click-certified
admin/dashboards/edu_dept.php,159,"<a href=""/admin/logout.php"" class=""nl"" style=""color:#fca5a5"">",source-indexed; NOT individually click-certified
admin/dashboards/edu_dept.php,165,"<a href=""/admin/dashboard.php"" class=""mob-back"">",source-indexed; NOT individually click-certified
admin/dashboards/edu_dept.php,189,"<button class=""btn btn-p"" style=""width:100%;justify-content:center"" onclick=""nav('teachers');openCreateTeacher()"">",source-indexed; NOT individually click-certified
admin/dashboards/edu_dept.php,190,"<button class=""btn btn-s"" style=""width:100%;justify-content:center"" onclick=""nav('enrollment')"">",source-indexed; NOT individually click-certified
admin/dashboards/edu_dept.php,191,"<button class=""btn btn-o"" style=""width:100%;justify-content:center"" onclick=""nav('grades')"">",source-indexed; NOT individually click-certified
admin/dashboards/edu_dept.php,192,"<button class=""btn btn-o"" style=""width:100%;justify-content:center"" onclick=""nav('classes')"">",source-indexed; NOT individually click-certified
admin/dashboards/edu_dept.php,205,"<button class=""btn btn-p"" onclick=""openCreateTeacher()"">",source-indexed; NOT individually click-certified
admin/dashboards/edu_dept.php,208,"<input autocomplete=""off"" type=""text"" id=""teacherSearch"" class=""inp"" style=""max-width:240px"" placeholder=""Search name, username, or code..."" oninput=""debounceTeacherSearch()"">",source-indexed; NOT individually click-certified
admin/dashboards/edu_dept.php,209,"<select id=""teacherStatus"" class=""inp"" style=""max-width:140px"" onchange=""loadTeachers()"">",source-indexed; NOT individually click-certified
admin/dashboards/edu_dept.php,210,"<select id=""teacherSort"" class=""inp"" style=""max-width:160px"" onchange=""renderTeachers()"">",source-indexed; NOT individually click-certified
admin/dashboards/edu_dept.php,211,"<button class=""btn btn-o btn-xs"" onclick=""exportTeachers()"">",source-indexed; NOT individually click-certified
admin/dashboards/edu_dept.php,218,"<button class=""btn btn-p"" onclick=""openClassModal()"">",source-indexed; NOT individually click-certified
admin/dashboards/edu_dept.php,224,"<button class=""btn btn-p"" onclick=""openSubjectModal()"">",source-indexed; NOT individually click-certified
admin/dashboards/edu_dept.php,227,"<button onclick='editSubject(<?= json_encode($s, JSON_HEX_TAG | JSON_HEX_APOS | JSON_HEX_AMP | JSON_HEX_QUOT) ?>",source-indexed; NOT individually click-certified
admin/dashboards/edu_dept.php,238,"<button class=""btn btn-p"" onclick=""openBulkEnrollModal()"">",source-indexed; NOT individually click-certified
admin/dashboards/edu_dept.php,239,"<button class=""btn btn-o btn-xs"" onclick=""loadEnrollOverview()"">",source-indexed; NOT individually click-certified
admin/dashboards/edu_dept.php,248,"<button class=""tbn act"" id=""enrTabClasses"" onclick=""switchEnrollTab('classes')"">",source-indexed; NOT individually click-certified
admin/dashboards/edu_dept.php,249,"<button class=""tbn"" id=""enrTabRoster"" onclick=""switchEnrollTab('roster')"">",source-indexed; NOT individually click-certified
admin/dashboards/edu_dept.php,250,"<button class=""tbn"" id=""enrTabUnassigned"" onclick=""switchEnrollTab('unassigned')"">",source-indexed; NOT individually click-certified
admin/dashboards/edu_dept.php,258,"<select id=""enrollClass"" class=""inp"" onchange=""loadEnrolled()"">",source-indexed; NOT individually click-certified
admin/dashboards/edu_dept.php,260,"<input type=""text"" id=""enrollSearchInput"" class=""inp"" placeholder=""Type name or code to search..."" autocomplete=""off"" oninput=""liveSearchEnroll(this.value)"">",source-indexed; NOT individually click-certified
admin/dashboards/edu_dept.php,262,"<button class=""btn btn-p"" onclick=""enrollFromSearch()"" id=""enrollBtn"" disabled>",source-indexed; NOT individually click-certified
admin/dashboards/edu_dept.php,275,"<input type=""text"" id=""rosterQ"" class=""inp"" placeholder=""Name or code…"" autocomplete=""off"" oninput=""debounceRoster()"">",source-indexed; NOT individually click-certified
admin/dashboards/edu_dept.php,276,"<select id=""rosterClass"" class=""inp"" onchange=""loadRoster(1)"">",source-indexed; NOT individually click-certified
admin/dashboards/edu_dept.php,277,"<select id=""rosterGender"" class=""inp"" onchange=""loadRoster(1)"">",source-indexed; NOT individually click-certified
admin/dashboards/edu_dept.php,278,"<select id=""rosterType"" class=""inp"" onchange=""loadRoster(1)"">",source-indexed; NOT individually click-certified
admin/dashboards/edu_dept.php,279,"<select id=""rosterAge"" class=""inp"" onchange=""loadRoster(1)"">",source-indexed; NOT individually click-certified
admin/dashboards/edu_dept.php,280,"<select id=""rosterSort"" class=""inp"" onchange=""loadRoster(1)"">",source-indexed; NOT individually click-certified
admin/dashboards/edu_dept.php,283,"<select id=""rosterTargetClass"" class=""inp"">",source-indexed; NOT individually click-certified
admin/dashboards/edu_dept.php,284,"<button class=""btn btn-s"" type=""button"" onclick=""rosterBulkEnroll()"">",source-indexed; NOT individually click-certified
admin/dashboards/edu_dept.php,295,"<input autocomplete=""off"" type=""text"" id=""unassignedSearch"" class=""inp"" placeholder=""Search by name or code..."" oninput=""debounceUnassigned()"">",source-indexed; NOT individually click-certified
admin/dashboards/edu_dept.php,296,"<select id=""unassignedGender"" class=""inp"" onchange=""loadUnassigned()"">",source-indexed; NOT individually click-certified
admin/dashboards/edu_dept.php,297,"<select id=""unassignedMType"" class=""inp"" onchange=""loadUnassigned()"">",source-indexed; NOT individually click-certified
admin/dashboards/edu_dept.php,298,"<select id=""unassignedAge"" class=""inp"" onchange=""loadUnassigned()"">",source-indexed; NOT individually click-certified
admin/dashboards/edu_dept.php,299,"<select id=""unassignedTargetClass"" class=""inp"">",source-indexed; NOT individually click-certified
admin/dashboards/edu_dept.php,300,"<button class=""btn btn-s"" onclick=""bulkEnrollSelected()"">",source-indexed; NOT individually click-certified
admin/dashboards/edu_dept.php,311,"<button class=""btn btn-p btn-xs"" type=""button"" onclick=""nav('teachers')"">",source-indexed; NOT individually click-certified
admin/dashboards/edu_dept.php,316,"<select id=""taTeacher"" class=""inp"">",source-indexed; NOT individually click-certified
admin/dashboards/edu_dept.php,317,"<select id=""taClass"" class=""inp"">",source-indexed; NOT individually click-certified
admin/dashboards/edu_dept.php,318,"<select id=""taSubject"" class=""inp"">",source-indexed; NOT individually click-certified
admin/dashboards/edu_dept.php,319,"<button class=""btn btn-s"" onclick=""assignTeacherFromPanel()"">",source-indexed; NOT individually click-certified
admin/dashboards/edu_dept.php,321,"<input type=""checkbox"" id=""taClassTeacher"">",source-indexed; NOT individually click-certified
admin/dashboards/edu_dept.php,334,"<select id=""gradeClass"" class=""inp"" onchange=""loadGradeSubjects()"">",source-indexed; NOT individually click-certified
admin/dashboards/edu_dept.php,335,"<select id=""gradeSubject"" class=""inp"" onchange=""loadGradeAssessments()"">",source-indexed; NOT individually click-certified
admin/dashboards/edu_dept.php,337,"<select id=""gradeAssessment"" class=""inp"" onchange=""loadGradeStudents()"">",source-indexed; NOT individually click-certified
admin/dashboards/edu_dept.php,344,"<button class=""btn btn-p"" onclick=""openAssessmentModal()"">",source-indexed; NOT individually click-certified
admin/dashboards/edu_dept.php,346,"<select id=""asmtClass"" class=""inp"" onchange=""loadAsmtSubjects()"">",source-indexed; NOT individually click-certified
admin/dashboards/edu_dept.php,347,"<select id=""asmtSubject"" class=""inp"" onchange=""loadAssessments()"">",source-indexed; NOT individually click-certified
admin/dashboards/edu_dept.php,373,"<select id=""subFilterType"" class=""inp"" style=""max-width:150px"" onchange=""loadSubmissions()"">",source-indexed; NOT individually click-certified
admin/dashboards/edu_dept.php,374,"<select id=""subFilterClass"" class=""inp"" style=""max-width:180px"" onchange=""loadSubmissions()"">",source-indexed; NOT individually click-certified
admin/dashboards/edu_dept.php,375,"<button class=""btn btn-o btn-xs"" type=""button"" onclick=""exportSubmissions()"">",source-indexed; NOT individually click-certified
admin/dashboards/edu_dept.php,376,"<button class=""btn btn-o btn-xs"" type=""button"" onclick=""loadSubmissions()"">",source-indexed; NOT individually click-certified
admin/dashboards/edu_dept.php,377,"<button class=""btn btn-o btn-xs"" type=""button"" onclick=""printQrRoster()"" title=""Printable QR tiles for this class — scanned by takers in the mobile app"">",source-indexed; NOT individually click-certified
admin/dashboards/edu_dept.php,380,"<button class=""tbn act"" id=""subTabDraft"" type=""button"" onclick=""switchSubTab('draft')"">",source-indexed; NOT individually click-certified
admin/dashboards/edu_dept.php,381,"<button class=""tbn"" id=""subTabSubmitted"" type=""button"" onclick=""switchSubTab('submitted')"">",source-indexed; NOT individually click-certified
admin/dashboards/edu_dept.php,382,"<button class=""tbn"" id=""subTabInsights"" type=""button"" onclick=""switchSubTab('insights')"">",source-indexed; NOT individually click-certified
admin/dashboards/edu_dept.php,384,"<input autocomplete=""off"" type=""hidden"" id=""subFilterStatus"" value=""draft"">",source-indexed; NOT individually click-certified
admin/dashboards/edu_dept.php,392,"<button onclick=""closeModal('reviewModal')"" style=""background:rgba(255,255,255,.2);border:none;color:#fff;width:32px;height:32px;border-radius:8px;cursor:pointer;font-size:1rem"">",source-indexed; NOT individually click-certified
admin/dashboards/edu_dept.php,408,"<select id=""rcClass"" class=""inp"" onchange=""loadClassPerformance()"">",source-indexed; NOT individually click-certified
admin/dashboards/edu_dept.php,409,"<select id=""rcYear"" class=""inp"" onchange=""filterRcTerms();loadClassPerformance()"">",source-indexed; NOT individually click-certified
admin/dashboards/edu_dept.php,410,"<select id=""rcTerm"" class=""inp"" onchange=""loadClassPerformance()"">",source-indexed; NOT individually click-certified
admin/dashboards/edu_dept.php,411,"<select id=""rcSubject"" class=""inp"" onchange=""loadClassPerformance()"">",source-indexed; NOT individually click-certified
admin/dashboards/edu_dept.php,414,"<input autocomplete=""off"" type=""text"" id=""rcSearch"" class=""inp"" style=""max-width:220px"" placeholder=""Search name or code…"" oninput=""renderRcTable()"">",source-indexed; NOT individually click-certified
admin/dashboards/edu_dept.php,415,"<select id=""rcFilter"" class=""inp"" style=""max-width:150px"" onchange=""renderRcTable()"">",source-indexed; NOT individually click-certified
admin/dashboards/edu_dept.php,416,"<select id=""rcSort"" class=""inp"" style=""max-width:160px"" onchange=""renderRcTable()"">",source-indexed; NOT individually click-certified
admin/dashboards/edu_dept.php,417,"<button class=""btn btn-o"" type=""button"" onclick=""exportPerformance()"">",source-indexed; NOT individually click-certified
admin/dashboards/edu_dept.php,418,"<button class=""btn btn-o"" type=""button"" onclick=""printClassList()"">",source-indexed; NOT individually click-certified
admin/dashboards/edu_dept.php,419,"<button class=""btn btn-s"" type=""button"" onclick=""generateBulkReports()"">",source-indexed; NOT individually click-certified
admin/dashboards/edu_dept.php,439,"<button onclick=""closeModal('teacherModal')"" style=""background:rgba(255,255,255,.2);border:none;color:#fff;width:32px;height:32px;border-radius:8px;cursor:pointer;font-size:1rem"">",source-indexed; NOT individually click-certified
admin/dashboards/edu_dept.php,443,"<input type=""hidden"" id=""teacherMemberId"" value="""">",source-indexed; NOT individually click-certified
admin/dashboards/edu_dept.php,445,"<input id=""teacherMemberQ"" class=""inp"" placeholder=""Search member name or code..."" autocomplete=""off"" oninput=""searchTeacherMembers(this.value)"">",source-indexed; NOT individually click-certified
admin/dashboards/edu_dept.php,450,"<input id=""teacherFullName"" class=""inp"" required>",source-indexed; NOT individually click-certified
admin/dashboards/edu_dept.php,451,"<input id=""teacherUsername"" class=""inp"" required>",source-indexed; NOT individually click-certified
admin/dashboards/edu_dept.php,452,"<input id=""teacherEmail"" type=""email"" class=""inp"">",source-indexed; NOT individually click-certified
admin/dashboards/edu_dept.php,453,"<input id=""teacherPassword"" type=""password"" class=""inp"" minlength=""12"" maxlength=""72"" autocomplete=""new-password"">",source-indexed; NOT individually click-certified
admin/dashboards/edu_dept.php,460,"<button type=""button"" class=""btn btn-o btn-xs"" onclick=""addAsgRow()"" style=""margin-top:.25rem"">",source-indexed; NOT individually click-certified
admin/dashboards/edu_dept.php,467,"<button class=""btn btn-o"" onclick=""closeModal('teacherModal')"">",source-indexed; NOT individually click-certified
admin/dashboards/edu_dept.php,467,"<button class=""btn btn-p"" id=""teacherSubmitBtn"" onclick=""saveTeacher()"">",source-indexed; NOT individually click-certified
admin/dashboards/edu_dept.php,472,"<button onclick=""closeModal('viewTeacherModal')"" style=""background:rgba(255,255,255,.2);border:none;color:#fff;width:32px;height:32px;border-radius:8px;cursor:pointer;font-size:1rem"">",source-indexed; NOT individually click-certified
admin/dashboards/edu_dept.php,478,"<button onclick=""closeModal('subjectModal')"" style=""background:rgba(255,255,255,.2);border:none;color:#fff;width:32px;height:32px;border-radius:8px;cursor:pointer;font-size:1rem"">",source-indexed; NOT individually click-certified
admin/dashboards/edu_dept.php,479,"<form id=""subjectForm"" style=""padding:1.25rem"">",source-indexed; NOT individually click-certified
admin/dashboards/edu_dept.php,480,"<input type=""hidden"" id=""subjectFormId"">",source-indexed; NOT individually click-certified
admin/dashboards/edu_dept.php,482,"<input id=""subjectName"" class=""inp amharic"" required maxlength=""150"" placeholder=""e.g. ቅዱስ ቁርባን"" aria-describedby=""subjectNameCnt"">",source-indexed; NOT individually click-certified
admin/dashboards/edu_dept.php,483,"<input id=""subjectNameEn"" class=""inp"" maxlength=""150"" placeholder=""e.g. Holy Communion"" aria-describedby=""subjectNameEnCnt"">",source-indexed; NOT individually click-certified
admin/dashboards/edu_dept.php,484,"<textarea id=""subjectDesc"" class=""inp"" rows=""2"" maxlength=""2000"" aria-describedby=""subjectDescCnt"">",source-indexed; NOT individually click-certified
admin/dashboards/edu_dept.php,488,"<input type=""checkbox"" class=""subj-class-cb"" value=""<?= (int)$c['id'] ?>",source-indexed; NOT individually click-certified
admin/dashboards/edu_dept.php,494,"<button type=""button"" class=""btn btn-o"" onclick=""closeModal('subjectModal')"">",source-indexed; NOT individually click-certified
admin/dashboards/edu_dept.php,494,"<button type=""submit"" class=""btn btn-p"">",source-indexed; NOT individually click-certified
admin/dashboards/edu_dept.php,499,"<button onclick=""closeModal('classModal')"" style=""background:rgba(255,255,255,.2);border:none;color:#fff;width:32px;height:32px;border-radius:8px;cursor:pointer;font-size:1rem"">",source-indexed; NOT individually click-certified
admin/dashboards/edu_dept.php,501,"<input type=""hidden"" id=""classFormId"" value=""0"">",source-indexed; NOT individually click-certified
admin/dashboards/edu_dept.php,503,"<input id=""className"" class=""inp amharic"" required placeholder=""1ኛ ክፍል"">",source-indexed; NOT individually click-certified
admin/dashboards/edu_dept.php,504,"<input id=""classNameEn"" class=""inp"" placeholder=""Grade 1"">",source-indexed; NOT individually click-certified
admin/dashboards/edu_dept.php,505,"<input id=""classCode"" class=""inp"" placeholder=""grade_1"">",source-indexed; NOT individually click-certified
admin/dashboards/edu_dept.php,506,"<input type=""number"" id=""classLevel"" class=""inp"" value=""1"" min=""1"">",source-indexed; NOT individually click-certified
admin/dashboards/edu_dept.php,507,"<select id=""classSection"" class=""inp"">",source-indexed; NOT individually click-certified
admin/dashboards/edu_dept.php,508,"<select id=""classAge"" class=""inp"">",source-indexed; NOT individually click-certified
admin/dashboards/edu_dept.php,510,"<textarea id=""classDesc"" class=""inp"" rows=""2"">",source-indexed; NOT individually click-certified
admin/dashboards/edu_dept.php,511,"<button class=""btn btn-o"" onclick=""closeModal('classModal')"">",source-indexed; NOT individually click-certified
admin/dashboards/edu_dept.php,511,"<button class=""btn btn-p"" onclick=""saveClass()"">",source-indexed; NOT individually click-certified
admin/dashboards/edu_dept.php,516,"<button onclick=""closeModal('assessmentModal')"" style=""background:rgba(255,255,255,.2);border:none;color:#fff;width:32px;height:32px;border-radius:8px;cursor:pointer;font-size:1rem"">",source-indexed; NOT individually click-certified
admin/dashboards/edu_dept.php,518,"<input id=""asmtName"" class=""inp"" placeholder=""e.g. Midterm Exam"">",source-indexed; NOT individually click-certified
admin/dashboards/edu_dept.php,520,"<input type=""number"" id=""asmtMax"" class=""inp"" value=""100"">",source-indexed; NOT individually click-certified
admin/dashboards/edu_dept.php,521,"<input type=""number"" id=""asmtWeight"" class=""inp"" value=""100"">",source-indexed; NOT individually click-certified
admin/dashboards/edu_dept.php,524,"<select id=""asmtModalClass"" class=""inp"">",source-indexed; NOT individually click-certified
admin/dashboards/edu_dept.php,525,"<select id=""asmtModalSubject"" class=""inp"">",source-indexed; NOT individually click-certified
admin/dashboards/edu_dept.php,527,"<button class=""btn btn-p"" onclick=""saveAssessment()"">",source-indexed; NOT individually click-certified
admin/dashboards/edu_dept.php,532,"<button onclick=""closeModal('yearModal')"" style=""background:rgba(255,255,255,.2);border:none;color:#fff;width:32px;height:32px;border-radius:8px;cursor:pointer;font-size:1rem"">",source-indexed; NOT individually click-certified
admin/dashboards/edu_dept.php,534,"<input type=""hidden"" id=""yearFormId"" value=""0"">",source-indexed; NOT individually click-certified
admin/dashboards/edu_dept.php,536,"<input id=""yearName"" class=""inp amharic"" placeholder=""e.g. 2018 ዓ.ም."">",source-indexed; NOT individually click-certified
admin/dashboards/edu_dept.php,537,"<input type=""number"" id=""yearEc"" class=""inp"" value=""<?= (int)ethio_date_format($now, 'Y') ?>",source-indexed; NOT individually click-certified
admin/dashboards/edu_dept.php,539,"<input id=""yearGc"" class=""inp"" placeholder=""e.g. 2025/2026"">",source-indexed; NOT individually click-certified
admin/dashboards/edu_dept.php,541,"<input type=""date"" id=""yearStart"" class=""inp"">",source-indexed; NOT individually click-certified
admin/dashboards/edu_dept.php,542,"<input type=""date"" id=""yearEnd"" class=""inp"">",source-indexed; NOT individually click-certified
admin/dashboards/edu_dept.php,545,"<input type=""checkbox"" id=""yearCurrent"">",source-indexed; NOT individually click-certified
admin/dashboards/edu_dept.php,555,"<button class=""btn btn-p"" style=""width:100%;justify-content:center"" onclick=""saveYear()"">",source-indexed; NOT individually click-certified
admin/dashboards/edu_dept.php,560,"<button onclick=""closeModal('bulkEnrollModal')"" style=""background:rgba(255,255,255,.2);border:none;color:#fff;width:32px;height:32px;border-radius:8px;cursor:pointer;font-size:1rem"">",source-indexed; NOT individually click-certified
admin/dashboards/edu_dept.php,566,"<select id=""bulkClass"" class=""inp"">",source-indexed; NOT individually click-certified
admin/dashboards/edu_dept.php,568,"<input type=""text"" id=""bulkSearch"" class=""inp"" placeholder=""Name or member code…"" autocomplete=""off"" oninput=""debounceBulkSearch()"">",source-indexed; NOT individually click-certified
admin/dashboards/edu_dept.php,572,"<select id=""bulkFilter"" class=""inp"" onchange=""loadBulkCandidates()"">",source-indexed; NOT individually click-certified
admin/dashboards/edu_dept.php,575,"<input type=""checkbox"" id=""bulkSelectAll"" onchange=""toggleBulkAll()"">",source-indexed; NOT individually click-certified
admin/dashboards/edu_dept.php,580,"<button type=""button"" class=""btn btn-o"" onclick=""closeModal('bulkEnrollModal')"">",source-indexed; NOT individually click-certified
admin/dashboards/edu_dept.php,581,"<button type=""button"" class=""btn btn-p"" id=""bulkEnrollBtn"" onclick=""executeBulkEnroll()"">",source-indexed; NOT individually click-certified
admin/dashboards/edu_dept.php,587,"<button onclick=""closeModal('transferModal')"" style=""background:rgba(255,255,255,.2);border:none;color:#fff;width:32px;height:32px;border-radius:8px;cursor:pointer;font-size:1rem"">",source-indexed; NOT individually click-certified
admin/dashboards/edu_dept.php,589,"<input type=""hidden"" id=""transferEnrollmentId"">",source-indexed; NOT individually click-certified
admin/dashboards/edu_dept.php,591,"<select id=""transferToClass"" class=""inp"">",source-indexed; NOT individually click-certified
admin/dashboards/edu_dept.php,592,"<input id=""transferReason"" class=""inp"" placeholder=""e.g. Age advancement, parent request..."">",source-indexed; NOT individually click-certified
admin/dashboards/edu_dept.php,593,"<button class=""btn btn-p"" style=""width:100%;justify-content:center"" onclick=""executeTransfer()"">",source-indexed; NOT individually click-certified
admin/dashboards/edu_dept.php,601,"<button class=""wbws-bnav-btn active"" data-sec=""dashboard"">",source-indexed; NOT individually click-certified
admin/dashboards/edu_dept.php,602,"<button class=""wbws-bnav-btn"" data-sec=""teachers"">",source-indexed; NOT individually click-certified
admin/dashboards/edu_dept.php,603,"<button class=""wbws-bnav-btn"" data-sec=""classes"">",source-indexed; NOT individually click-certified
admin/dashboards/edu_dept.php,604,"<button class=""wbws-bnav-btn"" data-sec=""enrollment"">",source-indexed; NOT individually click-certified
admin/dashboards/edu_dept.php,606,"<button class=""wbws-bnav-btn"" data-sec=""subjects"">",source-indexed; NOT individually click-certified
admin/dashboards/edu_dept.php,607,"<button class=""wbws-bnav-btn"" data-sec=""grades"">",source-indexed; NOT individually click-certified
admin/dashboards/edu_dept.php,608,"<button class=""wbws-bnav-btn"" data-sec=""assessments"">",source-indexed; NOT individually click-certified
admin/dashboards/edu_dept.php,609,"<button class=""wbws-bnav-btn"" data-sec=""reportcards"">",source-indexed; NOT individually click-certified
admin/dashboards/edu_dept.php,611,"<button class=""wbws-bnav-btn"" data-sec=""settings"">",source-indexed; NOT individually click-certified
admin/dashboards/edu_dept.php,612,"<a href=""/admin/logout.php"" class=""wbws-bnav-btn bnav-exit"">",source-indexed; NOT individually click-certified
admin/dashboards/edu_dept.php,683,"<button type=""button"" class=""tx-close"" aria-label=""Close"">",source-indexed; NOT individually click-certified
admin/dashboards/edu_dept.php,757,"<button class=""ab"" style=""background:#ede9fe;color:#7c3aed"" onclick=""viewTeacher(${t.id})"" title=""View"">",source-indexed; NOT individually click-certified
admin/dashboards/edu_dept.php,758,"<button class=""ab"" style=""background:#dbeafe;color:#2563eb"" onclick=""editTeacher(${t.id})"" title=""Edit"">",source-indexed; NOT individually click-certified
admin/dashboards/edu_dept.php,759,"<button class=""ab"" style=""background:${t.is_active==1?'#fef3c7':'#d1fae5'};color:${t.is_active==1?'#92400e':'#065f46'}"" onclick=""toggleTeacher(${t.id},${t.is_active})"" title=""${t.is_active==1?'Deactivate':'Activate'}"">",source-indexed; NOT individually click-certified
admin/dashboards/edu_dept.php,760,"<button class=""ab"" style=""background:#fee2e2;color:#dc2626"" onclick=""deleteTeacher(${t.id},'${esc(t.full_name)}')"" title=""Delete"">",source-indexed; NOT individually click-certified
admin/dashboards/edu_dept.php,778,"<select class=""inp"" onchange=""setAsgRow(${i},'class_id',this.value)"">",source-indexed; NOT individually click-certified
admin/dashboards/edu_dept.php,779,"<select class=""inp"" onchange=""setAsgRow(${i},'subject_id',this.value)"">",source-indexed; NOT individually click-certified
admin/dashboards/edu_dept.php,780,"<button type=""button"" class=""ab"" style=""background:#fee2e2;color:#dc2626"" onclick=""removeAsgRow(${i})"" title=""Remove"">",source-indexed; NOT individually click-certified
admin/dashboards/edu_dept.php,798,"<button type=""button"" class=""hr-chip${on?' on':''}"" onclick=""toggleHomeroom(${c.id})"" title=""${holder?'Currently: '+esc(holder):'No Class Teacher yet'}"">",source-indexed; NOT individually click-certified
admin/dashboards/edu_dept.php,844,"<button type=""button"" class=""btn btn-o btn-xs"" onclick=""clearTeacherMember()"">",source-indexed; NOT individually click-certified
admin/dashboards/edu_dept.php,972,"<button class=""btn btn-o btn-xs"" onclick=""closeModal('viewTeacherModal');editTeacher(${t.id})"" style=""flex-shrink:0"">",source-indexed; NOT individually click-certified
admin/dashboards/edu_dept.php,990,"<button class=""btn btn-p btn-xs"" onclick=""closeModal('viewTeacherModal');editTeacher(${t.id})"">",source-indexed; NOT individually click-certified
admin/dashboards/edu_dept.php,1000,"<button class=""ab"" style=""background:#dbeafe;color:#2563eb"" onclick='editClass(${JSON.stringify(c)})'>",source-indexed; NOT individually click-certified
admin/dashboards/edu_dept.php,1000,"<button class=""ab"" style=""background:#fee2e2;color:#dc2626"" onclick=""deleteClass(${c.id})"">",source-indexed; NOT individually click-certified
admin/dashboards/edu_dept.php,1110,"<input type=""checkbox"" onchange=""document.querySelectorAll('.roster-cb').forEach(c=>",source-indexed; NOT individually click-certified
admin/dashboards/edu_dept.php,1113,"<input type=""checkbox"" class=""roster-cb"" value=""${x.id}"">",source-indexed; NOT individually click-certified
admin/dashboards/edu_dept.php,1122,"<button class=""btn btn-o btn-xs"" ${_rosterPage<=1?'disabled':''} onclick=""loadRoster(${_rosterPage-1})"">",source-indexed; NOT individually click-certified
admin/dashboards/edu_dept.php,1123,"<button class=""btn btn-o btn-xs"" ${_rosterPage>",source-indexed; NOT individually click-certified
admin/dashboards/edu_dept.php,1229,"<button class=""btn btn-p btn-xs"" type=""button"" onclick=""loadEnrolled()"">",source-indexed; NOT individually click-certified
admin/dashboards/edu_dept.php,1250,"<input autocomplete=""off"" type=""text"" id=""enrollFilterSearch"" class=""inp"" style=""max-width:140px;padding:.35rem .6rem;font-size:.75rem"" placeholder=""Filter..."" value=""${esc(search)}"" oninput=""loadEnrolled()"">",source-indexed; NOT individually click-certified
admin/dashboards/edu_dept.php,1251,"<select id=""enrollFilterGender"" class=""inp"" style=""max-width:85px;padding:.35rem .5rem;font-size:.75rem"" onchange=""loadEnrolled()"">",source-indexed; NOT individually click-certified
admin/dashboards/edu_dept.php,1252,"<select id=""enrollFilterMType"" class=""inp"" style=""max-width:110px;padding:.35rem .5rem;font-size:.75rem"" onchange=""loadEnrolled()"">",source-indexed; NOT individually click-certified
admin/dashboards/edu_dept.php,1253,"<select id=""enrollFilterSort"" class=""inp"" style=""max-width:100px;padding:.35rem .5rem;font-size:.75rem"" onchange=""loadEnrolled()"">",source-indexed; NOT individually click-certified
admin/dashboards/edu_dept.php,1254,"<button class=""btn btn-o btn-xs"" onclick=""exportEnrolled()"">",source-indexed; NOT individually click-certified
admin/dashboards/edu_dept.php,1267,"<button class=""ab"" style=""background:#dbeafe;color:#2563eb"" onclick=""openTransfer(${x.enrollment_id},'${esc(x.student_name)} ${esc(x.father_name)}','${esc(x.member_code||'')}')"" title=""Transfer"">",source-indexed; NOT individually click-certified
admin/dashboards/edu_dept.php,1268,"<button class=""ab"" style=""background:#fee2e2;color:#dc2626"" onclick=""unenroll(${x.enrollment_id})"" title=""Remove"">",source-indexed; NOT individually click-certified
admin/dashboards/edu_dept.php,1274,"<button class=""btn btn-p btn-xs"" type=""button"" onclick=""loadEnrolled()"">",source-indexed; NOT individually click-certified
admin/dashboards/edu_dept.php,1327,"<button class=""btn btn-o btn-xs"" onclick=""clearBulkSelection()"">",source-indexed; NOT individually click-certified
admin/dashboards/edu_dept.php,1335,"<input type=""checkbox"" ${allOnPage?'checked':''} onchange=""toggleBulkPage(this.checked)"">",source-indexed; NOT individually click-certified
admin/dashboards/edu_dept.php,1336,"<input type=""checkbox"" class=""unassigned-cb"" value=""${x.id}"" ${_bulkSelected.has(parseInt(x.id,10))?'checked':''} onchange=""unassignedToggle(this)"">",source-indexed; NOT individually click-certified
admin/dashboards/edu_dept.php,1351,"<select class=""inp"" style=""width:auto;padding:.15rem .4rem;font-size:.7rem"" onchange=""_unassignedLimit=parseInt(this.value,10)||50;loadUnassigned(1)"">",source-indexed; NOT individually click-certified
admin/dashboards/edu_dept.php,1362,"<button class=""btn ${active?'btn-s':'btn-o'} btn-xs"" ${dis?'disabled':''} onclick=""${fnName}(${target})"">",source-indexed; NOT individually click-certified
admin/dashboards/edu_dept.php,1432,"<input type=""checkbox"" class=""bulk-cb"" value=""${x.id}"" ${_bulkModalSelected.has(parseInt(x.id,10))?'checked':''} onchange=""bulkModalToggle(this)"">",source-indexed; NOT individually click-certified
admin/dashboards/edu_dept.php,1523,"<input type=""number"" class=""inp grade-input"" data-mid=""${s.member_id||s.id}"" data-rid=""${s.record_id||''}"" style=""width:80px"" min=""0"" max=""${mx}"" value=""${s.score==null?'':s.score}"">",source-indexed; NOT individually click-certified
admin/dashboards/edu_dept.php,1523,"<input type=""text"" class=""inp grade-remark"" data-mid=""${s.member_id||s.id}"" style=""width:120px"" value=""${esc(s.remark||'')}"">",source-indexed; NOT individually click-certified
admin/dashboards/edu_dept.php,1523,"<button class=""btn btn-p"" onclick=""saveAllGrades(${aid})"">",source-indexed; NOT individually click-certified
admin/dashboards/edu_dept.php,1530,"<button class=""ab"" style=""background:#fee2e2;color:#dc2626"" onclick=""deleteAssessment(${x.id})"">",source-indexed; NOT individually click-certified
admin/dashboards/edu_dept.php,1537,"<button class=""ab"" style=""background:#ede9fe;color:#7c3aed"" onclick=""viewYearTermsById(${x.id})"" title=""View Semesters"">",source-indexed; NOT individually click-certified
admin/dashboards/edu_dept.php,1615,"<button onclick=""document.getElementById('termModal').remove()"" style=""background:rgba(255,255,255,.2);border:none;color:#fff;width:32px;height:32px;border-radius:8px;cursor:pointer;font-size:1rem"">",source-indexed; NOT individually click-certified
admin/dashboards/edu_dept.php,1619,"<input id=""termName"" class=""inp amharic"" value=""${isEdit?esc(term.term_name):''}"" placeholder=""e.g. 1ኛ ሴሚስተር"">",source-indexed; NOT individually click-certified
admin/dashboards/edu_dept.php,1620,"<input type=""number"" id=""termNumber"" class=""inp"" value=""${isEdit?term.term_number:'1'}"" min=""1"" max=""4"">",source-indexed; NOT individually click-certified
admin/dashboards/edu_dept.php,1623,"<input type=""date"" id=""termStart"" class=""inp"" value=""${isEdit&&term.start_date?term.start_date:''}"">",source-indexed; NOT individually click-certified
admin/dashboards/edu_dept.php,1624,"<input type=""date"" id=""termEnd"" class=""inp"" value=""${isEdit&&term.end_date?term.end_date:''}"">",source-indexed; NOT individually click-certified
admin/dashboards/edu_dept.php,1627,"<button class=""btn btn-p"" style=""width:100%;justify-content:center"" onclick=""doSaveTerm(${yearId},${isEdit?term.id:0})"">",source-indexed; NOT individually click-certified
admin/dashboards/edu_dept.php,1696,"<button class=""btn btn-p btn-xs"" type=""button"" onclick=""loadSubmissions()"">",source-indexed; NOT individually click-certified
admin/dashboards/edu_dept.php,1731,"<button class=""ab"" style=""background:#ede9fe;color:#7c3aed"" onclick=""reviewSubmission(${s.id})"" title=""Open"">",source-indexed; NOT individually click-certified
admin/dashboards/edu_dept.php,1733,"<button class=""ab"" style=""background:#d1fae5;color:#065f46"" onclick=""quickReview(${s.id},'approved')"" title=""Approve"">",source-indexed; NOT individually click-certified
admin/dashboards/edu_dept.php,1734,"<button class=""ab"" style=""background:#fee2e2;color:#991b1b"" onclick=""quickReview(${s.id},'rejected')"" title=""Reject"">",source-indexed; NOT individually click-certified
admin/dashboards/edu_dept.php,1739,"<button class=""btn btn-p btn-xs"" type=""button"" onclick=""loadSubmissions()"">",source-indexed; NOT individually click-certified
admin/dashboards/edu_dept.php,1814,"<button class=""btn btn-o btn-xs"" type=""button"" onclick=""exportSubmissions()"">",source-indexed; NOT individually click-certified
admin/dashboards/edu_dept.php,1840,"<input autocomplete=""off"" id=""reviewSearch"" class=""inp"" style=""max-width:180px;padding:.35rem .6rem;font-size:.75rem"" placeholder=""Search name or code…"" oninput=""renderReviewRows()"">",source-indexed; NOT individually click-certified
admin/dashboards/edu_dept.php,1841,"<select id=""reviewFilter"" class=""inp"" style=""max-width:130px;padding:.35rem .5rem;font-size:.75rem"" onchange=""renderReviewRows()"">",source-indexed; NOT individually click-certified
admin/dashboards/edu_dept.php,1842,"<select id=""reviewSort"" class=""inp"" style=""max-width:130px;padding:.35rem .5rem;font-size:.75rem"" onchange=""renderReviewRows()"">",source-indexed; NOT individually click-certified
admin/dashboards/edu_dept.php,1849,"<textarea id=""reviewNotes"" class=""inp"" rows=""2"" placeholder=""Required for Needs Revision / Reject: tell the teacher exactly what to fix."">",source-indexed; NOT individually click-certified
admin/dashboards/edu_dept.php,1851,"<button class=""btn btn-d"" onclick=""doReview(${s.id},'rejected')"">",source-indexed; NOT individually click-certified
admin/dashboards/edu_dept.php,1852,"<button class=""btn btn-w"" onclick=""doReview(${s.id},'revision_needed')"">",source-indexed; NOT individually click-certified
admin/dashboards/edu_dept.php,1853,"<button class=""btn btn-s"" onclick=""doReview(${s.id},'approved')"">",source-indexed; NOT individually click-certified
admin/dashboards/edu_dept.php,2058,"<button class=""btn btn-o btn-xs"" type=""button"" onclick=""viewStudentReport(${s.id})"">",source-indexed; NOT individually click-certified
admin/dashboards/finance_department.php,82,"<button class=""np active"" data-section=""dashboard"">",source-indexed; NOT individually click-certified
admin/dashboards/finance_department.php,83,"<button class=""np"" data-section=""income"">",source-indexed; NOT individually click-certified
admin/dashboards/finance_department.php,84,"<button class=""np"" data-section=""expense"">",source-indexed; NOT individually click-certified
admin/dashboards/finance_department.php,85,"<button class=""np"" data-section=""fees"">",source-indexed; NOT individually click-certified
admin/dashboards/finance_department.php,86,"<button class=""np"" data-section=""categories"">",source-indexed; NOT individually click-certified
admin/dashboards/finance_department.php,87,"<button class=""np"" data-section=""reports"">",source-indexed; NOT individually click-certified
admin/dashboards/finance_department.php,90,"<a href=""/admin/logout.php"" class=""np"" style=""color:var(--bd)"">",source-indexed; NOT individually click-certified
admin/dashboards/finance_department.php,95,"<a href=""/admin/dashboard.php"" class=""mob-back"">",source-indexed; NOT individually click-certified
admin/dashboards/finance_department.php,108,"<button class=""btn bo bs"" onclick=""nav('income');openAddTxn('income')"">",source-indexed; NOT individually click-certified
admin/dashboards/finance_department.php,108,"<button class=""btn bo bs"" onclick=""nav('expense');openAddTxn('expense')"">",source-indexed; NOT individually click-certified
admin/dashboards/finance_department.php,121,"<button class=""btn bp bs"" onclick=""openAddTxn('income')"">",source-indexed; NOT individually click-certified
admin/dashboards/finance_department.php,121,"<button class=""btn bo bs"" onclick=""exportTxns('income')"">",source-indexed; NOT individually click-certified
admin/dashboards/finance_department.php,126,"<button class=""btn bp bs"" onclick=""openAddTxn('expense')"">",source-indexed; NOT individually click-certified
admin/dashboards/finance_department.php,126,"<button class=""btn bo bs"" onclick=""exportTxns('expense')"">",source-indexed; NOT individually click-certified
admin/dashboards/finance_department.php,131,"<button class=""btn bp bs"" onclick=""openFeeModal()"">",source-indexed; NOT individually click-certified
admin/dashboards/finance_department.php,132,"<select id=""feeStatus"" class=""inp"" style=""width:100%"" onchange=""loadFees()"">",source-indexed; NOT individually click-certified
admin/dashboards/finance_department.php,132,"<input type=""number"" id=""feeYear"" class=""inp"" style=""width:100%"" value=""<?= $ecYear ?>",source-indexed; NOT individually click-certified
admin/dashboards/finance_department.php,137,"<button class=""btn bp bs"" onclick=""openCatModal()"">",source-indexed; NOT individually click-certified
admin/dashboards/finance_department.php,143,"<input autocomplete=""off"" type=""date"" id=""rptFrom"" class=""inp"" style=""width:100%"">",source-indexed; NOT individually click-certified
admin/dashboards/finance_department.php,143,"<input type=""date"" id=""rptTo"" class=""inp"" style=""width:100%"">",source-indexed; NOT individually click-certified
admin/dashboards/finance_department.php,143,"<button class=""btn bp bs"" onclick=""loadReport()"">",source-indexed; NOT individually click-certified
admin/dashboards/finance_department.php,143,"<button class=""btn bo bs"" onclick=""exportReport()"">",source-indexed; NOT individually click-certified
admin/dashboards/finance_department.php,151,"<button onclick=""closeModal('txnModal')"" style=""background:none;border:none;color:var(--dm);font-size:1.25rem;cursor:pointer"">",source-indexed; NOT individually click-certified
admin/dashboards/finance_department.php,153,"<input type=""hidden"" id=""txnType"" value=""income"">",source-indexed; NOT individually click-certified
admin/dashboards/finance_department.php,154,"<select id=""txnCat"" class=""inp"" style=""width:100%"">",source-indexed; NOT individually click-certified
admin/dashboards/finance_department.php,155,"<input type=""number"" id=""txnAmt"" class=""inp"" style=""width:100%"" step=""0.01"" min=""0"">",source-indexed; NOT individually click-certified
admin/dashboards/finance_department.php,156,"<input id=""txnDesc"" class=""inp"" style=""width:100%"">",source-indexed; NOT individually click-certified
admin/dashboards/finance_department.php,157,"<input type=""date"" id=""txnDate"" class=""inp"" style=""width:100%"">",source-indexed; NOT individually click-certified
admin/dashboards/finance_department.php,158,"<select id=""txnMethod"" class=""inp"" style=""width:100%"">",source-indexed; NOT individually click-certified
admin/dashboards/finance_department.php,158,"<input id=""txnReceipt"" class=""inp"" style=""width:100%"">",source-indexed; NOT individually click-certified
admin/dashboards/finance_department.php,159,"<input id=""txnMemberSearch"" class=""inp"" style=""width:100%"" type=""search"" autocomplete=""off"" placeholder=""Search name, phone, or member code"" data-member-picker-target=""txnMember"">",source-indexed; NOT individually click-certified
admin/dashboards/finance_department.php,159,"<select id=""txnMember"" class=""inp"" style=""width:100%"" data-optional=""true"">",source-indexed; NOT individually click-certified
admin/dashboards/finance_department.php,160,"<button class=""btn bp"" onclick=""saveTxn()"">",source-indexed; NOT individually click-certified
admin/dashboards/finance_department.php,164,"<button onclick=""closeModal('feeModal')"" style=""background:none;border:none;color:var(--dm);font-size:1.25rem;cursor:pointer"">",source-indexed; NOT individually click-certified
admin/dashboards/finance_department.php,166,"<input id=""feeMemberSearch"" class=""inp"" style=""width:100%"" type=""search"" autocomplete=""off"" placeholder=""Search name, phone, or member code"" data-member-picker-target=""feeMember"">",source-indexed; NOT individually click-certified
admin/dashboards/finance_department.php,166,"<select id=""feeMember"" class=""inp"" style=""width:100%"">",source-indexed; NOT individually click-certified
admin/dashboards/finance_department.php,167,"<input type=""number"" id=""feeAmt"" class=""inp"" style=""width:100%"" step=""0.01"" min=""0"">",source-indexed; NOT individually click-certified
admin/dashboards/finance_department.php,167,"<select id=""feeType"" class=""inp"" style=""width:100%"">",source-indexed; NOT individually click-certified
admin/dashboards/finance_department.php,168,"<input type=""number"" id=""feeMonth"" class=""inp"" style=""width:100%"" min=""1"" max=""13"">",source-indexed; NOT individually click-certified
admin/dashboards/finance_department.php,168,"<input type=""number"" id=""feeEcYear"" class=""inp"" style=""width:100%"" value=""<?= $ecYear ?>",source-indexed; NOT individually click-certified
admin/dashboards/finance_department.php,169,"<select id=""feePayStatus"" class=""inp"" style=""width:100%"">",source-indexed; NOT individually click-certified
admin/dashboards/finance_department.php,170,"<button class=""btn bp"" onclick=""saveFee()"">",source-indexed; NOT individually click-certified
admin/dashboards/finance_department.php,174,"<button onclick=""closeModal('catModal')"" style=""background:none;border:none;color:var(--dm);font-size:1.25rem;cursor:pointer"">",source-indexed; NOT individually click-certified
admin/dashboards/finance_department.php,176,"<input id=""catName"" class=""inp"" style=""width:100%"">",source-indexed; NOT individually click-certified
admin/dashboards/finance_department.php,177,"<select id=""catType"" class=""inp"" style=""width:100%"">",source-indexed; NOT individually click-certified
admin/dashboards/finance_department.php,178,"<input id=""catDesc"" class=""inp"" style=""width:100%"">",source-indexed; NOT individually click-certified
admin/dashboards/finance_department.php,179,"<button class=""btn bp"" onclick=""saveCat()"">",source-indexed; NOT individually click-certified
admin/dashboards/finance_department.php,186,"<button class=""wbws-bnav-btn active"" data-section=""dashboard"">",source-indexed; NOT individually click-certified
admin/dashboards/finance_department.php,187,"<button class=""wbws-bnav-btn"" data-section=""income"">",source-indexed; NOT individually click-certified
admin/dashboards/finance_department.php,188,"<button class=""wbws-bnav-btn"" data-section=""expense"">",source-indexed; NOT individually click-certified
admin/dashboards/finance_department.php,189,"<button class=""wbws-bnav-btn"" data-section=""fees"">",source-indexed; NOT individually click-certified
admin/dashboards/finance_department.php,191,"<button class=""wbws-bnav-btn"" data-section=""categories"">",source-indexed; NOT individually click-certified
admin/dashboards/finance_department.php,192,"<button class=""wbws-bnav-btn"" data-section=""reports"">",source-indexed; NOT individually click-certified
admin/dashboards/finance_department.php,194,"<a href=""/admin/logout.php"" class=""wbws-bnav-btn bnav-exit"">",source-indexed; NOT individually click-certified
admin/dashboards/finance_department.php,215,"<button class=""btn bo bs"" onclick=""deleteTxn(${t.id},'${type}')"" title=""Delete"">",source-indexed; NOT individually click-certified
admin/dashboards/groups.php,140,"<a href=""info-dept.php"" class=""nav-link"">",source-indexed; NOT individually click-certified
admin/dashboards/groups.php,141,"<button class=""nav-link active"" onclick=""showTab('list')"">",source-indexed; NOT individually click-certified
admin/dashboards/groups.php,142,"<button class=""nav-link"" onclick=""openGroupModal()"">",source-indexed; NOT individually click-certified
admin/dashboards/groups.php,159,"<button class=""btn btn-primary"" onclick=""openGroupModal()"">",source-indexed; NOT individually click-certified
admin/dashboards/groups.php,165,"<a href=""/admin/dashboard.php"" class=""mob-back"">",source-indexed; NOT individually click-certified
admin/dashboards/groups.php,211,"<button class=""tab-btn active"" onclick=""filterGroups('all')"">",source-indexed; NOT individually click-certified
admin/dashboards/groups.php,212,"<button class=""tab-btn"" onclick=""filterGroups('ss')"">",source-indexed; NOT individually click-certified
admin/dashboards/groups.php,213,"<button class=""tab-btn"" onclick=""filterGroups('parish')"">",source-indexed; NOT individually click-certified
admin/dashboards/groups.php,251,"<button class=""action-btn"" onclick=""viewGroup(<?= $g['id'] ?>",source-indexed; NOT individually click-certified
admin/dashboards/groups.php,252,"<button class=""action-btn"" onclick=""editGroup(<?= $g['id'] ?>",source-indexed; NOT individually click-certified
admin/dashboards/groups.php,253,"<button class=""action-btn danger"" onclick=""deleteGroup(<?= $g['id'] ?>",source-indexed; NOT individually click-certified
admin/dashboards/groups.php,269,"<button onclick=""closeGroupModal()"" class=""action-btn"">",source-indexed; NOT individually click-certified
admin/dashboards/groups.php,271,"<form id=""groupForm"" onsubmit=""saveGroup(event)"">",source-indexed; NOT individually click-certified
admin/dashboards/groups.php,273,"<input type=""hidden"" name=""id"" id=""groupId"">",source-indexed; NOT individually click-certified
admin/dashboards/groups.php,276,"<input type=""text"" name=""group_name"" id=""groupName"" class=""form-input"" required placeholder=""e.g. ቅዱስ ሚካኤል ማህበር"">",source-indexed; NOT individually click-certified
admin/dashboards/groups.php,281,"<input type=""text"" name=""established_year"" id=""establishedYear"" class=""form-input"" placeholder=""e.g. 2010"">",source-indexed; NOT individually click-certified
admin/dashboards/groups.php,286,"<input type=""checkbox"" name=""is_under_sunday_school"" id=""underSS"" checked class=""w-4 h-4 text-emerald-600"">",source-indexed; NOT individually click-certified
admin/dashboards/groups.php,296,"<input type=""number"" name=""founding_male"" id=""foundingMale"" class=""form-input"" value=""0"" min=""0"">",source-indexed; NOT individually click-certified
admin/dashboards/groups.php,300,"<input type=""number"" name=""founding_female"" id=""foundingFemale"" class=""form-input"" value=""0"" min=""0"">",source-indexed; NOT individually click-certified
admin/dashboards/groups.php,309,"<input type=""number"" name=""current_male"" id=""currentMale"" class=""form-input"" value=""0"" min=""0"">",source-indexed; NOT individually click-certified
admin/dashboards/groups.php,313,"<input type=""number"" name=""current_female"" id=""currentFemale"" class=""form-input"" value=""0"" min=""0"">",source-indexed; NOT individually click-certified
admin/dashboards/groups.php,319,"<textarea name=""notes"" id=""groupNotes"" class=""form-input"" rows=""2"" placeholder=""Additional notes..."">",source-indexed; NOT individually click-certified
admin/dashboards/groups.php,323,"<button type=""button"" onclick=""closeGroupModal()"" class=""btn btn-outline"">",source-indexed; NOT individually click-certified
admin/dashboards/groups.php,324,"<button type=""submit"" class=""btn btn-primary"">",source-indexed; NOT individually click-certified
admin/dashboards/groups.php,335,"<button onclick=""closeViewGroupModal()"" class=""action-btn"">",source-indexed; NOT individually click-certified
admin/dashboards/groups.php,348,"<button onclick=""closeLeaderModal()"" class=""action-btn"">",source-indexed; NOT individually click-certified
admin/dashboards/groups.php,350,"<form id=""leaderForm"" onsubmit=""saveLeader(event)"">",source-indexed; NOT individually click-certified
admin/dashboards/groups.php,352,"<input type=""hidden"" name=""id"" id=""leaderId"">",source-indexed; NOT individually click-certified
admin/dashboards/groups.php,353,"<input type=""hidden"" name=""group_id"" id=""leaderGroupId"">",source-indexed; NOT individually click-certified
admin/dashboards/groups.php,356,"<input type=""text"" name=""leader_full_name"" id=""leaderName"" class=""form-input"" required>",source-indexed; NOT individually click-certified
admin/dashboards/groups.php,361,"<select name=""sex"" id=""leaderSex"" class=""form-select"">",source-indexed; NOT individually click-certified
admin/dashboards/groups.php,368,"<input type=""text"" name=""phone"" id=""leaderPhone"" class=""form-input"">",source-indexed; NOT individually click-certified
admin/dashboards/groups.php,374,"<select name=""education_level"" id=""leaderEducation"" class=""form-select"">",source-indexed; NOT individually click-certified
admin/dashboards/groups.php,386,"<input type=""text"" name=""responsibility"" id=""leaderResponsibility"" class=""form-input"" required placeholder=""e.g. Chair, Secretary"">",source-indexed; NOT individually click-certified
admin/dashboards/groups.php,391,"<input type=""text"" name=""remark"" id=""leaderRemark"" class=""form-input"">",source-indexed; NOT individually click-certified
admin/dashboards/groups.php,395,"<button type=""button"" onclick=""closeLeaderModal()"" class=""btn btn-outline"">",source-indexed; NOT individually click-certified
admin/dashboards/groups.php,396,"<button type=""submit"" class=""btn btn-primary"">",source-indexed; NOT individually click-certified
admin/dashboards/groups.php,407,"<button onclick=""closeMemberModal()"" class=""action-btn"">",source-indexed; NOT individually click-certified
admin/dashboards/groups.php,409,"<form id=""memberForm"" onsubmit=""saveMember(event)"">",source-indexed; NOT individually click-certified
admin/dashboards/groups.php,411,"<input type=""hidden"" name=""id"" id=""memberId"">",source-indexed; NOT individually click-certified
admin/dashboards/groups.php,412,"<input type=""hidden"" name=""group_id"" id=""memberGroupId"">",source-indexed; NOT individually click-certified
admin/dashboards/groups.php,416,"<input type=""text"" name=""full_name"" id=""memberName"" class=""form-input"" required>",source-indexed; NOT individually click-certified
admin/dashboards/groups.php,420,"<input type=""text"" name=""baptismal_name"" id=""memberBaptismal"" class=""form-input"">",source-indexed; NOT individually click-certified
admin/dashboards/groups.php,426,"<select name=""gender"" id=""memberGender"" class=""form-select"">",source-indexed; NOT individually click-certified
admin/dashboards/groups.php,433,"<input type=""text"" name=""phone"" id=""memberPhone"" class=""form-input"">",source-indexed; NOT individually click-certified
admin/dashboards/groups.php,439,"<input type=""text"" name=""city"" id=""memberCity"" class=""form-input"">",source-indexed; NOT individually click-certified
admin/dashboards/groups.php,443,"<input type=""text"" name=""sub_city"" id=""memberSubCity"" class=""form-input"">",source-indexed; NOT individually click-certified
admin/dashboards/groups.php,449,"<input type=""text"" name=""woreda"" id=""memberWoreda"" class=""form-input"">",source-indexed; NOT individually click-certified
admin/dashboards/groups.php,453,"<input type=""text"" name=""house_number"" id=""memberHouse"" class=""form-input"">",source-indexed; NOT individually click-certified
admin/dashboards/groups.php,459,"<select name=""education_level"" id=""memberEducation"" class=""form-select"">",source-indexed; NOT individually click-certified
admin/dashboards/groups.php,470,"<input type=""text"" name=""notes"" id=""memberNotes"" class=""form-input"">",source-indexed; NOT individually click-certified
admin/dashboards/groups.php,475,"<button type=""button"" onclick=""closeMemberModal()"" class=""btn btn-outline"">",source-indexed; NOT individually click-certified
admin/dashboards/groups.php,476,"<button type=""submit"" class=""btn btn-primary"">",source-indexed; NOT individually click-certified
admin/dashboards/groups.php,575,"<button onclick=""openLeaderModal(${id})"" class=""btn btn-sm btn-primary"">",source-indexed; NOT individually click-certified
admin/dashboards/groups.php,586,"<button class=""action-btn danger"" onclick=""deleteLeader(${l.id})"">",source-indexed; NOT individually click-certified
admin/dashboards/groups.php,595,"<button onclick=""openMemberModal(${id})"" class=""btn btn-sm btn-primary"">",source-indexed; NOT individually click-certified
admin/dashboards/groups.php,607,"<button class=""action-btn danger"" onclick=""deleteMember(${m.id})"">",source-indexed; NOT individually click-certified
admin/dashboards/hr-dept.php,611,"<a href=""#"" data-section=""dashboard"" class=""mobile-touch-target flex items-center gap-3 px-3 py-2 rounded-xl bg-white/10 hover:bg-white/20 transition"">",source-indexed; NOT individually click-certified
admin/dashboards/hr-dept.php,619,"<a href=""#"" data-section=""members"" class=""mobile-touch-target flex items-center gap-3 px-3 py-2 rounded-xl bg-white/10 hover:bg-white/20 transition"">",source-indexed; NOT individually click-certified
admin/dashboards/hr-dept.php,627,"<button data-section=""manage"" class=""mobile-touch-target flex items-center gap-3 px-3 py-2 rounded-xl bg-white/10 hover:bg-white/20 transition"">",source-indexed; NOT individually click-certified
admin/dashboards/hr-dept.php,635,"<button data-section=""archive"" class=""mobile-touch-target flex items-center gap-3 px-3 py-2 rounded-xl bg-white/10 hover:bg-white/20 transition"">",source-indexed; NOT individually click-certified
admin/dashboards/hr-dept.php,643,"<button data-section=""idcards"" class=""mobile-touch-target flex items-center gap-3 px-3 py-2 rounded-xl bg-white/10 hover:bg-white/20 transition"">",source-indexed; NOT individually click-certified
admin/dashboards/hr-dept.php,651,"<a href=""/admin/groups.php"" class=""mobile-touch-target flex items-center gap-3 px-3 py-2 rounded-xl bg-white/10 hover:bg-white/20 transition"">",source-indexed; NOT individually click-certified
admin/dashboards/hr-dept.php,662,"<button data-section=""submissions"" class=""mobile-touch-target flex items-center gap-3 px-3 py-2 rounded-xl bg-white/10 hover:bg-white/20 transition"">",source-indexed; NOT individually click-certified
admin/dashboards/hr-dept.php,670,"<button type=""button"" onclick=""return openDataSyncModal();"" class=""mobile-touch-target flex items-center gap-3 px-3 py-2 rounded-xl bg-white/10 hover:bg-white/20 transition"">",source-indexed; NOT individually click-certified
admin/dashboards/hr-dept.php,678,"<button data-section=""reports"" class=""mobile-touch-target flex items-center gap-3 px-3 py-2 rounded-xl bg-white/10 hover:bg-white/20 transition"">",source-indexed; NOT individually click-certified
admin/dashboards/hr-dept.php,686,"<button data-section=""settings"" class=""mobile-touch-target flex items-center gap-3 px-3 py-2 rounded-xl bg-white/10 hover:bg-white/20 transition"">",source-indexed; NOT individually click-certified
admin/dashboards/hr-dept.php,694,"<button data-section=""attakers"" class=""mobile-touch-target flex items-center gap-3 px-3 py-2 rounded-xl bg-white/10 hover:bg-white/20 transition"">",source-indexed; NOT individually click-certified
admin/dashboards/hr-dept.php,714,"<a href=""/admin/logout.php"" class=""w-full flex items-center justify-center gap-2 px-3 py-2 rounded-xl bg-red-500/95 text-white text-xs font-semibold shadow hover:bg-red-600 transition"">",source-indexed; NOT individually click-certified
admin/dashboards/hr-dept.php,743,"<button class=""md:hidden w-9 h-9 rounded-full bg-white/10 flex items-center justify-center"">",source-indexed; NOT individually click-certified
admin/dashboards/hr-dept.php,1012,"<button class=""hidden sm:inline-flex items-center gap-1 text-[11px] text-emerald-700 hover:text-emerald-900"">",source-indexed; NOT individually click-certified
admin/dashboards/hr-dept.php,1072,"<button type=""button"" id=""btnDataSync"" onclick=""return openDataSyncModal();"" class=""mobile-touch-target inline-flex items-center justify-center gap-2 px-3 py-2 rounded-xl text-blue-600 text-xs sm:text-sm font-semibold transition-all hover:bg-white hover:shadow-sm"">",source-indexed; NOT individually click-certified
admin/dashboards/hr-dept.php,1094,"<input autocomplete=""off"" id=""memberSearchInput"" type=""text"" class=""pl-9 pr-3 py-2 rounded-xl border border-slate-200 text-xs bg-white focus:outline-none focus:ring-2 focus:ring-emerald-500 focus:border-emerald-500 w-full"" placeholder=""Search any field (name, code, phone, profession, education, city...)"">",source-indexed; NOT individually click-certified
admin/dashboards/hr-dept.php,1102,"<select id=""filterRegistrationType"" class=""text-xs border border-slate-200 rounded-xl px-2 py-2 bg-white focus:outline-none focus:ring-1 focus:ring-emerald-500"">",source-indexed; NOT individually click-certified
admin/dashboards/hr-dept.php,1110,"<select id=""filterMemberType"" class=""text-xs border border-slate-200 rounded-xl px-2 py-2 bg-white focus:outline-none focus:ring-1 focus:ring-emerald-500"">",source-indexed; NOT individually click-certified
admin/dashboards/hr-dept.php,1118,"<select id=""filterStatus"" class=""text-xs border border-slate-200 rounded-xl px-2 py-2 bg-white focus:outline-none focus:ring-1 focus:ring-emerald-500"">",source-indexed; NOT individually click-certified
admin/dashboards/hr-dept.php,1127,"<select id=""filterGender"" class=""text-xs border border-slate-200 rounded-xl px-2 py-2 bg-white focus:outline-none focus:ring-1 focus:ring-emerald-500"">",source-indexed; NOT individually click-certified
admin/dashboards/hr-dept.php,1134,"<select id=""filterAgeGroup"" class=""text-xs border border-slate-200 rounded-xl px-2 py-2 bg-white focus:outline-none focus:ring-1 focus:ring-emerald-500"">",source-indexed; NOT individually click-certified
admin/dashboards/hr-dept.php,1196,"<input type=""text"" id=""manageSearchInput"" autocomplete=""off"" placeholder=""Search anything: names, phone, address, guardian, profession, ID..."" class=""w-full pl-9 pr-3 py-2 rounded-xl border border-slate-200 text-xs focus:ring-indigo-200 focus:border-indigo-400"">",source-indexed; NOT individually click-certified
admin/dashboards/hr-dept.php,1199,"<select id=""manageFilterType"" class=""w-full px-3 py-2 rounded-xl border border-slate-200 text-xs"">",source-indexed; NOT individually click-certified
admin/dashboards/hr-dept.php,1205,"<select id=""manageFilterStatus"" class=""w-full px-3 py-2 rounded-xl border border-slate-200 text-xs"">",source-indexed; NOT individually click-certified
admin/dashboards/hr-dept.php,1212,"<select id=""manageFilterMemberType"" class=""w-full px-3 py-2 rounded-xl border border-slate-200 text-xs"">",source-indexed; NOT individually click-certified
admin/dashboards/hr-dept.php,1220,"<select id=""manageFilterGender"" class=""w-full px-3 py-2 rounded-xl border border-slate-200 text-xs"">",source-indexed; NOT individually click-certified
admin/dashboards/hr-dept.php,1225,"<select id=""manageFilterCity"" class=""w-full px-3 py-2 rounded-xl border border-slate-200 text-xs"">",source-indexed; NOT individually click-certified
admin/dashboards/hr-dept.php,1230,"<select id=""manageFilterAgeGroup"" class=""w-full px-3 py-2 rounded-xl border border-slate-200 text-xs"">",source-indexed; NOT individually click-certified
admin/dashboards/hr-dept.php,1236,"<select id=""manageFilterEducation"" class=""w-full px-3 py-2 rounded-xl border border-slate-200 text-xs"">",source-indexed; NOT individually click-certified
admin/dashboards/hr-dept.php,1249,"<button type=""button"" onclick=""resetManageFilters()"" class=""px-4 py-2 rounded-xl border border-slate-200 text-xs font-semibold text-slate-600 bg-white hover:bg-slate-50"">",source-indexed; NOT individually click-certified
admin/dashboards/hr-dept.php,1250,"<button onclick=""applyManageFilters()"" class=""px-4 py-2 rounded-xl bg-indigo-600 text-white text-xs font-bold hover:bg-indigo-700"">",source-indexed; NOT individually click-certified
admin/dashboards/hr-dept.php,1299,"<button onclick=""loadArchivedMembers()"" class=""p-2 text-slate-500 hover:text-slate-700 hover:bg-slate-100 rounded-lg transition"">",source-indexed; NOT individually click-certified
admin/dashboards/hr-dept.php,1309,"<input type=""text"" id=""archiveSearch"" autocomplete=""off"" placeholder=""Search archived members..."" oninput=""filterArchivedMembers()"" class=""w-full pl-10 pr-4 py-2.5 border border-slate-200 rounded-xl text-sm focus:ring-2 focus:ring-amber-500 focus:border-amber-500 transition"">",source-indexed; NOT individually click-certified
admin/dashboards/hr-dept.php,1316,"<button onclick=""switchArchiveTab('permanent_archive')"" id=""tab_permanent_archive"" class=""px-4 py-2 text-sm font-semibold text-amber-700 border-b-2 border-amber-500"">",source-indexed; NOT individually click-certified
admin/dashboards/hr-dept.php,1319,"<button onclick=""switchArchiveTab('failed_observation')"" id=""tab_failed_observation"" class=""px-4 py-2 text-sm font-semibold text-slate-500 border-b-2 border-transparent hover:text-amber-700"">",source-indexed; NOT individually click-certified
admin/dashboards/hr-dept.php,1344,"<button type=""button"" onclick=""loadIdCardMembers()"" class=""p-2 text-slate-500 hover:text-slate-700"">",source-indexed; NOT individually click-certified
admin/dashboards/hr-dept.php,1350,"<input autocomplete=""off"" type=""search"" inputmode=""search"" id=""idCardMemberSearch"" name=""fkss_card_search"" data-form-type=""other"" data-1p-ignore class=""flex-1 px-3 py-2 border border-slate-200 rounded-xl text-sm"" placeholder=""Search eligible members by name, code, or phone"">",source-indexed; NOT individually click-certified
admin/dashboards/hr-dept.php,1354,"<button type=""button"" onclick=""loadIdCardMembers()"" class=""px-3 py-2 border border-slate-200 rounded-xl text-xs font-semibold"">",source-indexed; NOT individually click-certified
admin/dashboards/hr-dept.php,1405,"<button type=""button"" onclick=""HrSub.exportSubmissions()"" class=""px-3 py-2 text-xs font-semibold bg-slate-100 hover:bg-slate-200 text-slate-700 rounded-xl transition"">",source-indexed; NOT individually click-certified
admin/dashboards/hr-dept.php,1408,"<button type=""button"" onclick=""HrSub.loadSubmissions()"" class=""px-3 py-2 text-xs font-semibold bg-slate-100 hover:bg-slate-200 text-slate-700 rounded-xl transition"">",source-indexed; NOT individually click-certified
admin/dashboards/hr-dept.php,1421,"<select id=""hrSubSection"" onchange=""HrSub.loadSubmissions()"" aria-label=""Filter by section"" class=""px-3 py-2 border border-slate-200 rounded-xl text-sm focus:ring-2 focus:ring-indigo-500 focus:border-indigo-500"">",source-indexed; NOT individually click-certified
admin/dashboards/hr-dept.php,1425,"<input id=""hrSubFrom"" type=""date"" onchange=""HrSub.loadSubmissions()"" aria-label=""From date"" class=""px-3 py-2 border border-slate-200 rounded-xl text-sm focus:ring-2 focus:ring-indigo-500 focus:border-indigo-500"">",source-indexed; NOT individually click-certified
admin/dashboards/hr-dept.php,1427,"<input id=""hrSubTo"" type=""date"" onchange=""HrSub.loadSubmissions()"" aria-label=""To date"" class=""px-3 py-2 border border-slate-200 rounded-xl text-sm focus:ring-2 focus:ring-indigo-500 focus:border-indigo-500"">",source-indexed; NOT individually click-certified
admin/dashboards/hr-dept.php,1429,"<button onclick=""printHrQrRoster()"" type=""button"" title=""Printable QR tiles for this section — scanned by takers in the mobile app"" class=""px-3 py-2 border border-slate-200 rounded-xl text-sm font-semibold text-indigo-600 hover:bg-indigo-50 transition"">",source-indexed; NOT individually click-certified
admin/dashboards/hr-dept.php,1435,"<button class=""hr-sub-tab px-4 py-2 rounded-xl text-sm font-semibold border transition"" id=""hrSubTabDraft"" type=""button"" role=""tab"" aria-selected=""true"" onclick=""HrSub.switchSubTab('draft')"">",source-indexed; NOT individually click-certified
admin/dashboards/hr-dept.php,1436,"<button class=""hr-sub-tab px-4 py-2 rounded-xl text-sm font-semibold border transition"" id=""hrSubTabSubmitted"" type=""button"" role=""tab"" aria-selected=""false"" onclick=""HrSub.switchSubTab('submitted')"">",source-indexed; NOT individually click-certified
admin/dashboards/hr-dept.php,1437,"<button class=""hr-sub-tab px-4 py-2 rounded-xl text-sm font-semibold border transition"" id=""hrSubTabInsights"" type=""button"" role=""tab"" aria-selected=""false"" onclick=""HrSub.switchSubTab('insights')"">",source-indexed; NOT individually click-certified
admin/dashboards/hr-dept.php,1439,"<input autocomplete=""off"" type=""hidden"" id=""hrSubTabStatus"" value=""draft"">",source-indexed; NOT individually click-certified
admin/dashboards/hr-dept.php,1480,"<a href=""/admin/reports.php"" class=""inline-flex items-center gap-2 px-4 py-2 rounded-xl bg-gradient-to-r from-blue-600 to-indigo-600 text-white text-xs font-semibold shadow hover:from-blue-700 hover:to-indigo-700 transition"">",source-indexed; NOT individually click-certified
admin/dashboards/hr-dept.php,1501,"<a href=""/admin/export_pdf.php?format=csv&filter=all"" class=""panel p-4 hover:shadow-md transition block"">",source-indexed; NOT individually click-certified
admin/dashboards/hr-dept.php,1511,"<a href=""/admin/export_pdf.php?format=csv&filter=active"" class=""panel p-4 hover:shadow-md transition block"">",source-indexed; NOT individually click-certified
admin/dashboards/hr-dept.php,1521,"<a href=""/admin/export_pdf.php?format=pdf&filter=all"" target=""_blank"" class=""panel p-4 hover:shadow-md transition block"">",source-indexed; NOT individually click-certified
admin/dashboards/hr-dept.php,1531,"<a href=""/admin/export_pdf.php?format=csv&filter=waiting"" class=""panel p-4 hover:shadow-md transition block"">",source-indexed; NOT individually click-certified
admin/dashboards/hr-dept.php,1541,"<a href=""/admin/export_pdf.php?format=csv&filter=no_id"" class=""panel p-4 hover:shadow-md transition block"">",source-indexed; NOT individually click-certified
admin/dashboards/hr-dept.php,1551,"<a href=""/admin/export_pdf.php?format=docx&filter=all"" class=""panel p-4 hover:shadow-md transition block"">",source-indexed; NOT individually click-certified
admin/dashboards/hr-dept.php,1587,"<button onclick=""openAttakerModal()"" class=""px-4 py-2 bg-amber-500 text-white rounded-xl font-medium hover:bg-amber-600 transition flex items-center gap-2"">",source-indexed; NOT individually click-certified
admin/dashboards/hr-dept.php,1631,"<button onclick=""toggleAttakerStatus(<?= $att['id'] ?>",source-indexed; NOT individually click-certified
admin/dashboards/hr-dept.php,1671,"<button onclick=""showSettingsTab(this,'stProfile')"" class=""stab stab-on"">",source-indexed; NOT individually click-certified
admin/dashboards/hr-dept.php,1672,"<button onclick=""showSettingsTab(this,'stDept')"" class=""stab"">",source-indexed; NOT individually click-certified
admin/dashboards/hr-dept.php,1673,"<button onclick=""showSettingsTab(this,'stPrefs')"" class=""stab"">",source-indexed; NOT individually click-certified
admin/dashboards/hr-dept.php,1674,"<button onclick=""showSettingsTab(this,'stSystem')"" class=""stab"">",source-indexed; NOT individually click-certified
admin/dashboards/hr-dept.php,1702,"<input type=""text"" id=""profUsername"" class=""w-full px-3 py-2.5 rounded-xl border border-slate-200 bg-slate-50 text-sm text-slate-500 cursor-not-allowed"" disabled>",source-indexed; NOT individually click-certified
admin/dashboards/hr-dept.php,1707,"<input type=""text"" id=""profName"" class=""w-full px-3 py-2.5 rounded-xl border border-slate-200 text-sm focus:ring-2 focus:ring-emerald-200 focus:border-emerald-400"" placeholder=""Your full name"">",source-indexed; NOT individually click-certified
admin/dashboards/hr-dept.php,1711,"<input type=""email"" id=""profEmail"" class=""w-full px-3 py-2.5 rounded-xl border border-slate-200 text-sm focus:ring-2 focus:ring-emerald-200 focus:border-emerald-400"" placeholder=""your@email.com"">",source-indexed; NOT individually click-certified
admin/dashboards/hr-dept.php,1713,"<button onclick=""saveProfile()"" class=""px-5 py-2.5 bg-emerald-600 text-white rounded-xl text-xs font-semibold hover:bg-emerald-700 transition flex items-center gap-2"">",source-indexed; NOT individually click-certified
admin/dashboards/hr-dept.php,1724,"<input type=""password"" id=""pwdCurrent"" class=""w-full px-3 py-2.5 rounded-xl border border-slate-200 text-sm focus:ring-2 focus:ring-amber-200 focus:border-amber-400"" placeholder=""Enter current password"">",source-indexed; NOT individually click-certified
admin/dashboards/hr-dept.php,1729,"<input type=""password"" id=""pwdNew"" class=""w-full px-3 py-2.5 rounded-xl border border-slate-200 text-sm focus:ring-2 focus:ring-amber-200 focus:border-amber-400"" placeholder=""Min 12 characters"">",source-indexed; NOT individually click-certified
admin/dashboards/hr-dept.php,1733,"<input type=""password"" id=""pwdConfirm"" class=""w-full px-3 py-2.5 rounded-xl border border-slate-200 text-sm focus:ring-2 focus:ring-amber-200 focus:border-amber-400"" placeholder=""Repeat new password"">",source-indexed; NOT individually click-certified
admin/dashboards/hr-dept.php,1736,"<button onclick=""changePassword()"" class=""px-5 py-2.5 bg-amber-500 text-white rounded-xl text-xs font-semibold hover:bg-amber-600 transition flex items-center gap-2"">",source-indexed; NOT individually click-certified
admin/dashboards/hr-dept.php,1751,"<input type=""text"" id=""deptNameEn"" class=""w-full px-3 py-2.5 rounded-xl border border-slate-200 text-sm focus:ring-2 focus:ring-blue-200 focus:border-blue-400"" placeholder=""HR Department"">",source-indexed; NOT individually click-certified
admin/dashboards/hr-dept.php,1755,"<input type=""text"" id=""deptNameAm"" class=""w-full px-3 py-2.5 rounded-xl border border-slate-200 text-sm amharic-text focus:ring-2 focus:ring-blue-200 focus:border-blue-400"" placeholder=""ማብራሪያ ክፍል"">",source-indexed; NOT individually click-certified
admin/dashboards/hr-dept.php,1759,"<input type=""text"" id=""churchNameEn"" class=""w-full px-3 py-2.5 rounded-xl border border-slate-200 text-sm focus:ring-2 focus:ring-blue-200 focus:border-blue-400"" placeholder=""<?= SCHOOL_TRANSLATION_EN ?>",source-indexed; NOT individually click-certified
admin/dashboards/hr-dept.php,1763,"<input type=""text"" id=""churchNameAm"" class=""w-full px-3 py-2.5 rounded-xl border border-slate-200 text-sm amharic-text focus:ring-2 focus:ring-blue-200 focus:border-blue-400"" placeholder=""<?= SCHOOL_NAME_AMHARIC ?>",source-indexed; NOT individually click-certified
admin/dashboards/hr-dept.php,1767,"<textarea id=""deptDesc"" rows=""3"" class=""w-full px-3 py-2.5 rounded-xl border border-slate-200 text-sm focus:ring-2 focus:ring-blue-200 focus:border-blue-400"" placeholder=""Brief description of the department..."">",source-indexed; NOT individually click-certified
admin/dashboards/hr-dept.php,1771,"<button onclick=""saveDeptSettings()"" class=""px-5 py-2.5 bg-blue-600 text-white rounded-xl text-xs font-semibold hover:bg-blue-700 transition flex items-center gap-2"">",source-indexed; NOT individually click-certified
admin/dashboards/hr-dept.php,1787,"<input type=""text"" id=""codePrefix"" class=""w-full px-3 py-2.5 rounded-xl border border-slate-200 text-sm focus:ring-2 focus:ring-violet-200 focus:border-violet-400"" placeholder=""e.g. WB (leave empty for no prefix)"">",source-indexed; NOT individually click-certified
admin/dashboards/hr-dept.php,1792,"<select id=""codeDigits"" class=""w-full px-3 py-2.5 rounded-xl border border-slate-200 text-sm focus:ring-2 focus:ring-violet-200 focus:border-violet-400"" onchange=""updateCodePreview()"">",source-indexed; NOT individually click-certified
admin/dashboards/hr-dept.php,1801,"<input type=""checkbox"" id=""autoGenCode"" class=""sr-only peer"" checked>",source-indexed; NOT individually click-certified
admin/dashboards/hr-dept.php,1815,"<select id=""defAgeGroup"" class=""w-full px-3 py-2.5 rounded-xl border border-slate-200 text-sm focus:ring-2 focus:ring-teal-200 focus:border-teal-400"">",source-indexed; NOT individually click-certified
admin/dashboards/hr-dept.php,1824,"<select id=""defMemType"" class=""w-full px-3 py-2.5 rounded-xl border border-slate-200 text-sm focus:ring-2 focus:ring-teal-200 focus:border-teal-400"">",source-indexed; NOT individually click-certified
admin/dashboards/hr-dept.php,1831,"<select id=""defRegType"" class=""w-full px-3 py-2.5 rounded-xl border border-slate-200 text-sm focus:ring-2 focus:ring-teal-200 focus:border-teal-400"">",source-indexed; NOT individually click-certified
admin/dashboards/hr-dept.php,1846,"<input type=""checkbox"" id=""phoneRequired"" class=""sr-only peer"">",source-indexed; NOT individually click-certified
admin/dashboards/hr-dept.php,1853,"<input type=""checkbox"" id=""idAutoGen"" class=""sr-only peer"">",source-indexed; NOT individually click-certified
admin/dashboards/hr-dept.php,1860,"<select id=""guardianAge"" class=""w-full px-3 py-2.5 rounded-xl border border-slate-200 text-sm focus:ring-2 focus:ring-rose-200 focus:border-rose-400"">",source-indexed; NOT individually click-certified
admin/dashboards/hr-dept.php,1877,"<button onclick=""savePreferences()"" class=""px-5 py-2.5 bg-emerald-600 text-white rounded-xl text-xs font-semibold hover:bg-emerald-700 transition flex items-center gap-2"">",source-indexed; NOT individually click-certified
admin/dashboards/hr-dept.php,1899,"<a href=""/admin/export_pdf.php?format=csv&filter=all"" class=""flex items-center gap-3 p-3 rounded-xl bg-slate-50 hover:bg-emerald-50 transition cursor-pointer"">",source-indexed; NOT individually click-certified
admin/dashboards/hr-dept.php,1903,"<a href=""/admin/export_pdf.php?format=pdf&filter=all"" target=""_blank"" class=""flex items-center gap-3 p-3 rounded-xl bg-slate-50 hover:bg-red-50 transition cursor-pointer"">",source-indexed; NOT individually click-certified
admin/dashboards/hr-dept.php,1911,"<a href=""/admin/system_health.php"" class=""flex items-center gap-3 p-3 rounded-xl bg-slate-50 hover:bg-blue-50 transition cursor-pointer"">",source-indexed; NOT individually click-certified
admin/dashboards/hr-dept.php,1915,"<a href=""/admin/reports.php"" class=""flex items-center gap-3 p-3 rounded-xl bg-slate-50 hover:bg-violet-50 transition cursor-pointer"">",source-indexed; NOT individually click-certified
admin/dashboards/hr-dept.php,1936,"<button data-section=""dashboard"" class=""flex flex-col items-center min-w-[64px] px-2 py-1.5 rounded-xl mobile-touch-target nav-bottom-active"">",source-indexed; NOT individually click-certified
admin/dashboards/hr-dept.php,1941,"<button data-section=""members"" class=""flex flex-col items-center min-w-[64px] px-2 py-1.5 rounded-xl mobile-touch-target opacity-80"">",source-indexed; NOT individually click-certified
admin/dashboards/hr-dept.php,1946,"<button data-section=""manage"" class=""flex flex-col items-center min-w-[64px] px-2 py-1.5 rounded-xl mobile-touch-target opacity-80"">",source-indexed; NOT individually click-certified
admin/dashboards/hr-dept.php,1951,"<button data-section=""archive"" class=""flex flex-col items-center min-w-[64px] px-2 py-1.5 rounded-xl mobile-touch-target opacity-80"">",source-indexed; NOT individually click-certified
admin/dashboards/hr-dept.php,1956,"<button data-section=""idcards"" class=""flex flex-col items-center min-w-[64px] px-2 py-1.5 rounded-xl mobile-touch-target opacity-80"">",source-indexed; NOT individually click-certified
admin/dashboards/hr-dept.php,1961,"<button data-section=""groups"" class=""flex flex-col items-center min-w-[64px] px-2 py-1.5 rounded-xl mobile-touch-target opacity-80"">",source-indexed; NOT individually click-certified
admin/dashboards/hr-dept.php,1966,"<button data-section=""submissions"" class=""flex flex-col items-center min-w-[64px] px-2 py-1.5 rounded-xl mobile-touch-target opacity-80"">",source-indexed; NOT individually click-certified
admin/dashboards/hr-dept.php,1971,"<button data-section=""reports"" class=""flex flex-col items-center min-w-[64px] px-2 py-1.5 rounded-xl mobile-touch-target opacity-80"">",source-indexed; NOT individually click-certified
admin/dashboards/hr-dept.php,1976,"<button data-section=""settings"" class=""flex flex-col items-center min-w-[64px] px-2 py-1.5 rounded-xl mobile-touch-target opacity-80"">",source-indexed; NOT individually click-certified
admin/dashboards/hr-dept.php,1981,"<button data-section=""attakers"" class=""flex flex-col items-center min-w-[64px] px-2 py-1.5 rounded-xl mobile-touch-target opacity-80"">",source-indexed; NOT individually click-certified
admin/dashboards/hr-dept.php,1998,"<button type=""button"" onclick=""HrSub.closeModal('hrReviewModal')"" class=""w-8 h-8 bg-white/20 rounded-lg flex items-center justify-center hover:bg-white/30"" aria-label=""Close dialog"">",source-indexed; NOT individually click-certified
admin/dashboards/hr-dept.php,2002,"<input type=""hidden"" id=""hrRvId"" value=""0"">",source-indexed; NOT individually click-certified
admin/dashboards/hr-dept.php,2006,"<select id=""hrRvDecision"" class=""w-full px-3 py-2 border border-slate-200 rounded-xl text-sm focus:ring-2 focus:ring-indigo-500 focus:border-indigo-500"">",source-indexed; NOT individually click-certified
admin/dashboards/hr-dept.php,2014,"<textarea id=""hrRvNotes"" rows=""4"" maxlength=""500"" class=""w-full px-3 py-2 border border-slate-200 rounded-xl text-sm focus:ring-2 focus:ring-indigo-500 focus:border-indigo-500"" placeholder=""What should the taker fix or confirm?"">",source-indexed; NOT individually click-certified
admin/dashboards/hr-dept.php,2017,"<button type=""button"" class=""w-full px-4 py-2.5 bg-indigo-600 text-white rounded-xl font-semibold hover:bg-indigo-700 transition flex items-center justify-center gap-2"" id=""hrRvSaveBtn"" onclick=""HrSub.submitReview()"">",source-indexed; NOT individually click-certified
admin/dashboards/hr-dept.php,2030,"<button type=""button"" onclick=""HrSub.closeModal('hrPacketModal')"" class=""w-8 h-8 bg-white/20 rounded-lg flex items-center justify-center hover:bg-white/30"" aria-label=""Close dialog"">",source-indexed; NOT individually click-certified
admin/dashboards/hr-dept.php,2045,"<button onclick=""closeAttakerModal()"" class=""w-8 h-8 bg-white/20 rounded-lg flex items-center justify-center hover:bg-white/30"">",source-indexed; NOT individually click-certified
admin/dashboards/hr-dept.php,2048,"<form id=""attakerForm"" class=""p-5"">",source-indexed; NOT individually click-certified
admin/dashboards/hr-dept.php,2056,"<input type=""text"" name=""full_name"" id=""attakerFullName"" class=""w-full px-3 py-2 border border-slate-200 rounded-xl text-sm focus:ring-2 focus:ring-amber-500 focus:border-amber-500"" required placeholder=""Full name"">",source-indexed; NOT individually click-certified
admin/dashboards/hr-dept.php,2061,"<input type=""text"" name=""username"" id=""attakerUsername"" autocomplete=""off"" pattern=""[a-z][a-z0-9._]*[a-z0-9]"" minlength=""3"" maxlength=""30"" class=""w-full px-3 py-2 border border-slate-200 rounded-xl text-sm focus:ring-2 focus:ring-amber-500 focus:border-amber-500"" required placeholder=""Lowercase letters, numbers, dots, underscores"">",source-indexed; NOT individually click-certified
admin/dashboards/hr-dept.php,2067,"<input type=""password"" name=""password"" id=""attakerPassword"" minlength=""12"" maxlength=""72"" autocomplete=""new-password"" class=""w-full px-3 py-2 border border-slate-200 rounded-xl text-sm focus:ring-2 focus:ring-amber-500 focus:border-amber-500"" required placeholder=""Secure password (at least 12 characters)"">",source-indexed; NOT individually click-certified
admin/dashboards/hr-dept.php,2071,"<button type=""button"" onclick=""closeAttakerModal()"" class=""flex-1 px-4 py-2 bg-slate-100 text-slate-600 rounded-xl font-medium hover:bg-slate-200 transition"">",source-indexed; NOT individually click-certified
admin/dashboards/hr-dept.php,2072,"<button type=""submit"" class=""flex-1 px-4 py-2 bg-amber-500 text-white rounded-xl font-medium hover:bg-amber-600 transition flex items-center justify-center gap-2"">",source-indexed; NOT individually click-certified
admin/dashboards/hr-dept.php,2100,"<button type=""button"" onclick=""document.getElementById('memberSuccessToast').classList.add('hidden')"" class=""text-xs uppercase tracking-wide bg-emerald-600/70 hover:bg-emerald-700 px-3 py-1 rounded-xl"">",source-indexed; NOT individually click-certified
admin/dashboards/hr-dept.php,2118,"<button class=""w-8 h-8 rounded-full bg-slate-100 hover:bg-slate-200 flex items-center justify-center text-slate-500 transition"" onclick=""closeManageSheet()"">",source-indexed; NOT individually click-certified
admin/dashboards/hr-dept.php,3101,"<select id=""archiveReason"" onchange=""checkArchiveConfirmation()"" class=""w-full px-4 py-3 border border-slate-200 rounded-xl text-sm focus:ring-2 focus:ring-amber-500 focus:border-amber-500"">",source-indexed; NOT individually click-certified
admin/dashboards/hr-dept.php,3119,"<textarea id=""archiveNotes"" rows=""2"" placeholder=""Any additional information..."" class=""w-full px-4 py-3 border border-slate-200 rounded-xl text-sm focus:ring-2 focus:ring-amber-500 focus:border-amber-500 resize-none"">",source-indexed; NOT individually click-certified
admin/dashboards/hr-dept.php,3128,"<input type=""text"" id=""archiveConfirmText"" oninput=""checkArchiveConfirmation()"" placeholder=""Type ARCHIVE here..."" class=""w-full px-4 py-3 border-2 border-red-200 rounded-xl text-sm font-mono text-center uppercase tracking-widest focus:ring-2 focus:ring-red-500 focus:border-red-500"">",source-indexed; NOT individually click-certified
admin/dashboards/hr-dept.php,3136,"<button onclick=""closeArchiveModal()"" class=""flex-1 px-4 py-3 bg-white border border-slate-200 text-slate-600 font-semibold rounded-xl hover:bg-slate-100 transition"">",source-indexed; NOT individually click-certified
admin/dashboards/hr-dept.php,3140,"<button id=""confirmArchiveBtn"" onclick=""confirmArchive()"" disabled class=""flex-1 px-4 py-3 bg-slate-300 text-white font-semibold rounded-xl cursor-not-allowed transition"">",source-indexed; NOT individually click-certified
admin/dashboards/hr-dept.php,3192,"<textarea id=""duplicateOverrideReason"" maxlength=""500"" rows=""2"" class=""w-full border border-slate-200 rounded-lg p-2 text-sm mb-3"" placeholder=""Example: verified different birth date and guardian"">",source-indexed; NOT individually click-certified
admin/dashboards/hr-dept.php,3196,"<button onclick=""closeDuplicateModal()"" class=""flex-1 px-4 py-3 bg-white border border-slate-200 text-slate-600 font-semibold rounded-xl hover:bg-slate-100 transition"">",source-indexed; NOT individually click-certified
admin/dashboards/hr-dept.php,3200,"<button onclick=""proceedWithRegistration()"" class=""flex-1 px-4 py-3 bg-amber-500 hover:bg-amber-600 text-white font-semibold rounded-xl transition"">",source-indexed; NOT individually click-certified
admin/dashboards/hr-dept.php,3332,"<button onclick=""restoreAndClose(${m.id}, '${fullName.replace(/'/g, ""\\'"")}')"" class=""flex-1 px-3 py-2 bg-emerald-500 hover:bg-emerald-600 text-white rounded-lg text-xs font-bold transition"">",source-indexed; NOT individually click-certified
admin/dashboards/hr-dept.php,3336,"<button onclick=""viewExistingMember(${m.id})"" class=""flex-1 px-3 py-2 bg-blue-500 hover:bg-blue-600 text-white rounded-lg text-xs font-bold transition"">",source-indexed; NOT individually click-certified
admin/dashboards/hr-dept.php,3868,"<button type=""button"" onclick=""HrSub.loadSubmissions()"" class=""px-3 py-1.5 text-xs font-semibold bg-slate-100 hover:bg-slate-200 rounded-lg transition"">",source-indexed; NOT individually click-certified
admin/dashboards/hr-dept.php,3940,"<button type=""button"" class=""px-2 py-1 text-xs bg-slate-100 hover:bg-slate-200 rounded-lg transition"" title=""Open packet"" onclick=""HrSub.viewPacket(' + p.id + ')"">",source-indexed; NOT individually click-certified
admin/dashboards/hr-dept.php,3941,"<button type=""button"" class=""px-2 py-1 text-xs bg-slate-100 hover:bg-slate-200 rounded-lg transition"" title=""Review"" onclick=""HrSub.openReview(' + p.id + ')"">",source-indexed; NOT individually click-certified
admin/dashboards/hr-dept.php,3943,"<button type=""button"" class=""px-2 py-1 text-xs bg-emerald-500 hover:bg-emerald-600 text-white rounded-lg transition"" title=""Approve now"" onclick=""HrSub.quickDecision(' + p.id + ',\'approved\')"">",source-indexed; NOT individually click-certified
admin/dashboards/hr-dept.php,4196,"<button onclick=""adjustViewerZoom(-0.2)"" class=""w-10 h-10 rounded-full bg-white/5 hover:bg-white/20 text-slate-200 flex items-center justify-center transition"" title=""Zoom Out"">",source-indexed; NOT individually click-certified
admin/dashboards/hr-dept.php,4199,"<button onclick=""resetViewerView()"" class=""w-10 h-10 rounded-full bg-white/5 hover:bg-white/20 text-slate-200 flex items-center justify-center transition"" title=""Reset"">",source-indexed; NOT individually click-certified
admin/dashboards/hr-dept.php,4202,"<button onclick=""adjustViewerZoom(0.2)"" class=""w-10 h-10 rounded-full bg-white/5 hover:bg-white/20 text-slate-200 flex items-center justify-center transition"" title=""Zoom In"">",source-indexed; NOT individually click-certified
admin/dashboards/hr-dept.php,4206,"<button onclick=""rotateViewerImg()"" class=""w-10 h-10 rounded-full bg-white/5 hover:bg-white/20 text-slate-200 flex items-center justify-center transition"" title=""Rotate"">",source-indexed; NOT individually click-certified
admin/dashboards/hr-dept.php,4209,"<button onclick=""closeDocFullscreen()"" class=""w-10 h-10 rounded-full bg-red-500/20 hover:bg-red-500 text-red-200 hover:text-white flex items-center justify-center transition"" title=""Close"">",source-indexed; NOT individually click-certified
admin/dashboards/hr-dept.php,4227,"<button type=""button"" onclick=""closeDataSyncModal()"" class=""w-8 h-8 rounded-lg bg-white/15 hover:bg-white/25 flex items-center justify-center transition"" aria-label=""Close"">",source-indexed; NOT individually click-certified
admin/dashboards/hr-dept.php,4245,"<a href=""/admin/api_export_members.php?tier=temporary"" class=""w-full inline-flex items-center justify-center gap-2 px-4 py-2 bg-amber-100 text-amber-800 rounded-lg font-semibold hover:bg-amber-200 transition border border-amber-300"">",source-indexed; NOT individually click-certified
admin/dashboards/hr-dept.php,4248,"<a href=""/admin/api_export_members.php?tier=temporary&amp;format=csv"" class=""mt-2 w-full inline-flex items-center justify-center gap-2 px-4 py-2 bg-white text-amber-800 rounded-lg font-semibold hover:bg-amber-50 transition border border-amber-200"">",source-indexed; NOT individually click-certified
admin/dashboards/hr-dept.php,4255,"<form id=""formSyncTemporary"" class=""w-full"">",source-indexed; NOT individually click-certified
admin/dashboards/hr-dept.php,4256,"<input type=""file"" id=""import_file_temp"" accept="".xlsx, .xls"" class=""hidden"">",source-indexed; NOT individually click-certified
admin/dashboards/hr-dept.php,4260,"<button type=""submit"" id=""btnSyncTemp"" class=""w-full inline-flex items-center justify-center gap-2 px-4 py-2 bg-amber-600 text-white rounded-lg font-bold hover:bg-amber-700 transition disabled:opacity-50"">",source-indexed; NOT individually click-certified
admin/dashboards/hr-dept.php,4275,"<a href=""/admin/api_export_members.php?tier=permanent"" class=""w-full inline-flex items-center justify-center gap-2 px-4 py-2 bg-emerald-100 text-emerald-800 rounded-lg font-semibold hover:bg-emerald-200 transition border border-emerald-300"">",source-indexed; NOT individually click-certified
admin/dashboards/hr-dept.php,4278,"<a href=""/admin/api_export_members.php?tier=permanent&amp;format=csv"" class=""mt-2 w-full inline-flex items-center justify-center gap-2 px-4 py-2 bg-white text-emerald-800 rounded-lg font-semibold hover:bg-emerald-50 transition border border-emerald-200"">",source-indexed; NOT individually click-certified
admin/dashboards/hr-dept.php,4285,"<form id=""formSyncPermanent"" class=""w-full"">",source-indexed; NOT individually click-certified
admin/dashboards/hr-dept.php,4286,"<input type=""file"" id=""import_file_perm"" accept="".xlsx, .xls"" class=""hidden"">",source-indexed; NOT individually click-certified
admin/dashboards/hr-dept.php,4290,"<button type=""submit"" id=""btnSyncPerm"" class=""w-full inline-flex items-center justify-center gap-2 px-4 py-2 bg-emerald-600 text-white rounded-lg font-bold hover:bg-emerald-700 transition disabled:opacity-50"">",source-indexed; NOT individually click-certified
admin/dashboards/info-dept.php,482,"<a href=""#"" data-section=""dashboard"" class=""mobile-touch-target flex items-center gap-3 px-3 py-2 rounded-xl bg-white/10 hover:bg-white/20 transition"">",source-indexed; NOT individually click-certified
admin/dashboards/info-dept.php,490,"<button data-section=""manage"" class=""mobile-touch-target flex items-center gap-3 px-3 py-2 rounded-xl bg-white/10 hover:bg-white/20 transition"">",source-indexed; NOT individually click-certified
admin/dashboards/info-dept.php,498,"<button data-section=""archive"" class=""mobile-touch-target flex items-center gap-3 px-3 py-2 rounded-xl bg-white/10 hover:bg-white/20 transition"">",source-indexed; NOT individually click-certified
admin/dashboards/info-dept.php,513,"<button data-section=""attendance"" class=""mobile-touch-target flex items-center gap-3 px-3 py-2 rounded-xl bg-white/10 hover:bg-white/20 transition"">",source-indexed; NOT individually click-certified
admin/dashboards/info-dept.php,521,"<button data-section=""analytics"" class=""mobile-touch-target flex items-center gap-3 px-3 py-2 rounded-xl bg-white/10 hover:bg-white/20 transition"">",source-indexed; NOT individually click-certified
admin/dashboards/info-dept.php,529,"<button data-section=""reports"" class=""mobile-touch-target flex items-center gap-3 px-3 py-2 rounded-xl bg-white/10 hover:bg-white/20 transition"">",source-indexed; NOT individually click-certified
admin/dashboards/info-dept.php,537,"<button data-section=""settings"" class=""mobile-touch-target flex items-center gap-3 px-3 py-2 rounded-xl bg-white/10 hover:bg-white/20 transition"">",source-indexed; NOT individually click-certified
admin/dashboards/info-dept.php,557,"<a href=""/admin/logout.php"" class=""w-full flex items-center justify-center gap-2 px-3 py-2 rounded-xl bg-red-500/95 text-white text-xs font-semibold shadow hover:bg-red-600 transition"">",source-indexed; NOT individually click-certified
admin/dashboards/info-dept.php,586,"<button class=""md:hidden w-9 h-9 rounded-full bg-white/10 flex items-center justify-center"">",source-indexed; NOT individually click-certified
admin/dashboards/info-dept.php,812,"<button class=""hidden sm:inline-flex items-center gap-1 text-[11px] text-emerald-700 hover:text-emerald-900"">",source-indexed; NOT individually click-certified
admin/dashboards/info-dept.php,889,"<input autocomplete=""off"" id=""memberSearchInput"" type=""text"" class=""pl-9 pr-3 py-2 rounded-xl border border-slate-200 text-xs bg-white focus:outline-none focus:ring-2 focus:ring-emerald-500 focus:border-emerald-500 w-full"" placeholder=""Search any field (name, code, phone, profession, education, city...)"">",source-indexed; NOT individually click-certified
admin/dashboards/info-dept.php,897,"<select id=""filterRegistrationType"" class=""text-xs border border-slate-200 rounded-xl px-2 py-2 bg-white focus:outline-none focus:ring-1 focus:ring-emerald-500"">",source-indexed; NOT individually click-certified
admin/dashboards/info-dept.php,905,"<select id=""filterMemberType"" class=""text-xs border border-slate-200 rounded-xl px-2 py-2 bg-white focus:outline-none focus:ring-1 focus:ring-emerald-500"">",source-indexed; NOT individually click-certified
admin/dashboards/info-dept.php,913,"<select id=""filterStatus"" class=""text-xs border border-slate-200 rounded-xl px-2 py-2 bg-white focus:outline-none focus:ring-1 focus:ring-emerald-500"">",source-indexed; NOT individually click-certified
admin/dashboards/info-dept.php,922,"<select id=""filterGender"" class=""text-xs border border-slate-200 rounded-xl px-2 py-2 bg-white focus:outline-none focus:ring-1 focus:ring-emerald-500"">",source-indexed; NOT individually click-certified
admin/dashboards/info-dept.php,929,"<select id=""filterAgeGroup"" class=""text-xs border border-slate-200 rounded-xl px-2 py-2 bg-white focus:outline-none focus:ring-1 focus:ring-emerald-500"">",source-indexed; NOT individually click-certified
admin/dashboards/info-dept.php,970,"<form id=""memberRegistrationForm"" method=""post"" action=""info_register_member.php"" enctype=""multipart/form-data"" onsubmit=""handleMemberFormSubmitWithCheck(event)"">",source-indexed; NOT individually click-certified
admin/dashboards/info-dept.php,988,"<button type=""button"" onclick=""toggleMemberRegistrationForm(false)"" class=""inline-flex items-center gap-1 px-3 py-1.5 rounded-full border border-slate-200 text-[11px] text-slate-600 hover:bg-slate-50"">",source-indexed; NOT individually click-certified
admin/dashboards/info-dept.php,1013,"<input type=""hidden"" name=""student_id"" id=""studentIdField"" value="""">",source-indexed; NOT individually click-certified
admin/dashboards/info-dept.php,1025,"<button type=""button"" class=""registration-type-btn w-full text-left px-3 py-2 rounded-xl border border-emerald-300 bg-white text-[11px] sm:text-xs"" data-registration-type=""waiting"" onclick=""selectRegistrationType('waiting', this)"">",source-indexed; NOT individually click-certified
admin/dashboards/info-dept.php,1033,"<button type=""button"" class=""registration-type-btn w-full text-left px-3 py-2 rounded-xl border border-slate-200 bg-white text-[11px] sm:text-xs"" data-registration-type=""transfer"" onclick=""selectRegistrationType('transfer', this)"">",source-indexed; NOT individually click-certified
admin/dashboards/info-dept.php,1041,"<button type=""button"" class=""registration-type-btn w-full text-left px-3 py-2 rounded-xl border border-slate-200 bg-white text-[11px] sm:text-xs"" data-registration-type=""direct"" onclick=""selectRegistrationType('direct', this)"">",source-indexed; NOT individually click-certified
admin/dashboards/info-dept.php,1050,"<input type=""hidden"" name=""registration_type"" id=""registrationTypeField"" value=""waiting"">",source-indexed; NOT individually click-certified
admin/dashboards/info-dept.php,1064,"<button type=""button"" class=""member-type-btn w-full text-left px-3 py-2 rounded-xl border border-emerald-300 bg-white text-[11px] sm:text-xs"" data-member-type=""regular"" onclick=""selectMemberTypeFull('regular', this)"">",source-indexed; NOT individually click-certified
admin/dashboards/info-dept.php,1072,"<button type=""button"" class=""member-type-btn w-full text-left px-3 py-2 rounded-xl border border-slate-200 bg-white text-[11px] sm:text-xs"" data-member-type=""special_regular"" onclick=""selectMemberTypeFull('special_regular', this)"">",source-indexed; NOT individually click-certified
admin/dashboards/info-dept.php,1080,"<button type=""button"" class=""member-type-btn w-full text-left px-3 py-2 rounded-xl border border-slate-200 bg-white text-[11px] sm:text-xs"" data-member-type=""honorary"" onclick=""selectMemberTypeFull('honorary', this)"">",source-indexed; NOT individually click-certified
admin/dashboards/info-dept.php,1089,"<input type=""hidden"" name=""member_type"" id=""memberTypeFieldFull"" value=""regular"">",source-indexed; NOT individually click-certified
admin/dashboards/info-dept.php,1105,"<select name=""status"" class=""mobile-touch-target w-full px-3 py-2 rounded-xl border border-slate-200 text-xs focus:ring-emerald-200 focus:border-emerald-400"">",source-indexed; NOT individually click-certified
admin/dashboards/info-dept.php,1135,"<input type=""checkbox"" id=""useCustomRegDate"" onchange=""toggleCustomRegDate()"" class=""rounded border-blue-300 text-blue-600 focus:ring-blue-200"">",source-indexed; NOT individually click-certified
admin/dashboards/info-dept.php,1146,"<input type=""number"" name=""reg_date_day"" id=""regDateDay"" min=""1"" max=""30"" class=""mobile-touch-target w-full px-3 py-2 rounded-xl border border-blue-200 text-xs focus:ring-blue-200 focus:border-blue-400 bg-white"" placeholder=""Day"">",source-indexed; NOT individually click-certified
admin/dashboards/info-dept.php,1151,"<select name=""reg_date_month"" id=""regDateMonth"" class=""mobile-touch-target w-full px-3 py-2 rounded-xl border border-blue-200 text-xs focus:ring-blue-200 focus:border-blue-400 bg-white"">",source-indexed; NOT individually click-certified
admin/dashboards/info-dept.php,1169,"<input type=""number"" name=""reg_date_year"" id=""regDateYear"" min=""1990"" max=""2020"" class=""mobile-touch-target w-full px-3 py-2 rounded-xl border border-blue-200 text-xs focus:ring-blue-200 focus:border-blue-400 bg-white"" placeholder=""Year (E.C.)"">",source-indexed; NOT individually click-certified
admin/dashboards/info-dept.php,1212,"<input type=""checkbox"" name=""<?= $name ?>",source-indexed; NOT individually click-certified
admin/dashboards/info-dept.php,1241,"<input type=""file"" name=""student_photo"" accept=""image/*"" class=""hidden"" onchange=""previewImage(this, 'studentPhotoPreview', 'studentPhotoPlaceholder')"">",source-indexed; NOT individually click-certified
admin/dashboards/info-dept.php,1251,"<input type=""text"" name=""full_name_am"" required class=""mobile-touch-target w-full px-3 py-2 rounded-xl border border-slate-200 text-xs placeholder:text-[11px] focus:ring-emerald-200 focus:border-emerald-400"" placeholder=""ሙሉ ስም (ስም አባት ወይም አያት)"" title=""Enter full name separated by spaces: First Father Grandfather"">",source-indexed; NOT individually click-certified
admin/dashboards/info-dept.php,1262,"<input type=""text"" name=""baptismal_name"" class=""mobile-touch-target w-full px-3 py-2 rounded-xl border border-slate-200 text-xs placeholder:text-[11px] focus:ring-emerald-200 focus:border-emerald-400"">",source-indexed; NOT individually click-certified
admin/dashboards/info-dept.php,1271,"<input type=""number"" name=""dob_day"" id=""dobDay"" min=""1"" max=""30"" class=""mobile-touch-target w-full px-3 py-2 rounded-xl border border-slate-200 text-xs focus:ring-emerald-200 focus:border-emerald-400"" placeholder=""Day"" oninput=""calculateAgeSection()"">",source-indexed; NOT individually click-certified
admin/dashboards/info-dept.php,1277,"<select name=""dob_month"" id=""dobMonth"" class=""mobile-touch-target w-full px-3 py-2 rounded-xl border border-slate-200 text-xs focus:ring-emerald-200 focus:border-emerald-400"" onchange=""calculateAgeSection()"">",source-indexed; NOT individually click-certified
admin/dashboards/info-dept.php,1283,"<input type=""number"" name=""dob_year"" id=""dobYear"" min=""1950"" max=""2100"" class=""mobile-touch-target w-full px-3 py-2 rounded-xl border border-slate-200 text-xs focus:ring-emerald-200 focus:border-emerald-400"" placeholder=""Year (E.C.)"" oninput=""calculateAgeSection()"">",source-indexed; NOT individually click-certified
admin/dashboards/info-dept.php,1298,"<input type=""text"" id=""ageDisplay"" readonly class=""w-full px-3 py-2 rounded-xl border border-slate-200 text-xs bg-slate-50 text-slate-700"">",source-indexed; NOT individually click-certified
admin/dashboards/info-dept.php,1300,"<input type=""hidden"" name=""age"" id=""ageField"">",source-indexed; NOT individually click-certified
admin/dashboards/info-dept.php,1307,"<input type=""text"" id=""sectionDisplay"" readonly class=""w-full px-3 py-2 rounded-xl border border-slate-200 text-xs bg-slate-50 text-slate-700"">",source-indexed; NOT individually click-certified
admin/dashboards/info-dept.php,1309,"<input type=""hidden"" name=""current_section"" id=""currentSectionField"">",source-indexed; NOT individually click-certified
admin/dashboards/info-dept.php,1310,"<input type=""hidden"" name=""age_group"" id=""ageGroupField"">",source-indexed; NOT individually click-certified
admin/dashboards/info-dept.php,1317,"<select name=""gender"" required class=""mobile-touch-target w-full px-3 py-2 rounded-xl border border-slate-200 text-xs focus:ring-emerald-200 focus:border-emerald-400"">",source-indexed; NOT individually click-certified
admin/dashboards/info-dept.php,1328,"<select name=""education_level"" class=""mobile-touch-target w-full px-3 py-2 rounded-xl border border-slate-200 text-xs focus:ring-emerald-200 focus:border-emerald-400"">",source-indexed; NOT individually click-certified
admin/dashboards/info-dept.php,1351,"<select name=""spiritual_education"" class=""mobile-touch-target w-full px-3 py-2 rounded-xl border border-emerald-200 text-xs focus:ring-emerald-200 focus:border-emerald-400 bg-emerald-50"">",source-indexed; NOT individually click-certified
admin/dashboards/info-dept.php,1388,"<select name=""city"" id=""cityField"" class=""mobile-touch-target w-full px-3 py-2 rounded-xl border border-slate-200 text-xs focus:ring-emerald-200 focus:border-emerald-400"" onchange=""updateSubCities()"">",source-indexed; NOT individually click-certified
admin/dashboards/info-dept.php,1401,"<select name=""sub_city"" id=""subCityField"" class=""mobile-touch-target w-full px-3 py-2 rounded-xl border border-slate-200 text-xs focus:ring-emerald-200 focus:border-emerald-400"">",source-indexed; NOT individually click-certified
admin/dashboards/info-dept.php,1412,"<input type=""number"" name=""woreda"" min=""1"" max=""20"" class=""mobile-touch-target w-full px-3 py-2 rounded-xl border border-slate-200 text-xs focus:ring-emerald-200 focus:border-emerald-400"">",source-indexed; NOT individually click-certified
admin/dashboards/info-dept.php,1419,"<input type=""number"" name=""mender"" min=""1"" max=""8"" class=""mobile-touch-target w-full px-3 py-2 rounded-xl border border-slate-200 text-xs focus:ring-emerald-200 focus:border-emerald-400"">",source-indexed; NOT individually click-certified
admin/dashboards/info-dept.php,1426,"<input type=""text"" name=""block_number"" maxlength=""4"" class=""mobile-touch-target w-full px-3 py-2 rounded-xl border border-slate-200 text-xs focus:ring-emerald-200 focus:border-emerald-400"">",source-indexed; NOT individually click-certified
admin/dashboards/info-dept.php,1437,"<input type=""text"" name=""house_number"" maxlength=""4"" class=""mobile-touch-target w-full px-3 py-2 rounded-xl border border-slate-200 text-xs focus:ring-emerald-200 focus:border-emerald-400"">",source-indexed; NOT individually click-certified
admin/dashboards/info-dept.php,1445,"<input type=""text"" name=""work_profession"" list=""professionsList"" class=""mobile-touch-target w-full px-3 py-2 rounded-xl border border-slate-200 text-xs placeholder:text-[11px] focus:ring-emerald-200 focus:border-emerald-400"" placeholder=""IT, Singer, Designer…"">",source-indexed; NOT individually click-certified
admin/dashboards/info-dept.php,1482,"<input type=""tel"" name=""phone_number"" required class=""mobile-touch-target w-full px-3 py-2 rounded-xl border border-slate-200 text-xs placeholder:text-[11px] focus:ring-emerald-200 focus:border-emerald-400"" placeholder=""+251 9…"">",source-indexed; NOT individually click-certified
admin/dashboards/info-dept.php,1490,"<input type=""tel"" name=""alt_phone_number"" class=""mobile-touch-target w-full px-3 py-2 rounded-xl border border-slate-200 text-xs placeholder:text-[11px] focus:ring-emerald-200 focus:border-emerald-400"" placeholder=""Optional"">",source-indexed; NOT individually click-certified
admin/dashboards/info-dept.php,1519,"<input type=""file"" name=""guardian_photo"" accept=""image/*"" class=""hidden"" onchange=""previewImage(this, 'guardianPhotoPreview', 'guardianPhotoPlaceholder')"">",source-indexed; NOT individually click-certified
admin/dashboards/info-dept.php,1529,"<input type=""text"" name=""guardian_name"" required class=""mobile-touch-target w-full px-3 py-2 rounded-xl border border-slate-200 text-xs placeholder:text-[11px] focus:ring-emerald-200 focus:border-emerald-400"">",source-indexed; NOT individually click-certified
admin/dashboards/info-dept.php,1537,"<input type=""tel"" name=""guardian_phone1"" required class=""mobile-touch-target w-full px-3 py-2 rounded-xl border border-slate-200 text-xs placeholder:text-[11px] focus:ring-emerald-200 focus:border-emerald-400"" placeholder=""+251 9…"">",source-indexed; NOT individually click-certified
admin/dashboards/info-dept.php,1546,"<input type=""tel"" name=""guardian_phone2"" class=""mobile-touch-target w-full px-3 py-2 rounded-xl border border-slate-200 text-xs placeholder:text-[11px] focus:ring-emerald-200 focus:border-emerald-400"" placeholder=""Optional"">",source-indexed; NOT individually click-certified
admin/dashboards/info-dept.php,1555,"<button type=""button"" onclick=""copyMemberAddressToGuardian()"" class=""px-3 py-1.5 rounded-full border border-emerald-200 text-[11px] text-emerald-700 bg-emerald-50 hover:bg-emerald-100"">",source-indexed; NOT individually click-certified
admin/dashboards/info-dept.php,1566,"<select name=""guardian_city"" id=""guardianCityField"" class=""mobile-touch-target w-full px-3 py-2 rounded-xl border border-slate-200 text-xs focus:ring-emerald-200 focus:border-emerald-400"" onchange=""updateGuardianSubCities()"">",source-indexed; NOT individually click-certified
admin/dashboards/info-dept.php,1579,"<select name=""guardian_sub_city"" id=""guardianSubCityField"" class=""mobile-touch-target w-full px-3 py-2 rounded-xl border border-slate-200 text-xs focus:ring-emerald-200 focus:border-emerald-400"">",source-indexed; NOT individually click-certified
admin/dashboards/info-dept.php,1589,"<input type=""number"" name=""guardian_woreda"" id=""guardianWoredaField"" min=""1"" max=""50"" class=""mobile-touch-target w-full px-3 py-2 rounded-xl border border-slate-200 text-xs focus:ring-emerald-200 focus:border-emerald-400"">",source-indexed; NOT individually click-certified
admin/dashboards/info-dept.php,1598,"<input type=""number"" name=""guardian_mender"" id=""guardianMenderField"" min=""1"" max=""50"" class=""mobile-touch-target w-full px-3 py-2 rounded-xl border border-slate-200 text-xs focus:ring-emerald-200 focus:border-emerald-400"">",source-indexed; NOT individually click-certified
admin/dashboards/info-dept.php,1607,"<input type=""text"" name=""guardian_block_number"" id=""guardianBlockField"" maxlength=""3"" class=""mobile-touch-target w-full px-3 py-2 rounded-xl border border-slate-200 text-xs focus:ring-emerald-200 focus:border-emerald-400"">",source-indexed; NOT individually click-certified
admin/dashboards/info-dept.php,1616,"<input type=""text"" name=""guardian_house"" id=""guardianHouseField"" maxlength=""4"" class=""mobile-touch-target w-full px-3 py-2 rounded-xl border border-slate-200 text-xs focus:ring-emerald-200 focus:border-emerald-400"">",source-indexed; NOT individually click-certified
admin/dashboards/info-dept.php,1638,"<input type=""file"" name=""doc_school_records"" accept="".pdf,.doc,.docx,image/*"" class=""block w-full text-xs text-slate-600"">",source-indexed; NOT individually click-certified
admin/dashboards/info-dept.php,1647,"<input type=""file"" name=""doc_spiritual"" accept="".pdf,.doc,.docx,image/*"" class=""block w-full text-xs text-slate-600"">",source-indexed; NOT individually click-certified
admin/dashboards/info-dept.php,1660,"<input type=""file"" name=""doc_signed_form"" id=""docSignedFormField"" accept="".pdf,.doc,.docx,image/*"" class=""block w-full text-xs text-slate-600"">",source-indexed; NOT individually click-certified
admin/dashboards/info-dept.php,1672,"<button type=""button"" onclick=""resetMemberForm()"" class=""px-3 py-2 rounded-xl border border-slate-200 text-xs text-slate-600 bg-white hover:bg-slate-50"">",source-indexed; NOT individually click-certified
admin/dashboards/info-dept.php,1677,"<button type=""submit"" class=""px-4 py-2 rounded-xl bg-emerald-600 text-white text-xs font-semibold shadow hover:bg-emerald-700 active:scale-95"">",source-indexed; NOT individually click-certified
admin/dashboards/info-dept.php,1709,"<input autocomplete=""off"" type=""text"" id=""manageSearchInput"" placeholder=""Search anything: names, phone, address, guardian, profession, ID..."" class=""w-full pl-9 pr-3 py-2 rounded-xl border border-slate-200 text-xs focus:ring-indigo-200 focus:border-indigo-400"">",source-indexed; NOT individually click-certified
admin/dashboards/info-dept.php,1712,"<select id=""manageFilterType"" class=""w-full px-3 py-2 rounded-xl border border-slate-200 text-xs"">",source-indexed; NOT individually click-certified
admin/dashboards/info-dept.php,1718,"<select id=""manageFilterStatus"" class=""w-full px-3 py-2 rounded-xl border border-slate-200 text-xs"">",source-indexed; NOT individually click-certified
admin/dashboards/info-dept.php,1725,"<select id=""manageFilterMemberType"" class=""w-full px-3 py-2 rounded-xl border border-slate-200 text-xs"">",source-indexed; NOT individually click-certified
admin/dashboards/info-dept.php,1733,"<select id=""manageFilterGender"" class=""w-full px-3 py-2 rounded-xl border border-slate-200 text-xs"">",source-indexed; NOT individually click-certified
admin/dashboards/info-dept.php,1738,"<select id=""manageFilterCity"" class=""w-full px-3 py-2 rounded-xl border border-slate-200 text-xs"">",source-indexed; NOT individually click-certified
admin/dashboards/info-dept.php,1743,"<select id=""manageFilterAgeGroup"" class=""w-full px-3 py-2 rounded-xl border border-slate-200 text-xs"">",source-indexed; NOT individually click-certified
admin/dashboards/info-dept.php,1749,"<select id=""manageFilterEducation"" class=""w-full px-3 py-2 rounded-xl border border-slate-200 text-xs"">",source-indexed; NOT individually click-certified
admin/dashboards/info-dept.php,1762,"<button type=""button"" onclick=""resetManageFilters()"" class=""px-4 py-2 rounded-xl border border-slate-200 text-xs font-semibold text-slate-600 bg-white hover:bg-slate-50"">",source-indexed; NOT individually click-certified
admin/dashboards/info-dept.php,1763,"<button onclick=""applyManageFilters()"" class=""px-4 py-2 rounded-xl bg-indigo-600 text-white text-xs font-bold hover:bg-indigo-700"">",source-indexed; NOT individually click-certified
admin/dashboards/info-dept.php,1811,"<button onclick=""loadArchivedMembers()"" class=""p-2 text-slate-500 hover:text-slate-700 hover:bg-slate-100 rounded-lg transition"">",source-indexed; NOT individually click-certified
admin/dashboards/info-dept.php,1821,"<input autocomplete=""off"" type=""text"" id=""archiveSearch"" placeholder=""Search archived members..."" oninput=""filterArchivedMembers()"" class=""w-full pl-10 pr-4 py-2.5 border border-slate-200 rounded-xl text-sm focus:ring-2 focus:ring-amber-500 focus:border-amber-500 transition"">",source-indexed; NOT individually click-certified
admin/dashboards/info-dept.php,1867,"<input id=""ihFrom"" type=""date"" onchange=""InfoHub.reload()"" aria-label=""From date"" class=""px-3 py-2 border border-slate-200 rounded-xl text-sm focus:ring-2 focus:ring-cyan-500 focus:border-cyan-500"">",source-indexed; NOT individually click-certified
admin/dashboards/info-dept.php,1869,"<input id=""ihTo"" type=""date"" onchange=""InfoHub.reload()"" aria-label=""To date"" class=""px-3 py-2 border border-slate-200 rounded-xl text-sm focus:ring-2 focus:ring-cyan-500 focus:border-cyan-500"">",source-indexed; NOT individually click-certified
admin/dashboards/info-dept.php,1871,"<button type=""button"" onclick=""InfoHub.exportAll()"" class=""px-3 py-2 text-xs font-semibold bg-slate-100 hover:bg-slate-200 text-slate-700 rounded-xl transition"">",source-indexed; NOT individually click-certified
admin/dashboards/info-dept.php,1875,"<button type=""button"" onclick=""InfoHub.refresh()"" class=""px-3 py-2 text-xs font-semibold bg-cyan-600 hover:bg-cyan-700 text-white rounded-xl transition"">",source-indexed; NOT individually click-certified
admin/dashboards/info-dept.php,1925,"<button type=""button"" onclick=""InfoHub.setSource('edu')"" id=""ihSrcEdu"" class=""ih-src px-3 py-1.5 text-xs font-semibold rounded-lg border transition"">",source-indexed; NOT individually click-certified
admin/dashboards/info-dept.php,1926,"<button type=""button"" onclick=""InfoHub.setSource('mezmur')"" id=""ihSrcMezmur"" class=""ih-src px-3 py-1.5 text-xs font-semibold rounded-lg border transition"">",source-indexed; NOT individually click-certified
admin/dashboards/info-dept.php,1927,"<button type=""button"" onclick=""InfoHub.setSource('hr')"" id=""ihSrcHr"" class=""ih-src px-3 py-1.5 text-xs font-semibold rounded-lg border transition"">",source-indexed; NOT individually click-certified
admin/dashboards/info-dept.php,1988,"<button onclick=""showAttTab(this,'attOverview')"" class=""atab atab-on"">",source-indexed; NOT individually click-certified
admin/dashboards/info-dept.php,1989,"<button onclick=""showAttTab(this,'attDaily')"" class=""atab"">",source-indexed; NOT individually click-certified
admin/dashboards/info-dept.php,1990,"<button onclick=""showAttTab(this,'attMember')"" class=""atab"">",source-indexed; NOT individually click-certified
admin/dashboards/info-dept.php,1991,"<button onclick=""showAttTab(this,'attRisk')"" class=""atab"">",source-indexed; NOT individually click-certified
admin/dashboards/info-dept.php,1992,"<button onclick=""showAttTab(this,'attStatus')"" class=""atab"">",source-indexed; NOT individually click-certified
admin/dashboards/info-dept.php,2017,"<input type=""date"" id=""attDailyDate"" class=""px-3 py-2 rounded-xl border border-slate-200 text-sm"" onchange=""loadDailyReport()"">",source-indexed; NOT individually click-certified
admin/dashboards/info-dept.php,2019,"<button onclick=""loadDailyReport()"" class=""px-4 py-2 bg-orange-500 text-white rounded-xl text-xs font-semibold hover:bg-orange-600 mt-4 sm:mt-0"">",source-indexed; NOT individually click-certified
admin/dashboards/info-dept.php,2037,"<input autocomplete=""off"" type=""text"" id=""attMemSearch"" class=""flex-1 px-3 py-2 rounded-xl border border-slate-200 text-sm"" placeholder=""Name, code, or phone..."" onkeyup=""if(event.key==='Enter')searchMemberAtt()"">",source-indexed; NOT individually click-certified
admin/dashboards/info-dept.php,2038,"<button onclick=""searchMemberAtt()"" class=""px-4 py-2 bg-orange-500 text-white rounded-xl text-xs font-semibold hover:bg-orange-600"">",source-indexed; NOT individually click-certified
admin/dashboards/info-dept.php,2051,"<select id=""attRiskDays"" class=""px-3 py-2 rounded-xl border border-slate-200 text-sm"">",source-indexed; NOT individually click-certified
admin/dashboards/info-dept.php,2060,"<select id=""attRiskThresh"" class=""px-3 py-2 rounded-xl border border-slate-200 text-sm"">",source-indexed; NOT individually click-certified
admin/dashboards/info-dept.php,2067,"<button onclick=""loadAtRisk()"" class=""px-4 py-2 bg-red-500 text-white rounded-xl text-xs font-semibold hover:bg-red-600"">",source-indexed; NOT individually click-certified
admin/dashboards/info-dept.php,2080,"<input autocomplete=""off"" type=""text"" id=""attStatusSearch"" class=""flex-1 px-3 py-2 rounded-xl border border-slate-200 text-sm"" placeholder=""Search member name, code, or phone..."" onkeyup=""if(event.key==='Enter')searchForStatus()"">",source-indexed; NOT individually click-certified
admin/dashboards/info-dept.php,2081,"<button onclick=""searchForStatus()"" class=""px-4 py-2 bg-violet-500 text-white rounded-xl text-xs font-semibold hover:bg-violet-600"">",source-indexed; NOT individually click-certified
admin/dashboards/info-dept.php,2108,"<a href=""/admin/reports.php"" class=""inline-flex items-center gap-2 px-4 py-2 rounded-xl bg-gradient-to-r from-blue-600 to-indigo-600 text-white text-xs font-semibold shadow hover:from-blue-700 hover:to-indigo-700 transition"">",source-indexed; NOT individually click-certified
admin/dashboards/info-dept.php,2143,"<select id=""pdfReportType"" onchange=""InfoReports.toggleFields()"" class=""w-full px-3 py-2 border border-slate-200 rounded-xl text-sm focus:ring-2 focus:ring-cyan-500 focus:border-cyan-500"">",source-indexed; NOT individually click-certified
admin/dashboards/info-dept.php,2154,"<select id=""pdfReportSource"" class=""w-full px-3 py-2 border border-slate-200 rounded-xl text-sm focus:ring-2 focus:ring-cyan-500 focus:border-cyan-500"">",source-indexed; NOT individually click-certified
admin/dashboards/info-dept.php,2162,"<input autocomplete=""off"" type=""search"" inputmode=""search"" id=""pdfMemberSearch"" data-member-picker-target=""pdfMemberId"" data-member-picker-status=""active"" class=""w-full px-3 py-2 mb-1 border border-slate-200 rounded-xl text-sm focus:ring-2 focus:ring-cyan-500 focus:border-cyan-500"" placeholder=""Search member…"">",source-indexed; NOT individually click-certified
admin/dashboards/info-dept.php,2166,"<select id=""pdfMemberId"" data-optional=""true"" class=""w-full px-3 py-1.5 border border-slate-200 rounded-xl text-sm focus:ring-2 focus:ring-cyan-500 focus:border-cyan-500"">",source-indexed; NOT individually click-certified
admin/dashboards/info-dept.php,2172,"<input type=""date"" id=""pdfFrom"" class=""w-full px-3 py-2 border border-slate-200 rounded-xl text-sm focus:ring-2 focus:ring-cyan-500 focus:border-cyan-500"">",source-indexed; NOT individually click-certified
admin/dashboards/info-dept.php,2176,"<input type=""date"" id=""pdfTo"" class=""w-full px-3 py-2 border border-slate-200 rounded-xl text-sm focus:ring-2 focus:ring-cyan-500 focus:border-cyan-500"">",source-indexed; NOT individually click-certified
admin/dashboards/info-dept.php,2181,"<button type=""button"" onclick=""InfoReports.download()"" class=""inline-flex items-center gap-2 px-4 py-2 rounded-xl bg-gradient-to-r from-red-500 to-rose-600 text-white text-xs font-semibold shadow hover:from-red-600 hover:to-rose-700 transition"">",source-indexed; NOT individually click-certified
admin/dashboards/info-dept.php,2191,"<a href=""/admin/export_pdf.php?format=csv&filter=all"" class=""panel p-4 hover:shadow-md transition block"">",source-indexed; NOT individually click-certified
admin/dashboards/info-dept.php,2201,"<a href=""/admin/export_pdf.php?format=csv&filter=active"" class=""panel p-4 hover:shadow-md transition block"">",source-indexed; NOT individually click-certified
admin/dashboards/info-dept.php,2211,"<a href=""/admin/export_pdf.php?format=pdf&filter=all"" target=""_blank"" class=""panel p-4 hover:shadow-md transition block"">",source-indexed; NOT individually click-certified
admin/dashboards/info-dept.php,2221,"<a href=""/admin/export_pdf.php?format=csv&filter=waiting"" class=""panel p-4 hover:shadow-md transition block"">",source-indexed; NOT individually click-certified
admin/dashboards/info-dept.php,2231,"<a href=""/admin/export_pdf.php?format=csv&filter=no_id"" class=""panel p-4 hover:shadow-md transition block"">",source-indexed; NOT individually click-certified
admin/dashboards/info-dept.php,2241,"<a href=""/admin/export_pdf.php?format=docx&filter=all"" class=""panel p-4 hover:shadow-md transition block"">",source-indexed; NOT individually click-certified
admin/dashboards/info-dept.php,2286,"<button onclick=""showSettingsTab(this,'stProfile')"" class=""stab stab-on"">",source-indexed; NOT individually click-certified
admin/dashboards/info-dept.php,2287,"<button onclick=""showSettingsTab(this,'stDept')"" class=""stab"">",source-indexed; NOT individually click-certified
admin/dashboards/info-dept.php,2288,"<button onclick=""showSettingsTab(this,'stPrefs')"" class=""stab"">",source-indexed; NOT individually click-certified
admin/dashboards/info-dept.php,2289,"<button onclick=""showSettingsTab(this,'stSystem')"" class=""stab"">",source-indexed; NOT individually click-certified
admin/dashboards/info-dept.php,2317,"<input type=""text"" id=""profUsername"" class=""w-full px-3 py-2.5 rounded-xl border border-slate-200 bg-slate-50 text-sm text-slate-500 cursor-not-allowed"" disabled>",source-indexed; NOT individually click-certified
admin/dashboards/info-dept.php,2322,"<input type=""text"" id=""profName"" class=""w-full px-3 py-2.5 rounded-xl border border-slate-200 text-sm focus:ring-2 focus:ring-emerald-200 focus:border-emerald-400"" placeholder=""Your full name"">",source-indexed; NOT individually click-certified
admin/dashboards/info-dept.php,2326,"<input type=""email"" id=""profEmail"" class=""w-full px-3 py-2.5 rounded-xl border border-slate-200 text-sm focus:ring-2 focus:ring-emerald-200 focus:border-emerald-400"" placeholder=""your@email.com"">",source-indexed; NOT individually click-certified
admin/dashboards/info-dept.php,2328,"<button onclick=""saveProfile()"" class=""px-5 py-2.5 bg-emerald-600 text-white rounded-xl text-xs font-semibold hover:bg-emerald-700 transition flex items-center gap-2"">",source-indexed; NOT individually click-certified
admin/dashboards/info-dept.php,2339,"<input type=""password"" id=""pwdCurrent"" class=""w-full px-3 py-2.5 rounded-xl border border-slate-200 text-sm focus:ring-2 focus:ring-amber-200 focus:border-amber-400"" placeholder=""Enter current password"">",source-indexed; NOT individually click-certified
admin/dashboards/info-dept.php,2344,"<input type=""password"" id=""pwdNew"" class=""w-full px-3 py-2.5 rounded-xl border border-slate-200 text-sm focus:ring-2 focus:ring-amber-200 focus:border-amber-400"" placeholder=""Min 12 characters"">",source-indexed; NOT individually click-certified
admin/dashboards/info-dept.php,2348,"<input type=""password"" id=""pwdConfirm"" class=""w-full px-3 py-2.5 rounded-xl border border-slate-200 text-sm focus:ring-2 focus:ring-amber-200 focus:border-amber-400"" placeholder=""Repeat new password"">",source-indexed; NOT individually click-certified
admin/dashboards/info-dept.php,2351,"<button onclick=""changePassword()"" class=""px-5 py-2.5 bg-amber-500 text-white rounded-xl text-xs font-semibold hover:bg-amber-600 transition flex items-center gap-2"">",source-indexed; NOT individually click-certified
admin/dashboards/info-dept.php,2366,"<input type=""text"" id=""deptNameEn"" class=""w-full px-3 py-2.5 rounded-xl border border-slate-200 text-sm focus:ring-2 focus:ring-blue-200 focus:border-blue-400"" placeholder=""Information Department"">",source-indexed; NOT individually click-certified
admin/dashboards/info-dept.php,2370,"<input type=""text"" id=""deptNameAm"" class=""w-full px-3 py-2.5 rounded-xl border border-slate-200 text-sm amharic-text focus:ring-2 focus:ring-blue-200 focus:border-blue-400"" placeholder=""ማብራሪያ ክፍል"">",source-indexed; NOT individually click-certified
admin/dashboards/info-dept.php,2374,"<input type=""text"" id=""churchNameEn"" class=""w-full px-3 py-2.5 rounded-xl border border-slate-200 text-sm focus:ring-2 focus:ring-blue-200 focus:border-blue-400"" placeholder=""<?= SCHOOL_TRANSLATION_EN ?>",source-indexed; NOT individually click-certified
admin/dashboards/info-dept.php,2378,"<input type=""text"" id=""churchNameAm"" class=""w-full px-3 py-2.5 rounded-xl border border-slate-200 text-sm amharic-text focus:ring-2 focus:ring-blue-200 focus:border-blue-400"" placeholder=""<?= SCHOOL_NAME_AMHARIC ?>",source-indexed; NOT individually click-certified
admin/dashboards/info-dept.php,2382,"<textarea id=""deptDesc"" rows=""3"" class=""w-full px-3 py-2.5 rounded-xl border border-slate-200 text-sm focus:ring-2 focus:ring-blue-200 focus:border-blue-400"" placeholder=""Brief description of the department..."">",source-indexed; NOT individually click-certified
admin/dashboards/info-dept.php,2386,"<button onclick=""saveDeptSettings()"" class=""px-5 py-2.5 bg-blue-600 text-white rounded-xl text-xs font-semibold hover:bg-blue-700 transition flex items-center gap-2"">",source-indexed; NOT individually click-certified
admin/dashboards/info-dept.php,2402,"<input type=""text"" id=""codePrefix"" class=""w-full px-3 py-2.5 rounded-xl border border-slate-200 text-sm focus:ring-2 focus:ring-violet-200 focus:border-violet-400"" placeholder=""e.g. WB (leave empty for no prefix)"">",source-indexed; NOT individually click-certified
admin/dashboards/info-dept.php,2407,"<select id=""codeDigits"" class=""w-full px-3 py-2.5 rounded-xl border border-slate-200 text-sm focus:ring-2 focus:ring-violet-200 focus:border-violet-400"" onchange=""updateCodePreview()"">",source-indexed; NOT individually click-certified
admin/dashboards/info-dept.php,2416,"<input type=""checkbox"" id=""autoGenCode"" class=""sr-only peer"" checked>",source-indexed; NOT individually click-certified
admin/dashboards/info-dept.php,2430,"<select id=""defAgeGroup"" class=""w-full px-3 py-2.5 rounded-xl border border-slate-200 text-sm focus:ring-2 focus:ring-teal-200 focus:border-teal-400"">",source-indexed; NOT individually click-certified
admin/dashboards/info-dept.php,2439,"<select id=""defMemType"" class=""w-full px-3 py-2.5 rounded-xl border border-slate-200 text-sm focus:ring-2 focus:ring-teal-200 focus:border-teal-400"">",source-indexed; NOT individually click-certified
admin/dashboards/info-dept.php,2446,"<select id=""defRegType"" class=""w-full px-3 py-2.5 rounded-xl border border-slate-200 text-sm focus:ring-2 focus:ring-teal-200 focus:border-teal-400"">",source-indexed; NOT individually click-certified
admin/dashboards/info-dept.php,2461,"<input type=""checkbox"" id=""phoneRequired"" class=""sr-only peer"">",source-indexed; NOT individually click-certified
admin/dashboards/info-dept.php,2468,"<input type=""checkbox"" id=""idAutoGen"" class=""sr-only peer"">",source-indexed; NOT individually click-certified
admin/dashboards/info-dept.php,2475,"<select id=""guardianAge"" class=""w-full px-3 py-2.5 rounded-xl border border-slate-200 text-sm focus:ring-2 focus:ring-rose-200 focus:border-rose-400"">",source-indexed; NOT individually click-certified
admin/dashboards/info-dept.php,2492,"<button onclick=""savePreferences()"" class=""px-5 py-2.5 bg-emerald-600 text-white rounded-xl text-xs font-semibold hover:bg-emerald-700 transition flex items-center gap-2"">",source-indexed; NOT individually click-certified
admin/dashboards/info-dept.php,2514,"<a href=""/admin/export_pdf.php?format=csv&filter=all"" class=""flex items-center gap-3 p-3 rounded-xl bg-slate-50 hover:bg-emerald-50 transition cursor-pointer"">",source-indexed; NOT individually click-certified
admin/dashboards/info-dept.php,2518,"<a href=""/admin/export_pdf.php?format=pdf&filter=all"" target=""_blank"" class=""flex items-center gap-3 p-3 rounded-xl bg-slate-50 hover:bg-red-50 transition cursor-pointer"">",source-indexed; NOT individually click-certified
admin/dashboards/info-dept.php,2526,"<a href=""/admin/system_health.php"" class=""flex items-center gap-3 p-3 rounded-xl bg-slate-50 hover:bg-blue-50 transition cursor-pointer"">",source-indexed; NOT individually click-certified
admin/dashboards/info-dept.php,2530,"<a href=""/admin/reports.php"" class=""flex items-center gap-3 p-3 rounded-xl bg-slate-50 hover:bg-violet-50 transition cursor-pointer"">",source-indexed; NOT individually click-certified
admin/dashboards/info-dept.php,2551,"<button data-section=""dashboard"" class=""flex flex-col items-center min-w-[64px] px-2 py-1.5 rounded-xl mobile-touch-target nav-bottom-active"">",source-indexed; NOT individually click-certified
admin/dashboards/info-dept.php,2556,"<button data-section=""manage"" class=""flex flex-col items-center min-w-[64px] px-2 py-1.5 rounded-xl mobile-touch-target opacity-80"">",source-indexed; NOT individually click-certified
admin/dashboards/info-dept.php,2561,"<button data-section=""archive"" class=""flex flex-col items-center min-w-[64px] px-2 py-1.5 rounded-xl mobile-touch-target opacity-80"">",source-indexed; NOT individually click-certified
admin/dashboards/info-dept.php,2567,"<button data-section=""groups"" class=""flex flex-col items-center min-w-[64px] px-2 py-1.5 rounded-xl mobile-touch-target opacity-80"">",source-indexed; NOT individually click-certified
admin/dashboards/info-dept.php,2572,"<button data-section=""attendance"" class=""flex flex-col items-center min-w-[64px] px-2 py-1.5 rounded-xl mobile-touch-target opacity-80"">",source-indexed; NOT individually click-certified
admin/dashboards/info-dept.php,2577,"<button data-section=""analytics"" class=""flex flex-col items-center min-w-[64px] px-2 py-1.5 rounded-xl mobile-touch-target opacity-80"">",source-indexed; NOT individually click-certified
admin/dashboards/info-dept.php,2582,"<button data-section=""reports"" class=""flex flex-col items-center min-w-[64px] px-2 py-1.5 rounded-xl mobile-touch-target opacity-80"">",source-indexed; NOT individually click-certified
admin/dashboards/info-dept.php,2587,"<button data-section=""settings"" class=""flex flex-col items-center min-w-[64px] px-2 py-1.5 rounded-xl mobile-touch-target opacity-80"">",source-indexed; NOT individually click-certified
admin/dashboards/info-dept.php,2617,"<button type=""button"" onclick=""document.getElementById('memberSuccessToast').classList.add('hidden')"" class=""text-xs uppercase tracking-wide bg-emerald-600/70 hover:bg-emerald-700 px-3 py-1 rounded-xl"">",source-indexed; NOT individually click-certified
admin/dashboards/info-dept.php,2635,"<button class=""w-8 h-8 rounded-full bg-slate-100 hover:bg-slate-200 flex items-center justify-center text-slate-500 transition"" onclick=""closeManageSheet()"">",source-indexed; NOT individually click-certified
admin/dashboards/info-dept.php,3610,"<select id=""archiveReason"" onchange=""checkArchiveConfirmation()"" class=""w-full px-4 py-3 border border-slate-200 rounded-xl text-sm focus:ring-2 focus:ring-amber-500 focus:border-amber-500"">",source-indexed; NOT individually click-certified
admin/dashboards/info-dept.php,3627,"<textarea id=""archiveNotes"" rows=""2"" placeholder=""Any additional information..."" class=""w-full px-4 py-3 border border-slate-200 rounded-xl text-sm focus:ring-2 focus:ring-amber-500 focus:border-amber-500 resize-none"">",source-indexed; NOT individually click-certified
admin/dashboards/info-dept.php,3636,"<input type=""text"" id=""archiveConfirmText"" oninput=""checkArchiveConfirmation()"" placeholder=""Type ARCHIVE here..."" class=""w-full px-4 py-3 border-2 border-red-200 rounded-xl text-sm font-mono text-center uppercase tracking-widest focus:ring-2 focus:ring-red-500 focus:border-red-500"">",source-indexed; NOT individually click-certified
admin/dashboards/info-dept.php,3644,"<button onclick=""closeArchiveModal()"" class=""flex-1 px-4 py-3 bg-white border border-slate-200 text-slate-600 font-semibold rounded-xl hover:bg-slate-100 transition"">",source-indexed; NOT individually click-certified
admin/dashboards/info-dept.php,3648,"<button id=""confirmArchiveBtn"" onclick=""confirmArchive()"" disabled class=""flex-1 px-4 py-3 bg-slate-300 text-white font-semibold rounded-xl cursor-not-allowed transition"">",source-indexed; NOT individually click-certified
admin/dashboards/info-dept.php,3698,"<button onclick=""closeDuplicateModal()"" class=""flex-1 px-4 py-3 bg-white border border-slate-200 text-slate-600 font-semibold rounded-xl hover:bg-slate-100 transition"">",source-indexed; NOT individually click-certified
admin/dashboards/info-dept.php,3702,"<button onclick=""proceedWithRegistration()"" class=""flex-1 px-4 py-3 bg-amber-500 hover:bg-amber-600 text-white font-semibold rounded-xl transition"">",source-indexed; NOT individually click-certified
admin/dashboards/info-dept.php,3806,"<button onclick=""restoreAndClose(${m.id}, '${fullName.replace(/'/g, ""\\'"")}')"" class=""flex-1 px-3 py-2 bg-emerald-500 hover:bg-emerald-600 text-white rounded-lg text-xs font-bold transition"">",source-indexed; NOT individually click-certified
admin/dashboards/info-dept.php,3810,"<button onclick=""viewExistingMember(${m.id})"" class=""flex-1 px-3 py-2 bg-blue-500 hover:bg-blue-600 text-white rounded-lg text-xs font-bold transition"">",source-indexed; NOT individually click-certified
admin/dashboards/info-dept.php,4168,"<button onclick=""document.getElementById(\'attMemDetail\').style.display=\'none\';document.getElementById(\'attMemResults\').style.display=\'block\'"" class=""text-xs text-orange-600 mb-3 hover:underline"">",source-indexed; NOT individually click-certified
admin/dashboards/info-dept.php,4186,"<button onclick=""quickStatusChange('+m.id+',\''+escapeHtml(m.student_name)+'\',\''+m.status+'\')"" class=""text-[10px] px-2 py-1 bg-amber-100 text-amber-700 rounded-lg hover:bg-amber-200"">",source-indexed; NOT individually click-certified
admin/dashboards/info-dept.php,4202,"<button onclick=""quickStatusChange('+m.id+',\''+escapeHtml(m.student_name+' '+m.father_name).replace(/'/g,""\\'"")+'\',\''+m.status+'\')"" class=""px-3 py-1.5 bg-violet-100 text-violet-700 rounded-lg text-[10px] font-semibold hover:bg-violet-200"">",source-indexed; NOT individually click-certified
admin/dashboards/info-dept.php,4695,"<button onclick=""adjustViewerZoom(-0.2)"" class=""w-10 h-10 rounded-full bg-white/5 hover:bg-white/20 text-slate-200 flex items-center justify-center transition"" title=""Zoom Out"">",source-indexed; NOT individually click-certified
admin/dashboards/info-dept.php,4698,"<button onclick=""resetViewerView()"" class=""w-10 h-10 rounded-full bg-white/5 hover:bg-white/20 text-slate-200 flex items-center justify-center transition"" title=""Reset"">",source-indexed; NOT individually click-certified
admin/dashboards/info-dept.php,4701,"<button onclick=""adjustViewerZoom(0.2)"" class=""w-10 h-10 rounded-full bg-white/5 hover:bg-white/20 text-slate-200 flex items-center justify-center transition"" title=""Zoom In"">",source-indexed; NOT individually click-certified
admin/dashboards/info-dept.php,4705,"<button onclick=""rotateViewerImg()"" class=""w-10 h-10 rounded-full bg-white/5 hover:bg-white/20 text-slate-200 flex items-center justify-center transition"" title=""Rotate"">",source-indexed; NOT individually click-certified
admin/dashboards/info-dept.php,4708,"<button onclick=""closeDocFullscreen()"" class=""w-10 h-10 rounded-full bg-red-500/20 hover:bg-red-500 text-red-200 hover:text-white flex items-center justify-center transition"" title=""Close"">",source-indexed; NOT individually click-certified
admin/dashboards/material_department.php,74,"<button class=""np active"" data-section=""dashboard"">",source-indexed; NOT individually click-certified
admin/dashboards/material_department.php,75,"<button class=""np"" data-section=""inventory"">",source-indexed; NOT individually click-certified
admin/dashboards/material_department.php,76,"<button class=""np"" data-section=""incoming"">",source-indexed; NOT individually click-certified
admin/dashboards/material_department.php,77,"<button class=""np"" data-section=""outgoing"">",source-indexed; NOT individually click-certified
admin/dashboards/material_department.php,78,"<button class=""np"" data-section=""requests"">",source-indexed; NOT individually click-certified
admin/dashboards/material_department.php,79,"<button class=""np"" data-section=""categories"">",source-indexed; NOT individually click-certified
admin/dashboards/material_department.php,82,"<a href=""/admin/logout.php"" class=""np"" style=""color:var(--bd)"">",source-indexed; NOT individually click-certified
admin/dashboards/material_department.php,87,"<a href=""/admin/dashboard.php"" class=""mob-back"">",source-indexed; NOT individually click-certified
admin/dashboards/material_department.php,114,"<button class=""btn bp bs"" onclick=""openItemModal()"">",source-indexed; NOT individually click-certified
admin/dashboards/material_department.php,114,"<button class=""btn bo bs"" onclick=""exportItems()"">",source-indexed; NOT individually click-certified
admin/dashboards/material_department.php,115,"<input autocomplete=""off"" type=""text"" id=""invSearch"" class=""inp"" style=""width:100%"" oninput=""loadItems()"" placeholder=""Search..."">",source-indexed; NOT individually click-certified
admin/dashboards/material_department.php,115,"<select id=""invCat"" class=""inp"" style=""width:100%"" onchange=""loadItems()"">",source-indexed; NOT individually click-certified
admin/dashboards/material_department.php,115,"<select id=""invStatus"" class=""inp"" style=""width:100%"" onchange=""loadItems()"">",source-indexed; NOT individually click-certified
admin/dashboards/material_department.php,122,"<select id=""inItem"" class=""inp"" style=""width:100%"">",source-indexed; NOT individually click-certified
admin/dashboards/material_department.php,123,"<input type=""number"" id=""inQty"" class=""inp"" style=""width:100%"" min=""1"">",source-indexed; NOT individually click-certified
admin/dashboards/material_department.php,123,"<input type=""date"" id=""inDate"" class=""inp"" style=""width:100%"">",source-indexed; NOT individually click-certified
admin/dashboards/material_department.php,124,"<input id=""inReason"" class=""inp"" style=""width:100%"">",source-indexed; NOT individually click-certified
admin/dashboards/material_department.php,125,"<input id=""inHandler"" class=""inp"" style=""width:100%"">",source-indexed; NOT individually click-certified
admin/dashboards/material_department.php,126,"<button class=""btn bp"" onclick=""addTxn('incoming')"">",source-indexed; NOT individually click-certified
admin/dashboards/material_department.php,132,"<select id=""outItem"" class=""inp"" style=""width:100%"">",source-indexed; NOT individually click-certified
admin/dashboards/material_department.php,133,"<input type=""number"" id=""outQty"" class=""inp"" style=""width:100%"" min=""1"">",source-indexed; NOT individually click-certified
admin/dashboards/material_department.php,133,"<input type=""date"" id=""outDate"" class=""inp"" style=""width:100%"">",source-indexed; NOT individually click-certified
admin/dashboards/material_department.php,134,"<input id=""outReason"" class=""inp"" style=""width:100%"">",source-indexed; NOT individually click-certified
admin/dashboards/material_department.php,135,"<input id=""outHandler"" class=""inp"" style=""width:100%"">",source-indexed; NOT individually click-certified
admin/dashboards/material_department.php,136,"<button class=""btn bp"" onclick=""addTxn('outgoing')"">",source-indexed; NOT individually click-certified
admin/dashboards/material_department.php,140,"<button class=""btn bp bs"" onclick=""openReqModal()"">",source-indexed; NOT individually click-certified
admin/dashboards/material_department.php,145,"<button class=""btn bp bs"" onclick=""openMatCatModal()"">",source-indexed; NOT individually click-certified
admin/dashboards/material_department.php,151,"<button onclick=""closeModal('itemModal')"" style=""background:none;border:none;color:var(--dm);font-size:1.25rem;cursor:pointer"">",source-indexed; NOT individually click-certified
admin/dashboards/material_department.php,153,"<input type=""hidden"" id=""itemId"" value=""0"">",source-indexed; NOT individually click-certified
admin/dashboards/material_department.php,154,"<input id=""itemName"" class=""inp"" style=""width:100%"">",source-indexed; NOT individually click-certified
admin/dashboards/material_department.php,155,"<select id=""itemCat"" class=""inp"" style=""width:100%"">",source-indexed; NOT individually click-certified
admin/dashboards/material_department.php,156,"<input id=""itemDesc"" class=""inp"" style=""width:100%"">",source-indexed; NOT individually click-certified
admin/dashboards/material_department.php,157,"<input type=""number"" id=""itemQty"" class=""inp"" style=""width:100%"" min=""0"">",source-indexed; NOT individually click-certified
admin/dashboards/material_department.php,157,"<input type=""number"" id=""itemMin"" class=""inp"" style=""width:100%"" min=""0"">",source-indexed; NOT individually click-certified
admin/dashboards/material_department.php,157,"<input id=""itemUnit"" class=""inp"" style=""width:100%"" value=""piece"">",source-indexed; NOT individually click-certified
admin/dashboards/material_department.php,158,"<input id=""itemLoc"" class=""inp"" style=""width:100%"">",source-indexed; NOT individually click-certified
admin/dashboards/material_department.php,158,"<select id=""itemCond"" class=""inp"" style=""width:100%"">",source-indexed; NOT individually click-certified
admin/dashboards/material_department.php,159,"<button class=""btn bp"" onclick=""saveItem()"">",source-indexed; NOT individually click-certified
admin/dashboards/material_department.php,162,"<button onclick=""closeModal('reqModal')"" style=""background:none;border:none;color:var(--dm);font-size:1.25rem;cursor:pointer"">",source-indexed; NOT individually click-certified
admin/dashboards/material_department.php,164,"<select id=""reqItem"" class=""inp"" style=""width:100%"">",source-indexed; NOT individually click-certified
admin/dashboards/material_department.php,165,"<input type=""number"" id=""reqQty"" class=""inp"" style=""width:100%"" min=""1"" value=""1"">",source-indexed; NOT individually click-certified
admin/dashboards/material_department.php,165,"<input id=""reqBy"" class=""inp"" style=""width:100%"">",source-indexed; NOT individually click-certified
admin/dashboards/material_department.php,166,"<input id=""reqDept"" class=""inp"" style=""width:100%"">",source-indexed; NOT individually click-certified
admin/dashboards/material_department.php,167,"<input id=""reqReason"" class=""inp"" style=""width:100%"">",source-indexed; NOT individually click-certified
admin/dashboards/material_department.php,168,"<button class=""btn bp"" onclick=""saveReq()"">",source-indexed; NOT individually click-certified
admin/dashboards/material_department.php,171,"<button onclick=""closeModal('matCatModal')"" style=""background:none;border:none;color:var(--dm);font-size:1.25rem;cursor:pointer"">",source-indexed; NOT individually click-certified
admin/dashboards/material_department.php,173,"<input id=""mcName"" class=""inp"" style=""width:100%"">",source-indexed; NOT individually click-certified
admin/dashboards/material_department.php,174,"<input id=""mcDesc"" class=""inp"" style=""width:100%"">",source-indexed; NOT individually click-certified
admin/dashboards/material_department.php,175,"<button class=""btn bp"" onclick=""saveMatCat()"">",source-indexed; NOT individually click-certified
admin/dashboards/material_department.php,182,"<button class=""wbws-bnav-btn active"" data-section=""dashboard"">",source-indexed; NOT individually click-certified
admin/dashboards/material_department.php,183,"<button class=""wbws-bnav-btn"" data-section=""inventory"">",source-indexed; NOT individually click-certified
admin/dashboards/material_department.php,184,"<button class=""wbws-bnav-btn"" data-section=""incoming"">",source-indexed; NOT individually click-certified
admin/dashboards/material_department.php,185,"<button class=""wbws-bnav-btn"" data-section=""outgoing"">",source-indexed; NOT individually click-certified
admin/dashboards/material_department.php,187,"<button class=""wbws-bnav-btn"" data-section=""requests"">",source-indexed; NOT individually click-certified
admin/dashboards/material_department.php,188,"<button class=""wbws-bnav-btn"" data-section=""categories"">",source-indexed; NOT individually click-certified
admin/dashboards/material_department.php,190,"<a href=""/admin/logout.php"" class=""wbws-bnav-btn bnav-exit"">",source-indexed; NOT individually click-certified
admin/dashboards/material_department.php,211,"<button class=""btn bo bs"" onclick=""editItem(${i.id})"" title=""Edit"">",source-indexed; NOT individually click-certified
admin/dashboards/material_department.php,211,"<button class=""btn bo bs"" onclick=""delItem(${i.id})"" title=""Delete"">",source-indexed; NOT individually click-certified
admin/dashboards/material_department.php,219,"<button class=""btn bs"" style=""background:var(--ok);color:#fff"" onclick=""updateReq(${q.id},'approved')"">",source-indexed; NOT individually click-certified
admin/dashboards/material_department.php,219,"<button class=""btn bs"" style=""background:var(--bd);color:#fff"" onclick=""updateReq(${q.id},'denied')"">",source-indexed; NOT individually click-certified
admin/dashboards/school_admin.php,271,"<button class=""np active"" data-section=""dashboard"">",source-indexed; NOT individually click-certified
admin/dashboards/school_admin.php,272,"<button class=""np"" data-section=""members"">",source-indexed; NOT individually click-certified
admin/dashboards/school_admin.php,273,"<button class=""np"" data-section=""attendance"">",source-indexed; NOT individually click-certified
admin/dashboards/school_admin.php,274,"<button class=""np"" data-section=""classes"">",source-indexed; NOT individually click-certified
admin/dashboards/school_admin.php,275,"<button class=""np"" data-section=""academicyear"">",source-indexed; NOT individually click-certified
admin/dashboards/school_admin.php,277,"<button class=""np"" data-section=""departments"">",source-indexed; NOT individually click-certified
admin/dashboards/school_admin.php,278,"<button class=""np"" data-section=""staff"">",source-indexed; NOT individually click-certified
admin/dashboards/school_admin.php,279,"<button class=""np"" data-section=""reports"">",source-indexed; NOT individually click-certified
admin/dashboards/school_admin.php,280,"<button class=""np"" data-section=""system"">",source-indexed; NOT individually click-certified
admin/dashboards/school_admin.php,282,"<a href=""/admin/logout.php"" class=""np"" style=""color:var(--bad);margin-top:.2rem"">",source-indexed; NOT individually click-certified
admin/dashboards/school_admin.php,287,"<button class=""btn bs"" style=""background:var(--warn);color:#000;font-size:.65rem"" onclick=""restoreRole()"">",source-indexed; NOT individually click-certified
admin/dashboards/school_admin.php,297,"<input id=""globalSearch"" placeholder=""Search members, sections..."" oninput=""globalSearchHandler(this.value)"" autocomplete=""off"">",source-indexed; NOT individually click-certified
admin/dashboards/school_admin.php,298,"<button class=""icon-btn"" onclick=""toggleNotif()"" id=""notifBtn"">",source-indexed; NOT individually click-certified
admin/dashboards/school_admin.php,298,"<button style=""background:none;border:none;color:var(--ac);font-size:.6rem;cursor:pointer;font-family:inherit"" onclick=""markAllRead()"">",source-indexed; NOT individually click-certified
admin/dashboards/school_admin.php,299,"<button class=""icon-btn"" onclick=""toggleTheme()"" title=""Toggle theme"">",source-indexed; NOT individually click-certified
admin/dashboards/school_admin.php,300,"<button class=""icon-btn"" onclick=""window.print()"" title=""Print"">",source-indexed; NOT individually click-certified
admin/dashboards/school_admin.php,319,"<a class=""qa-btn"" onclick=""nav('members')"">",source-indexed; NOT individually click-certified
admin/dashboards/school_admin.php,320,"<a class=""qa-btn"" onclick=""nav('attendance')"">",source-indexed; NOT individually click-certified
admin/dashboards/school_admin.php,321,"<a class=""qa-btn"" onclick=""nav('departments')"">",source-indexed; NOT individually click-certified
admin/dashboards/school_admin.php,322,"<a class=""qa-btn"" onclick=""nav('reports')"">",source-indexed; NOT individually click-certified
admin/dashboards/school_admin.php,323,"<a class=""qa-btn"" onclick=""nav('system')"">",source-indexed; NOT individually click-certified
admin/dashboards/school_admin.php,376,"<button class=""btn bo bs"" onclick=""exportData('excel')"" title=""Export the visible page"">",source-indexed; NOT individually click-certified
admin/dashboards/school_admin.php,376,"<button class=""btn bo bs"" onclick=""exportData('pdf')"" title=""Export the visible page"">",source-indexed; NOT individually click-certified
admin/dashboards/school_admin.php,376,"<button class=""btn bo bs"" onclick=""exportData('word')"" title=""Export the visible page"">",source-indexed; NOT individually click-certified
admin/dashboards/school_admin.php,376,"<a class=""btn bo bs"" href=""/admin/api_export_members.php?tier=all&amp;format=csv"">",source-indexed; NOT individually click-certified
admin/dashboards/school_admin.php,378,"<button class=""btn bs bo"" onclick=""resetFilters()"">",source-indexed; NOT individually click-certified
admin/dashboards/school_admin.php,380,"<input autocomplete=""off"" type=""text"" id=""fSearch"" class=""inp"" style=""width:100%"" placeholder=""Name, code, phone..."" oninput=""applyFilters()"">",source-indexed; NOT individually click-certified
admin/dashboards/school_admin.php,381,"<select id=""fStatus"" class=""inp"" style=""width:100%"" onchange=""applyFilters()"">",source-indexed; NOT individually click-certified
admin/dashboards/school_admin.php,382,"<select id=""fGender"" class=""inp"" style=""width:100%"" onchange=""applyFilters()"">",source-indexed; NOT individually click-certified
admin/dashboards/school_admin.php,383,"<select id=""fSection"" class=""inp"" style=""width:100%"" onchange=""applyFilters()"">",source-indexed; NOT individually click-certified
admin/dashboards/school_admin.php,384,"<select id=""fRegType"" class=""inp"" style=""width:100%"" onchange=""applyFilters()"">",source-indexed; NOT individually click-certified
admin/dashboards/school_admin.php,385,"<select id=""fMemberType"" class=""inp"" style=""width:100%"" onchange=""applyFilters()"">",source-indexed; NOT individually click-certified
admin/dashboards/school_admin.php,386,"<select id=""fAgeGroup"" class=""inp"" style=""width:100%"" onchange=""applyFilters()"">",source-indexed; NOT individually click-certified
admin/dashboards/school_admin.php,387,"<input autocomplete=""off"" type=""text"" id=""fCity"" class=""inp"" style=""width:100%"" placeholder=""City..."" oninput=""applyFilters()"">",source-indexed; NOT individually click-certified
admin/dashboards/school_admin.php,389,"<select id=""perPage"" class=""inp bs"" onchange=""applyFilters()"" style=""width:auto"">",source-indexed; NOT individually click-certified
admin/dashboards/school_admin.php,398,"<input type=""date"" id=""attFrom"" class=""inp"" style=""width:100%"">",source-indexed; NOT individually click-certified
admin/dashboards/school_admin.php,399,"<input type=""date"" id=""attTo"" class=""inp"" style=""width:100%"">",source-indexed; NOT individually click-certified
admin/dashboards/school_admin.php,400,"<select id=""attSection"" class=""inp"" style=""width:100%"">",source-indexed; NOT individually click-certified
admin/dashboards/school_admin.php,401,"<button class=""btn bp"" onclick=""loadAttReport()"" style=""width:100%"">",source-indexed; NOT individually click-certified
admin/dashboards/school_admin.php,404,"<button class=""btn bo bs"" onclick=""exportAtt()"">",source-indexed; NOT individually click-certified
admin/dashboards/school_admin.php,415,"<button class=""btn bo bs"" onclick=""toggleYearHelp()"" title=""Explain what each button here does"">",source-indexed; NOT individually click-certified
admin/dashboards/school_admin.php,415,"<button class=""btn bo bs"" onclick=""openRolloverModal()"" title=""Start the next school year and move students forward in one safe step"">",source-indexed; NOT individually click-certified
admin/dashboards/school_admin.php,415,"<button class=""btn bp bs"" onclick=""openYearModal()"">",source-indexed; NOT individually click-certified
admin/dashboards/school_admin.php,434,"<button class=""dept-switch"" onclick=""switchRole('hr_dept')"">",source-indexed; NOT individually click-certified
admin/dashboards/school_admin.php,436,"<button class=""dept-switch"" onclick=""switchRole('info_dept')"">",source-indexed; NOT individually click-certified
admin/dashboards/school_admin.php,438,"<button class=""dept-switch"" onclick=""switchRole('edu_dept')"">",source-indexed; NOT individually click-certified
admin/dashboards/school_admin.php,440,"<button class=""dept-switch"" onclick=""switchRole('finance_dept')"">",source-indexed; NOT individually click-certified
admin/dashboards/school_admin.php,442,"<button class=""dept-switch"" onclick=""switchRole('material_dept')"">",source-indexed; NOT individually click-certified
admin/dashboards/school_admin.php,443,"<button class=""dept-switch"" onclick=""switchRole('mezmur_dept')"">",source-indexed; NOT individually click-certified
admin/dashboards/school_admin.php,445,"<button class=""dept-switch"" onclick=""switchRole('teacher')"">",source-indexed; NOT individually click-certified
admin/dashboards/school_admin.php,447,"<button class=""dept-switch"" onclick=""switchRole('attendance_taker')"">",source-indexed; NOT individually click-certified
admin/dashboards/school_admin.php,453,"<button class=""btn bp bs"" onclick=""openAddUser()"">",source-indexed; NOT individually click-certified
admin/dashboards/school_admin.php,461,"<a class=""btn bo bs"" href=""/admin/api_export_members.php?tier=all&amp;format=csv"">",source-indexed; NOT individually click-certified
admin/dashboards/school_admin.php,462,"<select id=""crType"" class=""inp"" style=""width:100%"">",source-indexed; NOT individually click-certified
admin/dashboards/school_admin.php,462,"<select id=""crFmt"" class=""inp"" style=""width:100%"">",source-indexed; NOT individually click-certified
admin/dashboards/school_admin.php,462,"<button class=""btn bp bs"" onclick=""genCustomReport()"">",source-indexed; NOT individually click-certified
admin/dashboards/school_admin.php,491,"<button onclick=""document.getElementById('yearModal').classList.remove('show')"" style=""background:none;border:none;color:var(--dim);font-size:1.1rem;cursor:pointer"">",source-indexed; NOT individually click-certified
admin/dashboards/school_admin.php,493,"<input type=""hidden"" id=""yearFormId"" value=""0"">",source-indexed; NOT individually click-certified
admin/dashboards/school_admin.php,495,"<input id=""yearName"" class=""inp amharic"" style=""width:100%"" placeholder=""e.g. 2018 ዓ.ም."">",source-indexed; NOT individually click-certified
admin/dashboards/school_admin.php,496,"<input type=""number"" id=""yearEc"" class=""inp"" style=""width:100%"" oninput=""syncGcFromEc()"">",source-indexed; NOT individually click-certified
admin/dashboards/school_admin.php,498,"<input id=""yearGc"" class=""inp"" style=""width:100%;opacity:.65;cursor:not-allowed"" readonly tabindex=""-1"" placeholder=""auto from EC year"">",source-indexed; NOT individually click-certified
admin/dashboards/school_admin.php,500,"<input type=""date"" id=""yearStart"" class=""inp"" style=""width:100%"">",source-indexed; NOT individually click-certified
admin/dashboards/school_admin.php,501,"<input type=""date"" id=""yearEnd"" class=""inp"" style=""width:100%"">",source-indexed; NOT individually click-certified
admin/dashboards/school_admin.php,503,"<input type=""hidden"" id=""yearCurrent"" value=""0"">",source-indexed; NOT individually click-certified
admin/dashboards/school_admin.php,505,"<button class=""btn bp"" onclick=""saveYear()"">",source-indexed; NOT individually click-certified
admin/dashboards/school_admin.php,510,"<button onclick=""document.getElementById('rolloverModal').classList.remove('show')"" style=""background:none;border:none;color:var(--dim);font-size:1.1rem;cursor:pointer"">",source-indexed; NOT individually click-certified
admin/dashboards/school_admin.php,513,"<select id=""roOld"" class=""inp"" style=""width:100%"" onchange=""updateRolloverPreview()"">",source-indexed; NOT individually click-certified
admin/dashboards/school_admin.php,514,"<select id=""roNew"" class=""inp"" style=""width:100%"">",source-indexed; NOT individually click-certified
admin/dashboards/school_admin.php,516,"<input type=""radio"" name=""roMode"" value=""carry_forward"" checked style=""margin-top:.15rem"">",source-indexed; NOT individually click-certified
admin/dashboards/school_admin.php,517,"<input type=""radio"" name=""roMode"" value=""promote"" style=""margin-top:.15rem"">",source-indexed; NOT individually click-certified
admin/dashboards/school_admin.php,520,"<input id=""roConfirm"" class=""inp"" style=""width:100%"" placeholder=""ROLLOVER"" autocomplete=""off"">",source-indexed; NOT individually click-certified
admin/dashboards/school_admin.php,521,"<button class=""btn bp"" id=""roRunBtn"" onclick=""runRollover()"">",source-indexed; NOT individually click-certified
admin/dashboards/school_admin.php,529,"<button class=""btn bs bo"" onclick=""exportMemberProfile('pdf')"" title=""Export PDF"">",source-indexed; NOT individually click-certified
admin/dashboards/school_admin.php,530,"<button class=""btn bs bo"" onclick=""exportMemberProfile('word')"" title=""Export Word"">",source-indexed; NOT individually click-certified
admin/dashboards/school_admin.php,531,"<button onclick=""document.getElementById('memberModal').classList.remove('show')"" style=""background:none;border:none;color:var(--dim);font-size:1.1rem;cursor:pointer;margin-left:.3rem"">",source-indexed; NOT individually click-certified
admin/dashboards/school_admin.php,535,"<button onclick=""document.getElementById('addUserModal').classList.remove('show')"" style=""background:none;border:none;color:var(--dim);font-size:1.1rem;cursor:pointer"">",source-indexed; NOT individually click-certified
admin/dashboards/school_admin.php,535,"<input id=""nuName"" class=""inp"" style=""width:100%"" autocomplete=""off"">",source-indexed; NOT individually click-certified
admin/dashboards/school_admin.php,535,"<input id=""nuUser"" class=""inp"" style=""width:100%"" autocomplete=""off"">",source-indexed; NOT individually click-certified
admin/dashboards/school_admin.php,535,"<input id=""nuPass"" type=""password"" class=""inp"" style=""width:100%"" minlength=""12"" maxlength=""72"" autocomplete=""new-password"">",source-indexed; NOT individually click-certified
admin/dashboards/school_admin.php,535,"<select id=""nuRole"" class=""inp"" style=""width:100%"">",source-indexed; NOT individually click-certified
admin/dashboards/school_admin.php,535,"<button class=""btn bp"" onclick=""saveNewUser()"">",source-indexed; NOT individually click-certified
admin/dashboards/school_admin.php,543,"<button class=""wbws-bnav-btn active"" data-section=""dashboard"">",source-indexed; NOT individually click-certified
admin/dashboards/school_admin.php,544,"<button class=""wbws-bnav-btn"" data-section=""members"">",source-indexed; NOT individually click-certified
admin/dashboards/school_admin.php,545,"<button class=""wbws-bnav-btn"" data-section=""classes"">",source-indexed; NOT individually click-certified
admin/dashboards/school_admin.php,546,"<button class=""wbws-bnav-btn"" data-section=""attendance"">",source-indexed; NOT individually click-certified
admin/dashboards/school_admin.php,548,"<button class=""wbws-bnav-btn"" data-section=""departments"">",source-indexed; NOT individually click-certified
admin/dashboards/school_admin.php,549,"<button class=""wbws-bnav-btn"" data-section=""staff"">",source-indexed; NOT individually click-certified
admin/dashboards/school_admin.php,550,"<button class=""wbws-bnav-btn"" data-section=""reports"">",source-indexed; NOT individually click-certified
admin/dashboards/school_admin.php,551,"<button class=""wbws-bnav-btn"" data-section=""system"">",source-indexed; NOT individually click-certified
admin/dashboards/school_admin.php,553,"<a href=""/admin/logout.php"" class=""wbws-bnav-btn bnav-exit"">",source-indexed; NOT individually click-certified
admin/dashboards/school_admin.php,642,"<button class=""btn bo bs"" onclick=""viewMember(${parseInt(m.id,10)})"">",source-indexed; NOT individually click-certified
admin/dashboards/school_admin.php,642,"<button class=""btn bo bs"" onclick=""goP(${curPage-1})"" ${curPage<=1?'disabled':''}>",source-indexed; NOT individually click-certified
admin/dashboards/school_admin.php,642,"<button class=""btn bo bs"" onclick=""goP(${curPage+1})"" ${curPage>",source-indexed; NOT individually click-certified
admin/dashboards/school_admin.php,669,"<button class=""btn bs ${u.status==='active'?'bo':''}"" style=""${u.status!=='active'?'background:var(--ok);color:#fff':''}"" onclick=""toggleUser(${u.id},'${u.status}')"">",source-indexed; NOT individually click-certified
admin/dashboards/school_admin.php,827,"<button class=""btn-g"" onclick=""window.print()"">",source-indexed; NOT individually click-certified
admin/dashboards/school_admin.php,827,"<button class=""btn-o"" onclick=""window.close()"">",source-indexed; NOT individually click-certified
admin/dashboards/school_admin.php,975,"<button class=""btn-g"" onclick=""window.print()"">",source-indexed; NOT individually click-certified
admin/dashboards/school_admin.php,975,"<button class=""btn-o"" onclick=""window.close()"">",source-indexed; NOT individually click-certified
admin/dashboards/school_admin.php,1139,"<button class=""btn bo bs"" onclick=""viewTerms(${parseInt(x.id)})"" title=""Semesters"">",source-indexed; NOT individually click-certified
admin/dashboards/school_admin.php,1139,"<button class=""btn bo bs"" onclick=""editYearById(${parseInt(x.id)})"" title=""Edit"">",source-indexed; NOT individually click-certified
admin/dashboards/school_admin.php,1140,"<button class=""btn bo bs"" style=""color:var(--ok)"" onclick=""setCurrentYear(${parseInt(x.id)})"" title=""${st==='closed'?'Reopen and set active':'Set as active year'}"">",source-indexed; NOT individually click-certified
admin/dashboards/school_admin.php,1141,"<button class=""btn bo bs"" style=""color:var(--bad)"" onclick=""deleteYear(${parseInt(x.id)})"" title=""Delete empty year"">",source-indexed; NOT individually click-certified
admin/dashboards/school_admin.php,1276,"<button class=""btn bp bs"" onclick=""openTermModal(0)"">",source-indexed; NOT individually click-certified
admin/dashboards/school_admin.php,1276,"<button class=""btn bo bs"" onclick=""setCurrentTerm(${parseInt(t.id)})"">",source-indexed; NOT individually click-certified
admin/dashboards/school_admin.php,1276,"<button class=""btn bo bs"" onclick=""openTermModal(${parseInt(t.id)})"">",source-indexed; NOT individually click-certified
admin/dashboards/school_admin.php,1276,"<button class=""btn bo bs"" style=""color:var(--bad)"" onclick=""deleteTerm(${parseInt(t.id)})"">",source-indexed; NOT individually click-certified
admin/dashboards/school_admin.php,1282,"<button onclick=""document.getElementById('termModal').remove()"" style=""background:none;border:none;color:var(--dim);font-size:1.1rem;cursor:pointer"">",source-indexed; NOT individually click-certified
admin/dashboards/school_admin.php,1282,"<input id=""termName"" class=""inp amharic"" style=""width:100%"" value=""${isEdit?esc(t.term_name):''}"" placeholder=""e.g. 1ኛ ሴሚስተር"">",source-indexed; NOT individually click-certified
admin/dashboards/school_admin.php,1282,"<input type=""number"" id=""termNumber"" class=""inp"" style=""width:100%"" min=""1"" max=""4"" value=""${isEdit?(t.term_number||1):1}"">",source-indexed; NOT individually click-certified
admin/dashboards/school_admin.php,1282,"<input type=""date"" id=""termStart"" class=""inp"" style=""width:100%"" value=""${isEdit&&t.start_date?t.start_date:''}"">",source-indexed; NOT individually click-certified
admin/dashboards/school_admin.php,1282,"<input type=""date"" id=""termEnd"" class=""inp"" style=""width:100%"" value=""${isEdit&&t.end_date?t.end_date:''}"">",source-indexed; NOT individually click-certified
admin/dashboards/school_admin.php,1282,"<button class=""btn bp"" onclick=""saveTerm(${isEdit?parseInt(t.id):0})"">",source-indexed; NOT individually click-certified
admin/dashboards/sections/identity_codes_section.php,77,"<button type=""button"" class=""idc-tab active"" data-idctab=""departments"">",source-indexed; NOT individually click-certified
admin/dashboards/sections/identity_codes_section.php,78,"<button type=""button"" class=""idc-tab"" data-idctab=""positions"">",source-indexed; NOT individually click-certified
admin/dashboards/sections/identity_codes_section.php,79,"<button type=""button"" class=""idc-tab"" data-idctab=""types"">",source-indexed; NOT individually click-certified
admin/dashboards/sections/identity_codes_section.php,80,"<button type=""button"" class=""idc-tab"" data-idctab=""migration"">",source-indexed; NOT individually click-certified
admin/dashboards/sections/identity_codes_section.php,88,"<form id=""idcDeptForm"" class=""idc-rowform"" autocomplete=""off"">",source-indexed; NOT individually click-certified
admin/dashboards/sections/identity_codes_section.php,89,"<input type=""hidden"" name=""id"" value=""0"">",source-indexed; NOT individually click-certified
admin/dashboards/sections/identity_codes_section.php,90,"<input class=""form-input"" name=""code"" maxlength=""4"" pattern=""[A-Za-z]{1,4}"" required placeholder=""ED"" style=""text-transform:uppercase"">",source-indexed; NOT individually click-certified
admin/dashboards/sections/identity_codes_section.php,91,"<input class=""form-input eth"" name=""name_am"" maxlength=""100"" required placeholder=""ትምህርት ፍል"">",source-indexed; NOT individually click-certified
admin/dashboards/sections/identity_codes_section.php,92,"<input class=""form-input"" name=""name_en"" maxlength=""100"" placeholder=""Education"">",source-indexed; NOT individually click-certified
admin/dashboards/sections/identity_codes_section.php,93,"<input type=""checkbox"" name=""is_active"" value=""1"" checked style=""accent-color:#22c55e"">",source-indexed; NOT individually click-certified
admin/dashboards/sections/identity_codes_section.php,94,"<button class=""btn btn-primary btn-sm"" type=""submit"">",source-indexed; NOT individually click-certified
admin/dashboards/sections/identity_codes_section.php,94,"<button class=""btn btn-outline btn-sm"" type=""button"" data-idcreset=""idcDeptForm"">",source-indexed; NOT individually click-certified
admin/dashboards/sections/identity_codes_section.php,114,"<form id=""idcPosForm"" class=""idc-rowform"" autocomplete=""off"">",source-indexed; NOT individually click-certified
admin/dashboards/sections/identity_codes_section.php,115,"<input type=""hidden"" name=""id"" value=""0"">",source-indexed; NOT individually click-certified
admin/dashboards/sections/identity_codes_section.php,116,"<select class=""form-select"" name=""department_id"" id=""idcPosDept"">",source-indexed; NOT individually click-certified
admin/dashboards/sections/identity_codes_section.php,117,"<input class=""form-input"" name=""role_code"" maxlength=""4"" pattern=""[A-Za-z]{1,4}"" required placeholder=""T"" style=""text-transform:uppercase"">",source-indexed; NOT individually click-certified
admin/dashboards/sections/identity_codes_section.php,118,"<input class=""form-input eth"" name=""title_am"" maxlength=""100"" required placeholder=""መምህር"">",source-indexed; NOT individually click-certified
admin/dashboards/sections/identity_codes_section.php,119,"<input class=""form-input"" name=""title_en"" maxlength=""100"" placeholder=""Teacher"">",source-indexed; NOT individually click-certified
admin/dashboards/sections/identity_codes_section.php,120,"<select class=""form-select"" name=""legacy_flag"">",source-indexed; NOT individually click-certified
admin/dashboards/sections/identity_codes_section.php,121,"<input type=""checkbox"" name=""is_active"" value=""1"" checked style=""accent-color:#22c55e"">",source-indexed; NOT individually click-certified
admin/dashboards/sections/identity_codes_section.php,122,"<button class=""btn btn-primary btn-sm"" type=""submit"">",source-indexed; NOT individually click-certified
admin/dashboards/sections/identity_codes_section.php,122,"<button class=""btn btn-outline btn-sm"" type=""button"" data-idcreset=""idcPosForm"">",source-indexed; NOT individually click-certified
admin/dashboards/sections/identity_codes_section.php,153,"<button class=""btn btn-outline btn-sm"" id=""idcDryBtn"" type=""button"">",source-indexed; NOT individually click-certified
admin/dashboards/sections/identity_codes_section.php,154,"<button class=""btn btn-danger btn-sm"" id=""idcExecBtn"" type=""button"">",source-indexed; NOT individually click-certified
admin/dashboards/sections/identity_codes_section.php,167,"<input class=""form-input"" id=""idcModalInput"" style=""display:none;margin-bottom:.9rem"" autocomplete=""off"">",source-indexed; NOT individually click-certified
admin/dashboards/sections/identity_codes_section.php,169,"<button class=""btn btn-outline btn-sm"" id=""idcModalCancel"" type=""button"">",source-indexed; NOT individually click-certified
admin/dashboards/sections/identity_codes_section.php,170,"<button class=""btn btn-danger btn-sm"" id=""idcModalOk"" type=""button"">",source-indexed; NOT individually click-certified
admin/dashboards/sections/identity_codes_section.php,311,"<button class=""btn btn-outline btn-sm"" type=""button"">",source-indexed; NOT individually click-certified
admin/dashboards/sections/identity_codes_section.php,312,"<button class=""btn btn-danger btn-sm"" type=""button"">",source-indexed; NOT individually click-certified
admin/dashboards/sections/identity_codes_section.php,375,"<button class=""btn btn-outline btn-sm"" type=""button"">",source-indexed; NOT individually click-certified
admin/dashboards/sections/identity_codes_section.php,416,"<input class=""form-input eth"" style=""max-width:260px"" data-k=""am"" maxlength=""150"" value=""' + esc(t.label_am) + '"">",source-indexed; NOT individually click-certified
admin/dashboards/sections/identity_codes_section.php,417,"<input class=""form-input"" style=""max-width:260px"" data-k=""en"" maxlength=""150"" value=""' + esc(t.label_en) + '"">",source-indexed; NOT individually click-certified
admin/dashboards/sections/identity_codes_section.php,418,"<button class=""btn btn-primary btn-sm"" type=""button"">",source-indexed; NOT individually click-certified
admin/dashboards/super-admin.php,626,"<button class=""nav-link <?= $activeSection === 'overview' ? 'active' : '' ?>",source-indexed; NOT individually click-certified
admin/dashboards/super-admin.php,627,"<button class=""nav-link <?= $activeSection === 'users' ? 'active' : '' ?>",source-indexed; NOT individually click-certified
admin/dashboards/super-admin.php,628,"<a class=""nav-link"" href=""/admin/dashboards/content_editor.php"" title=""Open the Website Content (CMS) dashboard"">",source-indexed; NOT individually click-certified
admin/dashboards/super-admin.php,635,"<button class=""nav-link <?= $activeSection === 'departments' ? 'active' : '' ?>",source-indexed; NOT individually click-certified
admin/dashboards/super-admin.php,636,"<button class=""nav-link <?= $activeSection === 'identity' ? 'active' : '' ?>",source-indexed; NOT individually click-certified
admin/dashboards/super-admin.php,637,"<button class=""nav-link <?= $activeSection === 'health' ? 'active' : '' ?>",source-indexed; NOT individually click-certified
admin/dashboards/super-admin.php,638,"<button class=""nav-link <?= $activeSection === 'settings' ? 'active' : '' ?>",source-indexed; NOT individually click-certified
admin/dashboards/super-admin.php,639,"<button class=""nav-link <?= $activeSection === 'branding' ? 'active' : '' ?>",source-indexed; NOT individually click-certified
admin/dashboards/super-admin.php,646,"<button class=""nav-link <?= $activeSection === 'logs' ? 'active' : '' ?>",source-indexed; NOT individually click-certified
admin/dashboards/super-admin.php,647,"<button class=""nav-link <?= $activeSection === 'backup' ? 'active' : '' ?>",source-indexed; NOT individually click-certified
admin/dashboards/super-admin.php,648,"<button class=""nav-link <?= $activeSection === 'syshealth' ? 'active' : '' ?>",source-indexed; NOT individually click-certified
admin/dashboards/super-admin.php,649,"<a href=""/admin/dashboards/ai_assistant.php"" class=""nav-link"" style=""text-decoration:none"">",source-indexed; NOT individually click-certified
admin/dashboards/super-admin.php,658,"<a href=""/admin/logout.php"" class=""logout-btn"">",source-indexed; NOT individually click-certified
admin/dashboards/super-admin.php,697,"<button type=""button"" class=""btn btn-primary"" id=""testSeedLoadBtn"" onclick=""runTestSeed('load')"">",source-indexed; NOT individually click-certified
admin/dashboards/super-admin.php,698,"<button type=""button"" class=""btn btn-outline"" id=""testSeedClearBtn"" onclick=""if(confirm('Remove every TEST-FKSS practice member? Real members stay.'))runTestSeed('clear')"">",source-indexed; NOT individually click-certified
admin/dashboards/super-admin.php,710,"<button class=""btn btn-primary"" onclick=""switchSection('users')"">",source-indexed; NOT individually click-certified
admin/dashboards/super-admin.php,711,"<button class=""btn btn-primary"" onclick=""switchSection('backup')"">",source-indexed; NOT individually click-certified
admin/dashboards/super-admin.php,729,"<form method=""post"" action=""/admin/backend/user-delete.php"">",source-indexed; NOT individually click-certified
admin/dashboards/super-admin.php,730,"<input type=""hidden"" name=""delete_user_id"" value=""<?= (int)$deleteUser['id'] ?>",source-indexed; NOT individually click-certified
admin/dashboards/super-admin.php,732,"<input type=""password"" name=""superadmin_password"" class=""form-input"" placeholder=""Enter your password"">",source-indexed; NOT individually click-certified
admin/dashboards/super-admin.php,732,"<button type=""button"" class=""pw-toggle"" data-toggle>",source-indexed; NOT individually click-certified
admin/dashboards/super-admin.php,735,"<button type=""submit"" class=""btn btn-danger"">",source-indexed; NOT individually click-certified
admin/dashboards/super-admin.php,736,"<a href=""?section=users"" class=""btn btn-outline"">",source-indexed; NOT individually click-certified
admin/dashboards/super-admin.php,745,"<form method=""post"" action=""/admin/backend/user-save.php"">",source-indexed; NOT individually click-certified
admin/dashboards/super-admin.php,747,"<input type=""hidden"" name=""user_id"" value=""<?= $editUser ? (int)$editUser['id'] : '' ?>",source-indexed; NOT individually click-certified
admin/dashboards/super-admin.php,748,"<input type=""text"" name=""full_name"" class=""form-input"" value=""<?= e(fv('full_name', $editUser, $oldForm)) ?>",source-indexed; NOT individually click-certified
admin/dashboards/super-admin.php,749,"<input type=""text"" name=""username"" class=""form-input"" value=""<?= e(fv('username', $editUser, $oldForm)) ?>",source-indexed; NOT individually click-certified
admin/dashboards/super-admin.php,750,"<input type=""email"" name=""email"" class=""form-input"" value=""<?= e(fv('email', $editUser, $oldForm)) ?>",source-indexed; NOT individually click-certified
admin/dashboards/super-admin.php,752,"<select name=""role"" class=""form-select"">",source-indexed; NOT individually click-certified
admin/dashboards/super-admin.php,759,"<input type=""password"" name=""password"" class=""form-input"" minlength=""12"" maxlength=""72"" autocomplete=""new-password"" placeholder=""<?= $editUser ? 'New password (optional, 12+ characters)' : 'Set password (12+ characters)' ?>",source-indexed; NOT individually click-certified
admin/dashboards/super-admin.php,759,"<button type=""button"" class=""pw-toggle"" data-toggle>",source-indexed; NOT individually click-certified
admin/dashboards/super-admin.php,762,"<input type=""password"" name=""confirm_password"" class=""form-input"" placeholder=""Confirm password"">",source-indexed; NOT individually click-certified
admin/dashboards/super-admin.php,762,"<button type=""button"" class=""pw-toggle"" data-toggle>",source-indexed; NOT individually click-certified
admin/dashboards/super-admin.php,765,"<select name=""is_active"" class=""form-select"">",source-indexed; NOT individually click-certified
admin/dashboards/super-admin.php,771,"<button type=""submit"" class=""btn btn-primary"">",source-indexed; NOT individually click-certified
admin/dashboards/super-admin.php,772,"<a href=""?section=users"" class=""btn btn-outline"">",source-indexed; NOT individually click-certified
admin/dashboards/super-admin.php,789,"<a href=""?edit_id=<?= $u['id'] ?>",source-indexed; NOT individually click-certified
admin/dashboards/super-admin.php,791,"<a href=""?delete_id=<?= $u['id'] ?>",source-indexed; NOT individually click-certified
admin/dashboards/super-admin.php,842,"<button class=""btn btn-sm health-tab active"" data-htab=""security"" style=""border-radius:999px"">",source-indexed; NOT individually click-certified
admin/dashboards/super-admin.php,843,"<button class=""btn btn-sm health-tab"" data-htab=""server"" style=""border-radius:999px"">",source-indexed; NOT individually click-certified
admin/dashboards/super-admin.php,844,"<button class=""btn btn-sm health-tab"" data-htab=""database"" style=""border-radius:999px"">",source-indexed; NOT individually click-certified
admin/dashboards/super-admin.php,845,"<button class=""btn btn-sm health-tab"" data-htab=""files"" style=""border-radius:999px"">",source-indexed; NOT individually click-certified
admin/dashboards/super-admin.php,846,"<button class=""btn btn-sm health-tab"" data-htab=""errors"" style=""border-radius:999px"">",source-indexed; NOT individually click-certified
admin/dashboards/super-admin.php,1034,"<form method=""POST"" style=""display:inline"">",source-indexed; NOT individually click-certified
admin/dashboards/super-admin.php,1034,"<input type=""hidden"" name=""section"" value=""health"">",source-indexed; NOT individually click-certified
admin/dashboards/super-admin.php,1034,"<button type=""submit"" name=""clear_error_log_inline"" class=""btn btn-sm btn-danger"" onclick=""return confirm('Clear error log?')"">",source-indexed; NOT individually click-certified
admin/dashboards/super-admin.php,1058,"<a href=""../system_health.php"" class=""btn btn-primary btn-sm"" style=""justify-content:center;text-decoration:none"">",source-indexed; NOT individually click-certified
admin/dashboards/super-admin.php,1059,"<button class=""btn btn-outline btn-sm"" style=""justify-content:center"" onclick=""switchSection('backup')"">",source-indexed; NOT individually click-certified
admin/dashboards/super-admin.php,1060,"<button class=""btn btn-outline btn-sm"" style=""justify-content:center"" onclick=""switchSection('logs')"">",source-indexed; NOT individually click-certified
admin/dashboards/super-admin.php,1077,"<input type=""radio"" name=""calMode"" value=""ethiopian"" <?= $calendarMode === 'ethiopian' ? 'checked' : '' ?>",source-indexed; NOT individually click-certified
admin/dashboards/super-admin.php,1084,"<input type=""radio"" name=""calMode"" value=""gregorian"" <?= $calendarMode === 'gregorian' ? 'checked' : '' ?>",source-indexed; NOT individually click-certified
admin/dashboards/super-admin.php,1100,"<input class=""form-input"" value=""<?= SCHOOL_NAME_SHORT_AM ?>",source-indexed; NOT individually click-certified
admin/dashboards/super-admin.php,1101,"<input class=""form-input"" value=""Africa/Addis_Ababa"" readonly>",source-indexed; NOT individually click-certified
admin/dashboards/super-admin.php,1102,"<input class=""form-input"" value=""<?= ini_get('session.gc_maxlifetime') / 60 ?>",source-indexed; NOT individually click-certified
admin/dashboards/super-admin.php,1103,"<input class=""form-input"" value=""<?= ini_get('memory_limit') ?>",source-indexed; NOT individually click-certified
admin/dashboards/super-admin.php,1136,"<input type=""file"" accept=""image/png,image/jpeg,image/gif,image/webp,image/svg+xml"" style=""display:none"" onchange=""brandUpload('<?= $key ?>",source-indexed; NOT individually click-certified
admin/dashboards/super-admin.php,1144,"<button onclick=""brandRemove('<?= $key ?>",source-indexed; NOT individually click-certified
admin/dashboards/super-admin.php,1182,"<form method=""POST"" action=""/admin/tools/backup.php"">",source-indexed; NOT individually click-certified
admin/dashboards/super-admin.php,1182,"<button type=""submit"" class=""btn btn-primary"" style=""margin-top:.85rem"">",source-indexed; NOT individually click-certified
admin/dashboards/super-admin.php,1188,"<a href=""/admin/tools/download_backup.php?file=<?= urlencode($f['name']) ?>",source-indexed; NOT individually click-certified
admin/dashboards/super-admin.php,1199,"<a href=""?section=syshealth&refresh_health=1"" class=""btn btn-sm"" style=""white-space:nowrap"">",source-indexed; NOT individually click-certified
admin/dashboards/super-admin.php,1214,"<button class=""btn btn-sm sys-tab active"" data-stab=""api"" style=""border-radius:999px"">",source-indexed; NOT individually click-certified
admin/dashboards/super-admin.php,1215,"<button class=""btn btn-sm sys-tab"" data-stab=""integrity"" style=""border-radius:999px"">",source-indexed; NOT individually click-certified
admin/dashboards/super-admin.php,1216,"<button class=""btn btn-sm sys-tab"" data-stab=""quality"" style=""border-radius:999px"">",source-indexed; NOT individually click-certified
admin/dashboards/super-admin.php,1217,"<button class=""btn btn-sm sys-tab"" data-stab=""code"" style=""border-radius:999px"">",source-indexed; NOT individually click-certified
admin/dashboards/super-admin.php,1218,"<button class=""btn btn-sm sys-tab"" data-stab=""maintenance"" style=""border-radius:999px"">",source-indexed; NOT individually click-certified
admin/dashboards/super-admin.php,1385,"<button class=""btn btn-primary btn-sm"" style=""justify-content:center"" onclick=""switchSection('backup')"">",source-indexed; NOT individually click-certified
admin/dashboards/super-admin.php,1386,"<button class=""btn btn-outline btn-sm"" style=""justify-content:center"" onclick=""switchSection('health')"">",source-indexed; NOT individually click-certified
admin/dashboards/super-admin.php,1419,"<button class=""wbws-bnav-btn <?= $activeSection === 'overview' ? 'active' : '' ?>",source-indexed; NOT individually click-certified
admin/dashboards/super-admin.php,1420,"<button class=""wbws-bnav-btn <?= $activeSection === 'users' ? 'active' : '' ?>",source-indexed; NOT individually click-certified
admin/dashboards/super-admin.php,1421,"<button class=""wbws-bnav-btn <?= $activeSection === 'departments' ? 'active' : '' ?>",source-indexed; NOT individually click-certified
admin/dashboards/super-admin.php,1423,"<button class=""wbws-bnav-btn <?= $activeSection === 'health' ? 'active' : '' ?>",source-indexed; NOT individually click-certified
admin/dashboards/super-admin.php,1424,"<button class=""wbws-bnav-btn <?= $activeSection === 'settings' ? 'active' : '' ?>",source-indexed; NOT individually click-certified
admin/dashboards/super-admin.php,1425,"<button class=""wbws-bnav-btn <?= $activeSection === 'branding' ? 'active' : '' ?>",source-indexed; NOT individually click-certified
admin/dashboards/super-admin.php,1427,"<button class=""wbws-bnav-btn <?= $activeSection === 'logs' ? 'active' : '' ?>",source-indexed; NOT individually click-certified
admin/dashboards/super-admin.php,1428,"<button class=""wbws-bnav-btn <?= $activeSection === 'backup' ? 'active' : '' ?>",source-indexed; NOT individually click-certified
admin/dashboards/super-admin.php,1429,"<button class=""wbws-bnav-btn <?= $activeSection === 'syshealth' ? 'active' : '' ?>",source-indexed; NOT individually click-certified
admin/dashboards/super-admin.php,1431,"<a href=""/admin/dashboards/ai_assistant.php"" class=""wbws-bnav-btn"">",source-indexed; NOT individually click-certified
admin/dashboards/super-admin.php,1432,"<a href=""/admin/logout.php"" class=""wbws-bnav-btn bnav-exit"">",source-indexed; NOT individually click-certified
admin/dashboards/teacher.php,202,"<a href=""/admin/logout.php"" class=""nav-link text-red-300 hover:bg-red-500/20"">",source-indexed; NOT individually click-certified
admin/dashboards/teacher.php,232,"<button onclick=""showSection('dashboard')"" class=""mobile-nav px-4 py-2 rounded-full text-xs font-medium bg-sky-100 text-sky-700"">",source-indexed; NOT individually click-certified
admin/dashboards/teacher.php,233,"<button onclick=""showSection('grades')"" class=""mobile-nav px-4 py-2 rounded-full text-xs font-medium bg-gray-100"">",source-indexed; NOT individually click-certified
admin/dashboards/teacher.php,234,"<button onclick=""showSection('attendance')"" class=""mobile-nav px-4 py-2 rounded-full text-xs font-medium bg-gray-100"">",source-indexed; NOT individually click-certified
admin/dashboards/teacher.php,235,"<button onclick=""showSection('submissions')"" class=""mobile-nav px-4 py-2 rounded-full text-xs font-medium bg-gray-100"">",source-indexed; NOT individually click-certified
admin/dashboards/teacher.php,236,"<button onclick=""showSection('reports')"" class=""mobile-nav px-4 py-2 rounded-full text-xs font-medium bg-gray-100"">",source-indexed; NOT individually click-certified
admin/dashboards/teacher.php,237,"<button onclick=""showSection('students')"" class=""mobile-nav px-4 py-2 rounded-full text-xs font-medium bg-gray-100"">",source-indexed; NOT individually click-certified
admin/dashboards/teacher.php,243,"<a href=""/admin/dashboard.php"" class=""mob-back"">",source-indexed; NOT individually click-certified
admin/dashboards/teacher.php,300,"<button onclick=""goToGrades(<?= $a['class_id'] ?>",source-indexed; NOT individually click-certified
admin/dashboards/teacher.php,304,"<button onclick=""goToAttendance(<?= $a['class_id'] ?>",source-indexed; NOT individually click-certified
admin/dashboards/teacher.php,335,"<select id=""gradeAssignmentSelect"" class=""form-input"" onchange=""loadAssessments()"">",source-indexed; NOT individually click-certified
admin/dashboards/teacher.php,348,"<select id=""gradeAssessmentSelect"" class=""form-input"" onchange=""loadStudentsForGrading()"">",source-indexed; NOT individually click-certified
admin/dashboards/teacher.php,353,"<button onclick=""saveAllGrades()"" class=""btn btn-success w-full justify-center"" id=""saveGradesBtn"" style=""display:none;"">",source-indexed; NOT individually click-certified
admin/dashboards/teacher.php,407,"<select id=""attClassSelect"" class=""form-input"" onchange=""loadStudentsForAttendance()"">",source-indexed; NOT individually click-certified
admin/dashboards/teacher.php,416,"<input type=""date"" id=""attDateInput"" class=""form-input"" value=""<?= $todayDate ?>",source-indexed; NOT individually click-certified
admin/dashboards/teacher.php,423,"<button onclick=""markAllAttendance('present')"" class=""btn btn-sm btn-success"">",source-indexed; NOT individually click-certified
admin/dashboards/teacher.php,424,"<button onclick=""markAllAttendance('absent')"" class=""btn btn-sm"" style=""background:#fee2e2;color:#991b1b;"">",source-indexed; NOT individually click-certified
admin/dashboards/teacher.php,433,"<button onclick=""saveAttendance()"" class=""btn btn-success"">",source-indexed; NOT individually click-certified
admin/dashboards/teacher.php,476,"<select id=""studentsClassSelect"" class=""form-input"" onchange=""loadClassStudents()"">",source-indexed; NOT individually click-certified
admin/dashboards/teacher.php,530,"<select id=""submitAssignmentSelect"" class=""form-input"" onchange=""loadSubmitAssessments()"">",source-indexed; NOT individually click-certified
admin/dashboards/teacher.php,539,"<select id=""submitAssessmentSelect"" class=""form-input"" onchange=""loadSubmitStudents()"">",source-indexed; NOT individually click-certified
admin/dashboards/teacher.php,544,"<button onclick=""submitMarklist()"" class=""btn btn-success w-full justify-center"" id=""submitBtn"" style=""display:none"">",source-indexed; NOT individually click-certified
admin/dashboards/teacher.php,590,"<select id=""reportClassSelect"" class=""form-input"" onchange=""loadClassReport()"">",source-indexed; NOT individually click-certified
admin/dashboards/teacher.php,598,"<button onclick=""exportClassReport()"" class=""btn"" style=""background:#f1f5f9;color:#475569"" id=""exportReportBtn"" style=""display:none"">",source-indexed; NOT individually click-certified
admin/dashboards/teacher.php,760,"<input type=""number"" class=""grade-input"" data-member-id=""${s.member_id}"" value=""${s.score !== null ? s.score : ''}"" min=""0"" max=""${maxScore}"" step=""0.5"" placeholder=""—"">",source-indexed; NOT individually click-certified
admin/dashboards/teacher.php,761,"<input type=""text"" class=""form-input remarks-input"" style=""width:150px"" data-member-id=""${s.member_id}"" value=""${escapeHtml(s.remarks || '')}"" placeholder=""Remarks"">",source-indexed; NOT individually click-certified
admin/dashboards/teacher.php,839,"<button type=""button"" class=""att-btn att-present ${status === 'present' ? 'active' : ''}"" data-attendance-status=""present"" onclick=""setAttStatus(this, ${s.member_id || s.id}, 'present')"" title=""Present"">",source-indexed; NOT individually click-certified
admin/dashboards/teacher.php,840,"<button type=""button"" class=""att-btn att-absent ${status === 'absent' ? 'active' : ''}"" data-attendance-status=""absent"" onclick=""setAttStatus(this, ${s.member_id || s.id}, 'absent')"" title=""Absent"">",source-indexed; NOT individually click-certified
admin/dashboards/teacher.php,841,"<button type=""button"" class=""att-btn att-late ${status === 'late' ? 'active' : ''}"" data-attendance-status=""late"" onclick=""setAttStatus(this, ${s.member_id || s.id}, 'late')"" title=""Late"">",source-indexed; NOT individually click-certified
admin/dashboards/teacher.php,842,"<button type=""button"" class=""att-btn att-excused ${status === 'excused' ? 'active' : ''}"" data-attendance-status=""excused"" onclick=""setAttStatus(this, ${s.member_id || s.id}, 'excused')"" title=""Excused"">",source-indexed; NOT individually click-certified
admin/dashboards/teacher.php,845,"<input type=""text"" class=""form-input att-note"" style=""width:120px"" maxlength=""500"" data-member-id=""${s.member_id || s.id}"" value=""${escapeHtml(s.note || '')}"" placeholder=""Note"">",source-indexed; NOT individually click-certified
admin/dashboards/teacher.php,987,"<input type=""number"" class=""grade-input submit-score"" data-mid=""${s.member_id}"" min=""0"" max=""${maxScore}"" step=""0.5"" value=""${s.score!==null&&s.score!==undefined?s.score:''}"" placeholder=""—"">",source-indexed; NOT individually click-certified
admin/dashboards/teacher.php,988,"<input type=""text"" class=""form-input submit-remark"" data-mid=""${s.member_id}"" style=""width:120px"" value=""${escapeHtml(s.remarks||'')}"" placeholder=""Remark"">",source-indexed; NOT individually click-certified
admin/dashboards/teacher.php,1132,"<button onclick=""viewReportCard(${s.id},${document.getElementById('reportClassSelect').value})"" class=""text-xs text-indigo-600 hover:text-indigo-800 font-medium"">",source-indexed; NOT individually click-certified
admin/dashboards/teacher.php,1230,"<button onclick=""window.print()"" style=""padding:.5rem 1rem;background:#1e293b;color:#fff;border:none;border-radius:10px;font-size:.8rem;cursor:pointer"">",source-indexed; NOT individually click-certified
admin/dashboards/teacher.php,1231,"<button onclick=""document.getElementById('reportCardModal').style.display='none'"" style=""padding:.5rem 1rem;background:#f1f5f9;color:#475569;border:none;border-radius:10px;font-size:.8rem;cursor:pointer"">",source-indexed; NOT individually click-certified
admin/dashboards/teacher.php,1262,"<button class=""wbws-bnav-btn active"" onclick=""showSection('dashboard')"" data-sec=""dashboard"">",source-indexed; NOT individually click-certified
admin/dashboards/teacher.php,1263,"<button class=""wbws-bnav-btn"" onclick=""showSection('grades')"" data-sec=""grades"">",source-indexed; NOT individually click-certified
admin/dashboards/teacher.php,1264,"<button class=""wbws-bnav-btn"" onclick=""showSection('attendance')"" data-sec=""attendance"">",source-indexed; NOT individually click-certified
admin/dashboards/teacher.php,1266,"<button class=""wbws-bnav-btn"" onclick=""showSection('submissions')"" data-sec=""submissions"">",source-indexed; NOT individually click-certified
admin/dashboards/teacher.php,1267,"<button class=""wbws-bnav-btn"" onclick=""showSection('reports')"" data-sec=""reports"">",source-indexed; NOT individually click-certified
admin/dashboards/teacher.php,1268,"<button class=""wbws-bnav-btn"" onclick=""showSection('students')"" data-sec=""students"">",source-indexed; NOT individually click-certified
admin/dashboards/teacher.php,1270,"<a href=""/admin/logout.php"" class=""wbws-bnav-btn bnav-exit"">",source-indexed; NOT individually click-certified
admin/groups.php,114,"<a href=""dashboard.php"" class=""nav-link"">",source-indexed; NOT individually click-certified
admin/groups.php,116,"<button class=""nav-link active"" id=""navGroups"" onclick=""showPage('groups')"">",source-indexed; NOT individually click-certified
admin/groups.php,117,"<button class=""nav-link"" id=""navAnalytics"" onclick=""showPage('analytics')"">",source-indexed; NOT individually click-certified
admin/groups.php,118,"<button class=""nav-link"" onclick=""openGroupModal()"">",source-indexed; NOT individually click-certified
admin/groups.php,120,"<button class=""nav-link"" onclick=""exportAllGroups()"">",source-indexed; NOT individually click-certified
admin/groups.php,128,"<button class=""hamburger"" onclick=""toggleSidebar()"">",source-indexed; NOT individually click-certified
admin/groups.php,132,"<button class=""btn btn-secondary btn-sm"" onclick=""showPage('analytics')"">",source-indexed; NOT individually click-certified
admin/groups.php,133,"<button class=""btn btn-primary"" onclick=""openGroupModal()"">",source-indexed; NOT individually click-certified
admin/groups.php,152,"<input autocomplete=""off"" type=""text"" id=""searchInput"" placeholder=""Search groups..."" onkeyup=""debounceSearch()"">",source-indexed; NOT individually click-certified
admin/groups.php,154,"<button class=""tab-btn active"" onclick=""filterCat('all',this)"">",source-indexed; NOT individually click-certified
admin/groups.php,155,"<button class=""tab-btn"" onclick=""filterCat('ss',this)"">",source-indexed; NOT individually click-certified
admin/groups.php,156,"<button class=""tab-btn"" onclick=""filterCat('parish',this)"">",source-indexed; NOT individually click-certified
admin/groups.php,170,"<button class=""btn btn-sm btn-secondary"" onclick=""loadAnalytics()"">",source-indexed; NOT individually click-certified
admin/groups.php,180,"<button onclick=""closeModal('groupModal')"" class=""action-btn"">",source-indexed; NOT individually click-certified
admin/groups.php,181,"<form id=""groupForm"" onsubmit=""saveGroup(event)"">",source-indexed; NOT individually click-certified
admin/groups.php,182,"<input type=""hidden"" name=""id"" id=""gId"">",source-indexed; NOT individually click-certified
admin/groups.php,182,"<input type=""hidden"" name=""csrf_token"" value=""<?=$csrfToken?>",source-indexed; NOT individually click-certified
admin/groups.php,183,"<input type=""text"" name=""group_name"" id=""gName"" class=""form-input"" required placeholder=""e.g. &#4677;&#4849;&#4661; &#4634;&#4659;&#4772;&#4621; &#4635;&#4613;&#4704;&#4653;"">",source-indexed; NOT individually click-certified
admin/groups.php,184,"<input type=""text"" name=""group_name_en"" id=""gNameEn"" class=""form-input"" placeholder=""e.g. St. Michael Association"">",source-indexed; NOT individually click-certified
admin/groups.php,186,"<input type=""text"" name=""established_year"" id=""gEstYear"" class=""form-input"" placeholder=""2010"">",source-indexed; NOT individually click-certified
admin/groups.php,187,"<input type=""text"" name=""established_year_gc"" id=""gEstYearGc"" class=""form-input"" placeholder=""2018"">",source-indexed; NOT individually click-certified
admin/groups.php,189,"<input type=""checkbox"" name=""is_under_sunday_school"" id=""gUnderSS"" checked>",source-indexed; NOT individually click-certified
admin/groups.php,191,"<input type=""number"" name=""founding_male"" id=""gFM"" class=""form-input"" value=""0"" min=""0"">",source-indexed; NOT individually click-certified
admin/groups.php,191,"<input type=""number"" name=""founding_female"" id=""gFF"" class=""form-input"" value=""0"" min=""0"">",source-indexed; NOT individually click-certified
admin/groups.php,194,"<input type=""number"" name=""current_male"" id=""gCM"" class=""form-input"" value=""0"" min=""0"">",source-indexed; NOT individually click-certified
admin/groups.php,194,"<input type=""number"" name=""current_female"" id=""gCF"" class=""form-input"" value=""0"" min=""0"">",source-indexed; NOT individually click-certified
admin/groups.php,196,"<textarea name=""description"" id=""gDesc"" class=""form-textarea"" rows=""2"">",source-indexed; NOT individually click-certified
admin/groups.php,197,"<textarea name=""notes"" id=""gNotes"" class=""form-textarea"" rows=""2"">",source-indexed; NOT individually click-certified
admin/groups.php,199,"<button type=""button"" onclick=""closeModal('groupModal')"" class=""btn btn-outline"">",source-indexed; NOT individually click-certified
admin/groups.php,199,"<button type=""submit"" class=""btn btn-primary"" id=""saveGroupBtn"">",source-indexed; NOT individually click-certified
admin/groups.php,206,"<button onclick=""openPdfModal()"" class=""btn btn-sm btn-secondary"">",source-indexed; NOT individually click-certified
admin/groups.php,206,"<button onclick=""closeModal('viewModal')"" class=""action-btn"">",source-indexed; NOT individually click-certified
admin/groups.php,212,"<button onclick=""closeModal('memberModal')"" class=""action-btn"">",source-indexed; NOT individually click-certified
admin/groups.php,213,"<form id=""memberForm"" onsubmit=""saveMember(event)"">",source-indexed; NOT individually click-certified
admin/groups.php,214,"<input type=""hidden"" name=""id"" id=""mId"">",source-indexed; NOT individually click-certified
admin/groups.php,214,"<input type=""hidden"" name=""group_id"" id=""mGid"">",source-indexed; NOT individually click-certified
admin/groups.php,214,"<input type=""hidden"" name=""csrf_token"" value=""<?=$csrfToken?>",source-indexed; NOT individually click-certified
admin/groups.php,222,"<input type=""text"" name=""full_name"" id=""mName"" class=""form-input"" required>",source-indexed; NOT individually click-certified
admin/groups.php,222,"<input type=""text"" name=""full_name_en"" id=""mNameEn"" class=""form-input"">",source-indexed; NOT individually click-certified
admin/groups.php,223,"<input type=""text"" name=""baptismal_name"" id=""mBaptismal"" class=""form-input"">",source-indexed; NOT individually click-certified
admin/groups.php,223,"<select name=""gender"" id=""mGender"" class=""form-select"">",source-indexed; NOT individually click-certified
admin/groups.php,224,"<input type=""date"" name=""date_of_birth"" id=""mDob"" class=""form-input"">",source-indexed; NOT individually click-certified
admin/groups.php,224,"<input type=""date"" name=""joined_date"" id=""mJoined"" class=""form-input"">",source-indexed; NOT individually click-certified
admin/groups.php,228,"<input type=""tel"" name=""phone"" id=""mPhone"" class=""form-input"" placeholder=""09..."">",source-indexed; NOT individually click-certified
admin/groups.php,228,"<input type=""email"" name=""email"" id=""mEmail"" class=""form-input"">",source-indexed; NOT individually click-certified
admin/groups.php,229,"<input type=""text"" name=""city"" id=""mCity"" class=""form-input"" value=""Addis Ababa"">",source-indexed; NOT individually click-certified
admin/groups.php,229,"<input type=""text"" name=""sub_city"" id=""mSubCity"" class=""form-input"">",source-indexed; NOT individually click-certified
admin/groups.php,230,"<input type=""text"" name=""woreda"" id=""mWoreda"" class=""form-input"">",source-indexed; NOT individually click-certified
admin/groups.php,230,"<input type=""text"" name=""house_number"" id=""mHouse"" class=""form-input"">",source-indexed; NOT individually click-certified
admin/groups.php,234,"<select name=""education_level"" id=""mEdu"" class=""form-select"">",source-indexed; NOT individually click-certified
admin/groups.php,234,"<input type=""text"" name=""occupation"" id=""mOccupation"" class=""form-input"">",source-indexed; NOT individually click-certified
admin/groups.php,235,"<textarea name=""notes"" id=""mNotes"" class=""form-textarea"" rows=""3"">",source-indexed; NOT individually click-certified
admin/groups.php,239,"<button type=""button"" onclick=""prevStep()"" class=""btn btn-outline"" id=""prevBtn"" style=""display:none"">",source-indexed; NOT individually click-certified
admin/groups.php,240,"<button type=""button"" onclick=""closeModal('memberModal')"" class=""btn btn-outline"">",source-indexed; NOT individually click-certified
admin/groups.php,241,"<button type=""button"" onclick=""nextStep()"" class=""btn btn-primary"" id=""nextBtn"">",source-indexed; NOT individually click-certified
admin/groups.php,242,"<button type=""submit"" class=""btn btn-primary"" id=""saveMemberBtn"" style=""display:none"">",source-indexed; NOT individually click-certified
admin/groups.php,248,"<button onclick=""closeModal('leaderModal')"" class=""action-btn"">",source-indexed; NOT individually click-certified
admin/groups.php,249,"<form id=""leaderForm"" onsubmit=""saveLeader(event)"">",source-indexed; NOT individually click-certified
admin/groups.php,250,"<input type=""hidden"" name=""id"" id=""lId"">",source-indexed; NOT individually click-certified
admin/groups.php,250,"<input type=""hidden"" name=""group_id"" id=""lGid"">",source-indexed; NOT individually click-certified
admin/groups.php,250,"<input type=""hidden"" name=""csrf_token"" value=""<?=$csrfToken?>",source-indexed; NOT individually click-certified
admin/groups.php,251,"<input type=""text"" name=""leader_full_name"" id=""lName"" class=""form-input"" required>",source-indexed; NOT individually click-certified
admin/groups.php,251,"<input type=""text"" name=""leader_full_name_en"" id=""lNameEn"" class=""form-input"">",source-indexed; NOT individually click-certified
admin/groups.php,252,"<select name=""sex"" id=""lSex"" class=""form-select"">",source-indexed; NOT individually click-certified
admin/groups.php,252,"<input type=""tel"" name=""phone"" id=""lPhone"" class=""form-input"">",source-indexed; NOT individually click-certified
admin/groups.php,253,"<select name=""education_level"" id=""lEdu"" class=""form-select"">",source-indexed; NOT individually click-certified
admin/groups.php,253,"<input type=""text"" name=""responsibility"" id=""lResp"" class=""form-input"">",source-indexed; NOT individually click-certified
admin/groups.php,254,"<textarea name=""remark"" id=""lRemark"" class=""form-textarea"" rows=""2"">",source-indexed; NOT individually click-certified
admin/groups.php,256,"<button type=""button"" onclick=""closeModal('leaderModal')"" class=""btn btn-outline"">",source-indexed; NOT individually click-certified
admin/groups.php,256,"<button type=""submit"" class=""btn btn-primary"" id=""saveLeaderBtn"">",source-indexed; NOT individually click-certified
admin/groups.php,262,"<button onclick=""closeModal('pdfModal')"" class=""action-btn"">",source-indexed; NOT individually click-certified
admin/groups.php,266,"<input type=""checkbox"" id=""pdfInfo"" checked>",source-indexed; NOT individually click-certified
admin/groups.php,267,"<input type=""checkbox"" id=""pdfLeaders"" checked>",source-indexed; NOT individually click-certified
admin/groups.php,268,"<input type=""checkbox"" id=""pdfMembers"" checked>",source-indexed; NOT individually click-certified
admin/groups.php,269,"<input type=""checkbox"" id=""pdfStats"">",source-indexed; NOT individually click-certified
admin/groups.php,272,"<button onclick=""closeModal('pdfModal')"" class=""btn btn-outline"">",source-indexed; NOT individually click-certified
admin/groups.php,272,"<button onclick=""generatePdf()"" class=""btn btn-primary"">",source-indexed; NOT individually click-certified
admin/groups.php,277,"<button onclick=""closeModal('confirmModal')"" class=""action-btn"">",source-indexed; NOT individually click-certified
admin/groups.php,279,"<button onclick=""closeModal('confirmModal')"" class=""btn btn-outline"">",source-indexed; NOT individually click-certified
admin/groups.php,279,"<button id=""confirmBtn"" class=""btn btn-danger"">",source-indexed; NOT individually click-certified
admin/groups.php,334,"<button class=""action-btn view"" onclick=""viewGroup('+g.id+')"" title=""View"">",source-indexed; NOT individually click-certified
admin/groups.php,334,"<button class=""action-btn edit"" onclick=""editGroup('+g.id+')"" title=""Edit"">",source-indexed; NOT individually click-certified
admin/groups.php,334,"<button class=""action-btn danger"" onclick=""confirmDel('+g.id+',\''+esc(g.group_name).replace(/'/g,"""")+'\')"">",source-indexed; NOT individually click-certified
admin/groups.php,335,"<button '+(m.page<=1?'disabled':'')+' onclick=""goPage('+(m.page-1)+')"">",source-indexed; NOT individually click-certified
admin/groups.php,335,"<button class=""'+(i===m.page?'active':'')+'"" onclick=""goPage('+i+')"">",source-indexed; NOT individually click-certified
admin/groups.php,335,<button '+(m.page>,source-indexed; NOT individually click-certified
admin/groups.php,359,"<button onclick=""openLeaderModal('+id+')"" class=""btn btn-sm btn-primary"">",source-indexed; NOT individually click-certified
admin/groups.php,362,"<button class=""action-btn edit"" onclick=""editLeader('+l.id+')"">",source-indexed; NOT individually click-certified
admin/groups.php,362,"<button class=""action-btn danger"" onclick=""deleteLeader('+l.id+')"">",source-indexed; NOT individually click-certified
admin/groups.php,365,"<button onclick=""openMemberModal('+id+')"" class=""btn btn-sm btn-primary"">",source-indexed; NOT individually click-certified
admin/groups.php,368,"<button class=""action-btn edit"" onclick=""editMember('+m.id+')"">",source-indexed; NOT individually click-certified
admin/groups.php,368,"<button class=""action-btn danger"" onclick=""deleteMember('+m.id+')"">",source-indexed; NOT individually click-certified
admin/id_cards/view_id_card.php,273,"<a href=""<?= e($backDashboard) ?>",source-indexed; NOT individually click-certified
admin/id_cards/view_id_card.php,286,"<form method=""post"" action=""generate_id_card.php"" onsubmit=""return confirm('Update Issue Date to TODAY?')"">",source-indexed; NOT individually click-certified
admin/id_cards/view_id_card.php,289,"<input type=""hidden"" name=""member_id"" value=""<?= (int)$member_id ?>",source-indexed; NOT individually click-certified
admin/id_cards/view_id_card.php,290,"<input type=""hidden"" name=""action"" value=""renew"">",source-indexed; NOT individually click-certified
admin/id_cards/view_id_card.php,291,"<button type=""submit"" class=""bg-yellow-500 hover:bg-yellow-600 text-white px-4 py-2 rounded shadow font-semibold flex items-center gap-2 text-sm"">",source-indexed; NOT individually click-certified
admin/id_cards/view_id_card.php,296,"<button onclick=""downloadPNG('front')"" class=""bg-blue-600 hover:bg-blue-700 text-white px-3 py-2 rounded shadow font-semibold text-sm"">",source-indexed; NOT individually click-certified
admin/id_cards/view_id_card.php,297,"<button onclick=""downloadPNG('back')"" class=""bg-blue-600 hover:bg-blue-700 text-white px-3 py-2 rounded shadow font-semibold text-sm"">",source-indexed; NOT individually click-certified
admin/id_cards/view_id_card.php,298,"<button onclick=""downloadPDF()"" class=""bg-red-600 hover:bg-red-700 text-white px-3 py-2 rounded shadow font-semibold text-sm"">",source-indexed; NOT individually click-certified
admin/index.php,318,"<form class=""login-form"" action=""backend/login.php"" method=""POST"">",source-indexed; NOT individually click-certified
admin/index.php,324,"<input type=""text"" id=""username"" name=""username"" required placeholder=""Enter your username"" autocomplete=""username"">",source-indexed; NOT individually click-certified
admin/index.php,332,"<input type=""password"" id=""password"" name=""password"" required placeholder=""Enter your password"" autocomplete=""current-password"">",source-indexed; NOT individually click-certified
admin/index.php,338,"<input type=""checkbox"" name=""remember"" value=""1"">",source-indexed; NOT individually click-certified
admin/index.php,341,"<a href=""#"" class=""small-link"">",source-indexed; NOT individually click-certified
admin/index.php,344,"<button type=""submit"" class=""btn-primary"">",source-indexed; NOT individually click-certified
admin/info_manage_member.php,512,"<button id=""tab-preview"" class=""mm-tab border-emerald-600 text-emerald-700"" onclick=""switchManageTab('preview')"">",source-indexed; NOT individually click-certified
admin/info_manage_member.php,515,"<button id=""tab-edit"" class=""mm-tab border-transparent text-slate-500"" onclick=""switchManageTab('edit')"">",source-indexed; NOT individually click-certified
admin/info_manage_member.php,522,"<button class=""mm-btn mm-btn-green"" onclick=""window.open('/admin/print_member.php?id=<?= $m['id'] ?>",source-indexed; NOT individually click-certified
admin/info_manage_member.php,525,"<button class=""mm-btn mm-btn-gray"" onclick=""window.print()"">",source-indexed; NOT individually click-certified
admin/info_manage_member.php,698,"<form id=""editMemberForm"" onsubmit=""submitEditForm(event)"" enctype=""multipart/form-data"">",source-indexed; NOT individually click-certified
admin/info_manage_member.php,699,"<input type=""hidden"" name=""id"" value=""<?= $m['id'] ?>",source-indexed; NOT individually click-certified
admin/info_manage_member.php,718,"<input type=""file"" name=""student_photo"" accept=""image/*"" class=""mm-input"" style=""margin-top:10px;padding:8px;"">",source-indexed; NOT individually click-certified
admin/info_manage_member.php,729,"<input type=""file"" name=""guardian_photo"" accept=""image/*"" class=""mm-input"" style=""margin-top:10px;padding:8px;"">",source-indexed; NOT individually click-certified
admin/info_manage_member.php,747,"<input type=""file"" name=""doc_school_records"" accept=""image/*,.pdf"" class=""mm-input"" style=""padding:10px;"">",source-indexed; NOT individually click-certified
admin/info_manage_member.php,754,"<input type=""file"" name=""doc_spiritual"" accept=""image/*,.pdf"" class=""mm-input"" style=""padding:10px;"">",source-indexed; NOT individually click-certified
admin/info_manage_member.php,761,"<input type=""file"" name=""doc_signed_form"" accept=""image/*,.pdf"" class=""mm-input"" style=""padding:10px;"">",source-indexed; NOT individually click-certified
admin/info_manage_member.php,775,"<select name=""status"" class=""mm-input"">",source-indexed; NOT individually click-certified
admin/info_manage_member.php,785,"<select name=""registration_type"" class=""mm-input"">",source-indexed; NOT individually click-certified
admin/info_manage_member.php,793,"<select name=""member_type"" class=""mm-input"">",source-indexed; NOT individually click-certified
admin/info_manage_member.php,812,"<input type=""text"" name=""student_name"" value=""<?= e($m['student_name']) ?>",source-indexed; NOT individually click-certified
admin/info_manage_member.php,817,"<input type=""text"" name=""father_name"" value=""<?= e($m['father_name']) ?>",source-indexed; NOT individually click-certified
admin/info_manage_member.php,821,"<input type=""text"" name=""grandfather_name"" value=""<?= e($m['grandfather_name']) ?>",source-indexed; NOT individually click-certified
admin/info_manage_member.php,826,"<input type=""text"" name=""baptismal_name"" value=""<?= e($m['baptismal_name']) ?>",source-indexed; NOT individually click-certified
admin/info_manage_member.php,831,"<select name=""gender"" class=""mm-input"">",source-indexed; NOT individually click-certified
admin/info_manage_member.php,838,"<select name=""education_level"" class=""mm-input"">",source-indexed; NOT individually click-certified
admin/info_manage_member.php,851,"<select name=""spiritual_education"" class=""mm-input"" style=""border-color: #10b981; background: #ecfdf5;"">",source-indexed; NOT individually click-certified
admin/info_manage_member.php,873,"<input type=""number"" name=""dob_day"" value=""<?= $m['dob_ec_day'] ?>",source-indexed; NOT individually click-certified
admin/info_manage_member.php,874,"<input type=""number"" name=""dob_month"" value=""<?= $m['dob_ec_month'] ?>",source-indexed; NOT individually click-certified
admin/info_manage_member.php,875,"<input type=""number"" name=""dob_year"" value=""<?= $m['dob_ec_year'] ?>",source-indexed; NOT individually click-certified
admin/info_manage_member.php,880,"<input type=""text"" name=""work_profession"" value=""<?= e($m['work_profession']) ?>",source-indexed; NOT individually click-certified
admin/info_manage_member.php,895,"<input type=""tel"" name=""phone_number"" value=""<?= e($m['phone_number']) ?>",source-indexed; NOT individually click-certified
admin/info_manage_member.php,899,"<input type=""tel"" name=""alt_phone_number"" value=""<?= e($m['alt_phone_number']) ?>",source-indexed; NOT individually click-certified
admin/info_manage_member.php,904,"<input type=""text"" name=""guardian_name"" value=""<?= e($m['guardian_name']) ?>",source-indexed; NOT individually click-certified
admin/info_manage_member.php,909,"<input type=""tel"" name=""guardian_phone1"" value=""<?= e($m['guardian_phone1']) ?>",source-indexed; NOT individually click-certified
admin/info_manage_member.php,913,"<input type=""tel"" name=""guardian_phone2"" value=""<?= e($m['guardian_phone2']) ?>",source-indexed; NOT individually click-certified
admin/info_manage_member.php,929,"<input type=""text"" name=""city"" value=""<?= e($m['city']) ?>",source-indexed; NOT individually click-certified
admin/info_manage_member.php,933,"<input type=""text"" name=""sub_city"" value=""<?= e($m['sub_city']) ?>",source-indexed; NOT individually click-certified
admin/info_manage_member.php,939,"<input type=""text"" name=""woreda"" value=""<?= e($m['woreda']) ?>",source-indexed; NOT individually click-certified
admin/info_manage_member.php,943,"<input type=""text"" name=""mender"" value=""<?= e($m['mender']) ?>",source-indexed; NOT individually click-certified
admin/info_manage_member.php,949,"<input type=""text"" name=""block_number"" value=""<?= e($m['block_number']) ?>",source-indexed; NOT individually click-certified
admin/info_manage_member.php,953,"<input type=""text"" name=""house_number"" value=""<?= e($m['house_number']) ?>",source-indexed; NOT individually click-certified
admin/info_manage_member.php,976,"<input type=""checkbox"" name=""position_ids[]"" value=""<?= (int)$pos['id'] ?>",source-indexed; NOT individually click-certified
admin/info_manage_member.php,979,"<input type=""checkbox"" name=""position_ids[]"" value=""<?= (int)$pos['id'] ?>",source-indexed; NOT individually click-certified
admin/info_manage_member.php,988,"<button type=""submit"" class=""mm-save"">",source-indexed; NOT individually click-certified
admin/js/content_editor.js,108,"<button class=""btn btn-ghost btn-sm"" type=""button"" data-content-action=""registration-view"" data-record-index=""${index}"">",source-indexed; NOT individually click-certified
admin/js/content_editor.js,142,"<select id=""m_status"">",source-indexed; NOT individually click-certified
admin/js/content_editor.js,149,"<textarea id=""m_notes"" placeholder=""Internal notes (not shown publicly)"">",source-indexed; NOT individually click-certified
admin/js/content_editor.js,150,"<button class=""btn btn-danger btn-sm"" type=""button"" data-content-action=""registration-delete"" data-record-index=""${index}"">",source-indexed; NOT individually click-certified
admin/js/content_editor.js,172,"<button type=""button"" class=""modal-close"" style=""font-size:0.9rem;padding:0 0 0 4px"" data-content-action=""category-edit"" data-record-index=""${index}"">",source-indexed; NOT individually click-certified
admin/js/content_editor.js,194,"<button class=""btn btn-ghost btn-sm"" type=""button"" data-content-action=""photo-edit"" data-record-index=""${index}"">",source-indexed; NOT individually click-certified
admin/js/content_editor.js,195,"<button class=""btn btn-danger btn-sm"" type=""button"" data-content-action=""photo-delete"" data-record-index=""${index}"">",source-indexed; NOT individually click-certified
admin/js/content_editor.js,209,"<input type=""file"" id=""m_image"" accept=""image/jpeg,image/png,image/gif,image/webp"" multiple>",source-indexed; NOT individually click-certified
admin/js/content_editor.js,210,"<select id=""m_category"">",source-indexed; NOT individually click-certified
admin/js/content_editor.js,211,"<input type=""text"" id=""m_caption"" placeholder=""e.g. Christmas celebration 2025"">",source-indexed; NOT individually click-certified
admin/js/content_editor.js,212,"<input type=""text"" id=""m_caption_am"" class=""amharic"" placeholder=""የገና በዓል"">",source-indexed; NOT individually click-certified
admin/js/content_editor.js,213,"<input type=""checkbox"" id=""m_featured"">",source-indexed; NOT individually click-certified
admin/js/content_editor.js,222,"<input type=""file"" id=""m_image"" accept=""image/jpeg,image/png,image/gif,image/webp"">",source-indexed; NOT individually click-certified
admin/js/content_editor.js,223,"<select id=""m_category"">",source-indexed; NOT individually click-certified
admin/js/content_editor.js,224,"<input type=""text"" id=""m_caption"" value=""${escAttr(p.caption||'')}"">",source-indexed; NOT individually click-certified
admin/js/content_editor.js,225,"<input type=""text"" id=""m_caption_am"" class=""amharic"" value=""${escAttr(p.caption_am||'')}"">",source-indexed; NOT individually click-certified
admin/js/content_editor.js,226,"<input type=""checkbox"" id=""m_featured""${p.is_featured==1?' checked':''}>",source-indexed; NOT individually click-certified
admin/js/content_editor.js,242,"<input type=""text"" id=""m_name"" placeholder=""e.g. Events"">",source-indexed; NOT individually click-certified
admin/js/content_editor.js,243,"<input type=""text"" id=""m_name_am"" class=""amharic"">",source-indexed; NOT individually click-certified
admin/js/content_editor.js,244,"<textarea id=""m_description"">",source-indexed; NOT individually click-certified
admin/js/content_editor.js,252,"<input type=""text"" id=""m_name"" value=""${escAttr(c.name)}"">",source-indexed; NOT individually click-certified
admin/js/content_editor.js,253,"<input type=""text"" id=""m_name_am"" class=""amharic"" value=""${escAttr(c.name_am||'')}"">",source-indexed; NOT individually click-certified
admin/js/content_editor.js,254,"<textarea id=""m_description"">",source-indexed; NOT individually click-certified
admin/js/content_editor.js,255,"<button class=""btn btn-danger btn-sm"" type=""button"" id=""deleteCategory"">",source-indexed; NOT individually click-certified
admin/js/content_editor.js,284,"<button class=""btn btn-ghost btn-sm"" type=""button"" data-content-action=""teacher-edit"" data-record-index=""${index}"">",source-indexed; NOT individually click-certified
admin/js/content_editor.js,285,"<button class=""btn btn-danger btn-sm"" type=""button"" data-content-action=""teacher-delete"" data-record-index=""${index}"">",source-indexed; NOT individually click-certified
admin/js/content_editor.js,293,"<input type=""file"" id=""m_photo"" accept=""image/*"">",source-indexed; NOT individually click-certified
admin/js/content_editor.js,295,"<input type=""text"" id=""m_name"" value=""${escAttr(t.name||'')}"">",source-indexed; NOT individually click-certified
admin/js/content_editor.js,296,"<input type=""text"" id=""m_name_am"" class=""amharic"" value=""${escAttr(t.name_am||'')}"">",source-indexed; NOT individually click-certified
admin/js/content_editor.js,299,"<input type=""text"" id=""m_role_title"" value=""${escAttr(t.role_title||'')}"" placeholder=""e.g. Head Teacher"">",source-indexed; NOT individually click-certified
admin/js/content_editor.js,300,"<input type=""text"" id=""m_role_title_am"" class=""amharic"" value=""${escAttr(t.role_title_am||'')}"">",source-indexed; NOT individually click-certified
admin/js/content_editor.js,302,"<textarea id=""m_bio"">",source-indexed; NOT individually click-certified
admin/js/content_editor.js,304,"<input type=""number"" id=""m_sort_order"" value=""${escAttr(t.sort_order||0)}"">",source-indexed; NOT individually click-certified
admin/js/content_editor.js,305,"<input type=""checkbox"" id=""m_active""${(t.is_active==1||t.id===undefined)?' checked':''}>",source-indexed; NOT individually click-certified
admin/js/content_editor.js,328,"<button class=""btn btn-ghost btn-sm"" type=""button"" data-content-action=""schedule-edit"" data-record-index=""${index}"">",source-indexed; NOT individually click-certified
admin/js/content_editor.js,328,"<button class=""btn btn-danger btn-sm"" type=""button"" data-content-action=""schedule-delete"" data-record-index=""${index}"">",source-indexed; NOT individually click-certified
admin/js/content_editor.js,338,"<input type=""text"" id=""m_day_of_week"" value=""${escAttr(s.day_of_week||'')}"" placeholder=""Sunday"">",source-indexed; NOT individually click-certified
admin/js/content_editor.js,339,"<input type=""text"" id=""m_day_of_week_am"" class=""amharic"" value=""${escAttr(s.day_of_week_am||'')}"" placeholder=""እሁድ"">",source-indexed; NOT individually click-certified
admin/js/content_editor.js,341,"<input type=""text"" id=""m_time_label"" value=""${escAttr(s.time_label||'')}"" placeholder=""e.g. 8:00 AM - 10:00 AM"">",source-indexed; NOT individually click-certified
admin/js/content_editor.js,343,"<input type=""text"" id=""m_activity"" value=""${escAttr(s.activity||'')}"">",source-indexed; NOT individually click-certified
admin/js/content_editor.js,344,"<input type=""text"" id=""m_activity_am"" class=""amharic"" value=""${escAttr(s.activity_am||'')}"">",source-indexed; NOT individually click-certified
admin/js/content_editor.js,346,"<input type=""text"" id=""m_location"" value=""${escAttr(s.location||'')}"">",source-indexed; NOT individually click-certified
admin/js/content_editor.js,348,"<input type=""number"" id=""m_sort_order"" value=""${escAttr(s.sort_order||0)}"">",source-indexed; NOT individually click-certified
admin/js/content_editor.js,349,"<input type=""checkbox"" id=""m_active""${(s.is_active==1||s.id===undefined)?' checked':''}>",source-indexed; NOT individually click-certified
admin/js/content_editor.js,372,"<button class=""btn btn-ghost btn-sm"" type=""button"" data-content-action=""program-edit"" data-record-index=""${index}"">",source-indexed; NOT individually click-certified
admin/js/content_editor.js,373,"<button class=""btn btn-danger btn-sm"" type=""button"" data-content-action=""program-delete"" data-record-index=""${index}"">",source-indexed; NOT individually click-certified
admin/js/content_editor.js,380,"<input type=""text"" id=""m_icon_class"" value=""${escAttr(p.icon_class||'fa-solid fa-book')}"" placeholder=""fa-solid fa-book"">",source-indexed; NOT individually click-certified
admin/js/content_editor.js,382,"<input type=""text"" id=""m_title"" value=""${escAttr(p.title||'')}"">",source-indexed; NOT individually click-certified
admin/js/content_editor.js,383,"<input type=""text"" id=""m_title_am"" class=""amharic"" value=""${escAttr(p.title_am||'')}"">",source-indexed; NOT individually click-certified
admin/js/content_editor.js,385,"<textarea id=""m_description"">",source-indexed; NOT individually click-certified
admin/js/content_editor.js,386,"<textarea id=""m_description_am"" class=""amharic"">",source-indexed; NOT individually click-certified
admin/js/content_editor.js,387,"<textarea id=""m_features"" placeholder=""Bible study&#10;Prayer&#10;Hymns"">",source-indexed; NOT individually click-certified
admin/js/content_editor.js,389,"<input type=""number"" id=""m_sort_order"" value=""${escAttr(p.sort_order||0)}"">",source-indexed; NOT individually click-certified
admin/js/content_editor.js,390,"<input type=""checkbox"" id=""m_active""${(p.is_active==1||p.id===undefined)?' checked':''}>",source-indexed; NOT individually click-certified
admin/js/content_editor.js,412,"<button class=""btn btn-ghost btn-sm"" type=""button"" data-content-action=""social-edit"" data-record-index=""${index}"">",source-indexed; NOT individually click-certified
admin/js/content_editor.js,412,"<button class=""btn btn-danger btn-sm"" type=""button"" data-content-action=""social-delete"" data-record-index=""${index}"">",source-indexed; NOT individually click-certified
admin/js/content_editor.js,423,"<select id=""m_platform"">",source-indexed; NOT individually click-certified
admin/js/content_editor.js,424,"<input type=""text"" id=""m_icon_class"" value=""${escAttr(s.icon_class||'fa-brands fa-facebook')}"">",source-indexed; NOT individually click-certified
admin/js/content_editor.js,425,"<input type=""text"" id=""m_url"" value=""${escAttr(s.url||'')}"" placeholder=""https://..."">",source-indexed; NOT individually click-certified
admin/js/content_editor.js,426,"<input type=""text"" id=""m_label"" value=""${escAttr(s.label||'')}"">",source-indexed; NOT individually click-certified
admin/js/content_editor.js,428,"<input type=""number"" id=""m_sort_order"" value=""${escAttr(s.sort_order||0)}"">",source-indexed; NOT individually click-certified
admin/js/content_editor.js,429,"<input type=""checkbox"" id=""m_active""${(s.is_active==1||s.id===undefined)?' checked':''}>",source-indexed; NOT individually click-certified
admin/js/id_card_designer.js,132,"<input type=""color"" value=""' + val + '"" data-k=""' + c.k + '"">",source-indexed; NOT individually click-certified
admin/js/id_card_designer.js,135,"<input type=""text"" class=""idc-text"" value=""' + safe + '"" data-k=""' + c.k + '"" data-type=""text"">",source-indexed; NOT individually click-certified
admin/js/id_card_designer.js,138,"<input type=""range"" min=""' + c.min + '"" max=""' + c.max + '"" value=""' + val + '"" data-k=""' + c.k + '"">",source-indexed; NOT individually click-certified
admin/js/id_card_designer.js,154,"<button type=""button"" class=""idc-item' + (el.id === selected ? ' on' : '') + '"" data-id=""' + el.id + '"">",source-indexed; NOT individually click-certified
admin/js/id_card_designer.js,178,"<button type=""button"" class=""btn btn-outline"" id=""idcReset"">",source-indexed; NOT individually click-certified
admin/js/id_card_designer.js,179,"<button type=""button"" class=""btn btn-outline"" id=""idcResetAll"">",source-indexed; NOT individually click-certified
admin/js/id_card_designer.js,180,"<button type=""button"" class=""btn btn-primary"" id=""idcSave"">",source-indexed; NOT individually click-certified
admin/js/id_card_designer.js,185,"<button type=""button"" class=""idc-tab' + (side === 'front' ? ' on' : '') + '"" data-side=""front"">",source-indexed; NOT individually click-certified
admin/js/id_card_designer.js,186,"<button type=""button"" class=""idc-tab' + (side === 'back' ? ' on' : '') + '"" data-side=""back"">",source-indexed; NOT individually click-certified
admin/js/report_card.js,207,"<button type=""button"" class=""btn btn-o"" data-rc-close>",source-indexed; NOT individually click-certified
admin/js/report_card.js,208,"<button type=""button"" class=""btn btn-p"" data-rc-print>",source-indexed; NOT individually click-certified
admin/js/wbws-calendar.js,170,"<button class=""ec-nb"" id=""ec-py"">",source-indexed; NOT individually click-certified
admin/js/wbws-calendar.js,170,"<button class=""ec-nb"" id=""ec-ny"">",source-indexed; NOT individually click-certified
admin/js/wbws-calendar.js,176,"<button class=""'+c+'"" data-y=""'+y+'"">",source-indexed; NOT individually click-certified
admin/js/wbws-calendar.js,188,"<button class=""ec-nb"" id=""ec-pyy"">",source-indexed; NOT individually click-certified
admin/js/wbws-calendar.js,188,"<button class=""ec-yb"" id=""ec-goyr"">",source-indexed; NOT individually click-certified
admin/js/wbws-calendar.js,188,"<button class=""ec-nb"" id=""ec-nyy"">",source-indexed; NOT individually click-certified
admin/js/wbws-calendar.js,193,"<button class=""'+c+'"" data-m=""'+m+'"">",source-indexed; NOT individually click-certified
admin/js/wbws-calendar.js,210,"<button class=""ec-nb"" id=""ec-pm"">",source-indexed; NOT individually click-certified
admin/js/wbws-calendar.js,212,"<button class=""ec-mb"" id=""ec-gom"">",source-indexed; NOT individually click-certified
admin/js/wbws-calendar.js,213,"<button class=""ec-yb"" id=""ec-goy"">",source-indexed; NOT individually click-certified
admin/js/wbws-calendar.js,215,"<button class=""ec-nb"" id=""ec-nm"">",source-indexed; NOT individually click-certified
admin/js/wbws-calendar.js,225,"<button class=""'+c+'"" data-d=""'+d+'"">",source-indexed; NOT individually click-certified
admin/js/wbws-calendar.js,239,"<button class=""ec-fb ec-td"">",source-indexed; NOT individually click-certified
admin/js/wbws-calendar.js,240,"<button class=""ec-fb ec-cl"">",source-indexed; NOT individually click-certified
admin/js/wbws-calendar.js,241,"<button class=""ec-fb ec-cs"">",source-indexed; NOT individually click-certified
admin/migrations/002_add_academic_attendance_workflow.php,587,"<a href=""../dashboard.php"">",source-indexed; NOT individually click-certified
admin/migrations/002_migration.php,587,"<a href=""../dashboard.php"">",source-indexed; NOT individually click-certified
admin/migrations/003_add_assessments.php,214,"<a href=""../dashboard.php"">",source-indexed; NOT individually click-certified
admin/migrations/003_migration.php,214,"<a href=""../dashboard.php"">",source-indexed; NOT individually click-certified
admin/migrations/004_add_finance_material_tables.php,183,<a href='../dashboard.php'>,source-indexed; NOT individually click-certified
admin/migrations/005_create_system_branding.php,109,<a href='../dashboards/super-admin.php?section=branding' style='color:#0af;text-decoration:underline'>,source-indexed; NOT individually click-certified
admin/migrations/005_optimize_database.php,250,<a href='/admin/dashboard.php' style='color:#60a5fa'>,source-indexed; NOT individually click-certified
admin/migrations/add_archive_columns.php,78,<a href='/admin/dashboards/info-dept.php'>,source-indexed; NOT individually click-certified
admin/migrations/auto_fix_database.php,591,"<a href=""../dashboard.php"" class=""back-btn"">",source-indexed; NOT individually click-certified
admin/print_member.php,520,"<button class=""btn btn-green"" onclick=""window.print()"">",source-indexed; NOT individually click-certified
admin/print_member.php,523,"<button class=""btn btn-white"" onclick=""window.close()"">",source-indexed; NOT individually click-certified
admin/reports.php,78,"<a href=""/admin/dashboard.php"" class=""btn btn-ghost text-white/70 hover:text-white hover:bg-white/10"">",source-indexed; NOT individually click-certified
admin/reports.php,95,"<button class=""tbtn on"" onclick=""showTab(this,'analytics')"">",source-indexed; NOT individually click-certified
admin/reports.php,96,"<button class=""tbtn"" onclick=""showTab(this,'explorer')"">",source-indexed; NOT individually click-certified
admin/reports.php,97,"<button class=""tbtn"" onclick=""showTab(this,'exports')"">",source-indexed; NOT individually click-certified
admin/reports.php,135,"<button onclick=""resetF()"" class=""btn btn-sm btn-ghost"">",source-indexed; NOT individually click-certified
admin/reports.php,138,"<select id=""fGender"" class=""sel w-full"">",source-indexed; NOT individually click-certified
admin/reports.php,139,"<select id=""fAge"" class=""sel w-full"">",source-indexed; NOT individually click-certified
admin/reports.php,140,"<select id=""fStatus"" class=""sel w-full"">",source-indexed; NOT individually click-certified
admin/reports.php,141,"<select id=""fMemType"" class=""sel w-full"">",source-indexed; NOT individually click-certified
admin/reports.php,142,"<select id=""fRegType"" class=""sel w-full"">",source-indexed; NOT individually click-certified
admin/reports.php,145,"<select id=""fCity"" class=""sel w-full"">",source-indexed; NOT individually click-certified
admin/reports.php,146,"<select id=""fSubCity"" class=""sel w-full"">",source-indexed; NOT individually click-certified
admin/reports.php,147,"<select id=""fEdu"" class=""sel w-full"">",source-indexed; NOT individually click-certified
admin/reports.php,148,"<select id=""fIdCard"" class=""sel w-full"">",source-indexed; NOT individually click-certified
admin/reports.php,149,"<select id=""fPhone"" class=""sel w-full"">",source-indexed; NOT individually click-certified
admin/reports.php,152,"<input autocomplete=""off"" id=""fSearch"" class=""sel w-full"" placeholder=""Name, code, phone, guardian..."">",source-indexed; NOT individually click-certified
admin/reports.php,153,"<input type=""date"" id=""fDateFrom"" class=""sel w-full"">",source-indexed; NOT individually click-certified
admin/reports.php,154,"<input type=""date"" id=""fDateTo"" class=""sel w-full"">",source-indexed; NOT individually click-certified
admin/reports.php,157,"<button onclick=""applyF()"" class=""btn btn-pri"">",source-indexed; NOT individually click-certified
admin/reports.php,158,"<button onclick=""applyF();showExpCharts()"" class=""btn btn-blue"">",source-indexed; NOT individually click-certified
admin/reports.php,171,"<button onclick=""expToServer('csv')"" class=""btn btn-sm btn-out"">",source-indexed; NOT individually click-certified
admin/reports.php,172,"<button onclick=""expToServer('pdf')"" class=""btn btn-sm btn-out"">",source-indexed; NOT individually click-certified
admin/reports.php,173,"<button onclick=""expToServer('docx')"" class=""btn btn-sm btn-out"">",source-indexed; NOT individually click-certified
admin/reports.php,190,"<a href=""/admin/api_export_members.php?tier=all&amp;format=csv"" class=""exp-card"">",source-indexed; NOT individually click-certified
admin/reports.php,191,"<a href=""/admin/export_pdf.php?format=csv&filter=all"" class=""exp-card"">",source-indexed; NOT individually click-certified
admin/reports.php,192,"<a href=""/admin/export_pdf.php?format=csv&filter=active"" class=""exp-card"">",source-indexed; NOT individually click-certified
admin/reports.php,193,"<a href=""/admin/export_pdf.php?format=csv&filter=waiting"" class=""exp-card"">",source-indexed; NOT individually click-certified
admin/reports.php,194,"<a href=""/admin/export_pdf.php?format=csv&filter=no_id"" class=""exp-card"">",source-indexed; NOT individually click-certified
admin/reports.php,195,"<a href=""/admin/export_pdf.php?format=csv&filter=male"" class=""exp-card"">",source-indexed; NOT individually click-certified
admin/reports.php,196,"<a href=""/admin/export_pdf.php?format=csv&filter=female"" class=""exp-card"">",source-indexed; NOT individually click-certified
admin/reports.php,202,"<a href=""/admin/export_pdf.php?format=pdf&filter=all"" target=""_blank"" class=""exp-card"">",source-indexed; NOT individually click-certified
admin/reports.php,203,"<a href=""/admin/export_pdf.php?format=pdf&filter=active"" target=""_blank"" class=""exp-card"">",source-indexed; NOT individually click-certified
admin/reports.php,204,"<a href=""/admin/export_pdf.php?format=pdf&filter=waiting"" target=""_blank"" class=""exp-card"">",source-indexed; NOT individually click-certified
admin/reports.php,205,"<a href=""/admin/export_pdf.php?format=pdf&filter=no_id"" target=""_blank"" class=""exp-card"">",source-indexed; NOT individually click-certified
admin/reports.php,206,"<a href=""/admin/export_pdf.php?format=pdf&filter=male"" target=""_blank"" class=""exp-card"">",source-indexed; NOT individually click-certified
admin/reports.php,207,"<a href=""/admin/export_pdf.php?format=pdf&filter=female"" target=""_blank"" class=""exp-card"">",source-indexed; NOT individually click-certified
admin/reports.php,213,"<a href=""/admin/export_pdf.php?format=docx&filter=all"" class=""exp-card"">",source-indexed; NOT individually click-certified
admin/reports.php,214,"<a href=""/admin/export_pdf.php?format=docx&filter=active"" class=""exp-card"">",source-indexed; NOT individually click-certified
admin/reports.php,215,"<a href=""/admin/export_pdf.php?format=docx&filter=no_id"" class=""exp-card"">",source-indexed; NOT individually click-certified
admin/system_health.php,283,"<a href=""dashboard.php"" class=""nav-back"">",source-indexed; NOT individually click-certified
admin/system_health.php,290,"<button onclick=""location.reload()"" class=""btn btn-gray"">",source-indexed; NOT individually click-certified
admin/system_health.php,291,"<a href=""dashboard.php"" class=""btn btn-green"">",source-indexed; NOT individually click-certified
admin/system_health.php,461,"<form method=""POST"" style=""display:inline;"" onsubmit=""return confirm('Clear error log?')"">",source-indexed; NOT individually click-certified
admin/system_health.php,463,"<input type=""hidden"" name=""action"" value=""clear_error_log"">",source-indexed; NOT individually click-certified
admin/system_health.php,464,"<button class=""btn btn-red"" style=""font-size: 11px; padding: 4px 10px;"">",source-indexed; NOT individually click-certified
admin/system_health.php,532,"<form method=""POST"" style=""display:inline;"" onsubmit=""return confirm('Clear all rate limits?')"">",source-indexed; NOT individually click-certified
admin/system_health.php,534,"<input type=""hidden"" name=""action"" value=""clear_rate_limits"">",source-indexed; NOT individually click-certified
admin/system_health.php,535,"<button class=""btn btn-blue"">",source-indexed; NOT individually click-certified
admin/system_health.php,537,"<form method=""POST"" style=""display:inline;"">",source-indexed; NOT individually click-certified
admin/system_health.php,539,"<input type=""hidden"" name=""action"" value=""clear_session_cache"">",source-indexed; NOT individually click-certified
admin/system_health.php,540,"<button class=""btn btn-gray"">",source-indexed; NOT individually click-certified
admin/users.php,422,"<a href=""dashboard.php"" class=""nav-link"">",source-indexed; NOT individually click-certified
admin/users.php,423,"<a href=""users.php"" class=""nav-link active"">",source-indexed; NOT individually click-certified
admin/users.php,424,"<a href=""#"" class=""nav-link"">",source-indexed; NOT individually click-certified
admin/users.php,425,"<a href=""#"" class=""nav-link"">",source-indexed; NOT individually click-certified
admin/users.php,443,"<a href=""users.php"" class=""btn-secondary"">",source-indexed; NOT individually click-certified
admin/users.php,470,"<form method=""post"" action=""backend/user-save.php"">",source-indexed; NOT individually click-certified
admin/users.php,472,"<input type=""hidden"" name=""user_id"" value=""<?php echo $editUser ? (int)$editUser['id'] : ($oldForm['user_id'] ?? ''); ?>",source-indexed; NOT individually click-certified
admin/users.php,476,"<input type=""text"" id=""full_name"" name=""full_name"" placeholder=""Full name"" value=""<?php echo e(field_value('full_name', $editUser, $oldForm)); ?>",source-indexed; NOT individually click-certified
admin/users.php,487,"<input type=""text"" id=""username"" name=""username"" placeholder=""Unique login username"" value=""<?php echo e(field_value('username', $editUser, $oldForm)); ?>",source-indexed; NOT individually click-certified
admin/users.php,498,"<input type=""email"" id=""email"" name=""email"" placeholder=""email@example.com"" value=""<?php echo e(field_value('email', $editUser, $oldForm)); ?>",source-indexed; NOT individually click-certified
admin/users.php,509,"<select id=""role"" name=""role"">",source-indexed; NOT individually click-certified
admin/users.php,537,"<input type=""password"" id=""password"" name=""password"" placeholder=""<?php echo $editUser ? 'New password (optional)' : 'Set initial password'; ?>",source-indexed; NOT individually click-certified
admin/users.php,543,"<button type=""button"" class=""toggle-pass"" data-toggle-password data-target=""password"" >",source-indexed; NOT individually click-certified
admin/users.php,555,"<input type=""password"" id=""confirm_password"" name=""confirm_password"" placeholder=""Confirm password"" >",source-indexed; NOT individually click-certified
admin/users.php,561,"<button type=""button"" class=""toggle-pass"" data-toggle-password data-target=""confirm_password"" >",source-indexed; NOT individually click-certified
admin/users.php,572,"<select id=""is_active"" name=""is_active"">",source-indexed; NOT individually click-certified
admin/users.php,578,"<button type=""submit"" class=""btn-primary"">",source-indexed; NOT individually click-certified
admin/users.php,627,"<a href=""users.php?edit_id=<?php echo (int)$row['id']; ?>",source-indexed; NOT individually click-certified
admin/users.php,629,"<a href=""users.php?delete_id=<?php echo (int)$row['id']; ?>",source-indexed; NOT individually click-certified
admin/users.php,655,"<form method=""post"" action=""backend/user-delete.php"" style=""margin-top:0.75rem;"">",source-indexed; NOT individually click-certified
admin/users.php,656,"<input type=""hidden"" name=""delete_user_id"" value=""<?php echo (int)$deleteUser['id']; ?>",source-indexed; NOT individually click-certified
admin/users.php,661,"<input type=""password"" id=""superadmin_password"" name=""superadmin_password"" placeholder=""Enter your super admin password"" >",source-indexed; NOT individually click-certified
admin/users.php,667,"<button type=""button"" class=""toggle-pass"" data-toggle-password data-target=""superadmin_password"" >",source-indexed; NOT individually click-certified
admin/users.php,676,"<button type=""submit"" class=""btn-primary"">",source-indexed; NOT individually click-certified
app/index.html,12,"<a href=""/app/"">",source-indexed; NOT individually click-certified
app/index.php,40,"<a class=""btn"" href=""<?= htmlspecialchars($adminUrl) ?>",source-indexed; NOT individually click-certified
backend/components/notification_bell.php,41,"<button class=""notif-bell-btn"" onclick=""toggleNotifDropdown()"" title=""Notifications"">",source-indexed; NOT individually click-certified
backend/components/notification_bell.php,51,"<button onclick=""markAllRead()"" class=""notif-mark-all"">",source-indexed; NOT individually click-certified
backend/components/notification_bell.php,56,"<button class=""notif-tab active"" onclick=""switchNotifTab('alerts')"">",source-indexed; NOT individually click-certified
backend/components/notification_bell.php,59,"<button class=""notif-tab"" onclick=""switchNotifTab('tasks')"">",source-indexed; NOT individually click-certified
backend/components/notification_bell.php,91,"<button onclick=""updateTask(<?= $task['id'] ?>",source-indexed; NOT individually click-certified
backend/components/notification_bell.php,94,"<button onclick=""updateTask(<?= $task['id'] ?>",source-indexed; NOT individually click-certified
backend/migrations/002_add_academic_attendance_workflow.php,587,"<a href=""../dashboard.php"">",source-indexed; NOT individually click-certified
backend/migrations/002_migration.php,587,"<a href=""../dashboard.php"">",source-indexed; NOT individually click-certified
backend/migrations/003_add_assessments.php,214,"<a href=""../dashboard.php"">",source-indexed; NOT individually click-certified
backend/migrations/003_migration.php,214,"<a href=""../dashboard.php"">",source-indexed; NOT individually click-certified
backend/migrations/004_add_finance_material_tables.php,183,<a href='../dashboard.php'>,source-indexed; NOT individually click-certified
backend/migrations/005_create_system_branding.php,109,<a href='../dashboards/super-admin.php?section=branding' style='color:#0af;text-decoration:underline'>,source-indexed; NOT individually click-certified
backend/migrations/005_optimize_database.php,250,<a href='/admin/dashboard.php' style='color:#60a5fa'>,source-indexed; NOT individually click-certified
backend/migrations/add_archive_columns.php,78,<a href='/admin/dashboards/info-dept.php'>,source-indexed; NOT individually click-certified
backend/migrations/auto_fix_database.php,591,"<a href=""../dashboard.php"" class=""back-btn"">",source-indexed; NOT individually click-certified
config.php,385,"<input type=""hidden"" name=""csrf_token"" value=""' . generateCsrfToken() . '"">",source-indexed; NOT individually click-certified
config.php,404,<form>,source-indexed; NOT individually click-certified
config.php,407,"<input type=""hidden"" name=""csrf_token"" value=""' . htmlspecialchars(generateCsrfToken(), ENT_QUOTES, 'UTF-8') . '"">",source-indexed; NOT individually click-certified
frontend/js/education_assignments.js,81,"<button class=""btn-secondary btn-sm"" style=""margin-left:.5rem"" onclick=""Asg.nav(\'coverage\')"">",source-indexed; NOT individually click-certified
frontend/js/education_assignments.js,147,"<button title=""Make primary"" onclick=""event.stopPropagation();Asg.makePrimary(' + t.id + ')"">",source-indexed; NOT individually click-certified
frontend/js/education_assignments.js,148,"<button title=""Remove"" onclick=""event.stopPropagation();Asg.remove(' + t.id + ')"">",source-indexed; NOT individually click-certified
frontend/js/education_assignments.js,260,"<input type=""checkbox"" class=""bulk-class"" value=""' + c.id + '"">",source-indexed; NOT individually click-certified
frontend/js/education_assignments.js,338,"<button class=""btn-secondary btn-sm"" onclick=""Asg.openPicker(' + c.class_id + ',0,true)"">",source-indexed; NOT individually click-certified
frontend/js/education_assignments.js,345,"<button class=""btn-secondary btn-sm"" onclick=""Asg.openPicker(' + x.class_id + ',' + x.subject_id + ',false)"">",source-indexed; NOT individually click-certified
frontend/js/education_teachers.js,60,"<input type=""checkbox"" class=""cls-cb"" value=""' + c.id + '"">",source-indexed; NOT individually click-certified
frontend/js/education_teachers.js,86,"<button type=""button"" class=""t-card"" onclick=""Teachers.edit(' + t.id + ')"">",source-indexed; NOT individually click-certified
frontend/js/education_teachers.js,172,"<button type=""button"" title=""Remove"" onclick=""Teachers.removeAssign(' + a.id + ')"">",source-indexed; NOT individually click-certified
frontend/js/finance.js,216,"<button class=""btn-secondary btn-sm"" onclick=""Finance.deleteTxn(' + t.id + ',\'' + type + '\')"" title=""Delete"">",source-indexed; NOT individually click-certified
frontend/js/mezmur.js,301,"<button class=""btn-secondary btn-sm"" onclick=""' + retryCall + '"">",source-indexed; NOT individually click-certified
frontend/js/mezmur.js,639,"<button type=""button"" class=""mz-sync-time"" onclick=""Mezmur.syncSeekTo(' + i + ')"" ' + 'title=""Jump to this time"">",source-indexed; NOT individually click-certified
frontend/js/mezmur.js,643,"<button type=""button"" onclick=""Mezmur.syncNudge(' + i + ',-0.2)"" aria-label=""Earlier by 0.2 seconds""' + (stamped ? '' : ' disabled') + '>",source-indexed; NOT individually click-certified
frontend/js/mezmur.js,645,"<button type=""button"" onclick=""Mezmur.syncNudge(' + i + ',0.2)"" aria-label=""Later by 0.2 seconds""' + (stamped ? '' : ' disabled') + '>",source-indexed; NOT individually click-certified
frontend/js/mezmur.js,1156,"<button class=""btn-secondary btn-sm"" onclick=""Mezmur.clearFilters()"">",source-indexed; NOT individually click-certified
frontend/js/mezmur.js,1158,"<button class=""btn-primary btn-sm"" onclick=""Mezmur.openAdd()"">",source-indexed; NOT individually click-certified
frontend/js/mezmur.js,1171,"<button class=""btn-secondary btn-sm"" title=""Play"" style=""color:var(--school-success,#22c55e)"" onclick=""Mezmur.audioPlay(' + h.id + ')"">",source-indexed; NOT individually click-certified
frontend/js/mezmur.js,1172,"<button class=""btn-secondary btn-sm"" title=""Manage audio"" onclick=""Mezmur.audioManage(' + h.id + ')"">",source-indexed; NOT individually click-certified
frontend/js/mezmur.js,1173,"<button class=""btn-secondary btn-sm"" title=""' + (h.audio_status === 'pending' ? 'Finish audio upload' : 'Attach audio') + '"" onclick=""Mezmur.audioManage(' + h.id + ')"">",source-indexed; NOT individually click-certified
frontend/js/mezmur.js,1174,"<button class=""btn-secondary btn-sm"" title=""View"" onclick=""Mezmur.view(' + h.id + ')"">",source-indexed; NOT individually click-certified
frontend/js/mezmur.js,1175,"<button class=""btn-secondary btn-sm"" title=""Edit"" onclick=""Mezmur.openEdit(' + h.id + ')"">",source-indexed; NOT individually click-certified
frontend/js/mezmur.js,1177,"<button class=""btn-secondary btn-sm"" title=""Restore"" onclick=""Mezmur.setStatus(' + h.id + ',\'active\')"">",source-indexed; NOT individually click-certified
frontend/js/mezmur.js,1178,"<button class=""btn-secondary btn-sm"" title=""Archive"" onclick=""Mezmur.setStatus(' + h.id + ',\'archived\')"">",source-indexed; NOT individually click-certified
frontend/js/mezmur.js,1187,"<button class=""btn-secondary btn-sm"" ' + (lib.page <= 1 ? 'disabled' : '') + ' onclick=""Mezmur.libPage(' + (lib.page - 1) + ')"">",source-indexed; NOT individually click-certified
frontend/js/mezmur.js,1189,"<button class=""btn-secondary btn-sm"" ' + (lib.page >",source-indexed; NOT individually click-certified
frontend/js/mezmur.js,1335,"<input type=""checkbox"" value=""' + Number(item.id) + '""' + (checked ? ' checked' : '') + '>",source-indexed; NOT individually click-certified
frontend/js/mezmur.js,1487,"<input id=""mzMgrEditName"" class=""school-input"" maxlength=""50"" value=""' + esc(item.name) + '"">",source-indexed; NOT individually click-certified
frontend/js/mezmur.js,1488,"<button id=""mzMgrEditSave"" class=""btn-primary btn-sm"" onclick=""Mezmur.mgrSave(' + item.id + ')"" aria-label=""Save name"">",source-indexed; NOT individually click-certified
frontend/js/mezmur.js,1489,"<button class=""btn-secondary btn-sm"" onclick=""Mezmur.mgrCancel()"">",source-indexed; NOT individually click-certified
frontend/js/mezmur.js,1508,"<button class=""btn-secondary btn-sm mz-cmgr-exp' + (open ? ' open' : '') + '""' + ' title=""' + (open ? 'Collapse' : 'Expand') + ' sub-categories""' + ' aria-expanded=""' + (open ? 'true' : 'false') + '""' + ' aria-label=""Sub-categories of ' + esc(m.name) + '""' + ' onclick=""Mezmur.mgrToggleOpen(' + m.id + ')"">",source-indexed; NOT individually click-certified
frontend/js/mezmur.js,1538,"<input id=""mzMgrSubName"" class=""school-input"" maxlength=""50"" placeholder=""New sub-category name…"">",source-indexed; NOT individually click-certified
frontend/js/mezmur.js,1539,"<button id=""mzMgrSubAdd"" class=""btn-primary btn-sm"" onclick=""Mezmur.mgrAddSub(' + m.id + ')"">",source-indexed; NOT individually click-certified
frontend/js/mezmur.js,1540,"<button class=""btn-secondary btn-sm"" onclick=""Mezmur.mgrCancel()"">",source-indexed; NOT individually click-certified
frontend/js/mezmur.js,1553,"<input id=""mzMgrEditName"" class=""school-input amharic"" maxlength=""100"" value=""' + esc(z.name) + '"">",source-indexed; NOT individually click-certified
frontend/js/mezmur.js,1554,"<button id=""mzMgrEditSave"" class=""btn-primary btn-sm"" onclick=""Mezmur.mgrSave(' + z.id + ')"" aria-label=""Save name"">",source-indexed; NOT individually click-certified
frontend/js/mezmur.js,1555,"<button class=""btn-secondary btn-sm"" onclick=""Mezmur.mgrCancel()"">",source-indexed; NOT individually click-certified
frontend/js/mezmur.js,1563,"<button class=""btn-secondary btn-sm"" title=""Rename"" onclick=""Mezmur.mgrEdit(' + z.id + ')"">",source-indexed; NOT individually click-certified
frontend/js/mezmur.js,1564,"<button class=""btn-secondary btn-sm"" title=""Set cover image"" onclick=""Mezmur.mgrImage(' + z.id + ', true)"">",source-indexed; NOT individually click-certified
frontend/js/mezmur.js,1565,"<button class=""btn-secondary btn-sm"" title=""Remove cover image"" onclick=""Mezmur.mgrRemoveZemImage(' + z.id + ')"">",source-indexed; NOT individually click-certified
frontend/js/mezmur.js,1566,"<button class=""btn-secondary btn-sm"" onclick=""Mezmur.mgrToggle(' + z.id + ')"">",source-indexed; NOT individually click-certified
frontend/js/mezmur.js,1578,"<button class=""btn-secondary btn-sm"" title=""Move up"" onclick=""Mezmur.mgrSort(' + id + ',-1)"">",source-indexed; NOT individually click-certified
frontend/js/mezmur.js,1579,"<button class=""btn-secondary btn-sm"" title=""Move down"" onclick=""Mezmur.mgrSort(' + id + ',1)"">",source-indexed; NOT individually click-certified
frontend/js/mezmur.js,1586,"<button class=""btn-secondary btn-sm"" title=""Rename"" onclick=""Mezmur.mgrEdit(' + item.id + ')"">",source-indexed; NOT individually click-certified
frontend/js/mezmur.js,1587,"<button class=""btn-secondary btn-sm"" title=""Set cover image"" onclick=""Mezmur.mgrImage(' + item.id + ')"">",source-indexed; NOT individually click-certified
frontend/js/mezmur.js,1588,"<button class=""btn-secondary btn-sm"" title=""Cover color"" onclick=""Mezmur.mgrColors(' + item.id + ')"">",source-indexed; NOT individually click-certified
frontend/js/mezmur.js,1590,"<button class=""btn-secondary btn-sm"" title=""Add sub-category"" onclick=""Mezmur.mgrAddSubOpen(' + item.id + ')"">",source-indexed; NOT individually click-certified
frontend/js/mezmur.js,1591,"<button class=""btn-secondary btn-sm"" onclick=""Mezmur.mgrToggle(' + item.id + ')"">",source-indexed; NOT individually click-certified
frontend/js/mezmur.js,1844,"<button type=""button"" class=""mz-swatch' + (sel ? ' sel' : '') + '""' + ' style=""background:linear-gradient(135deg,' + g[0] + ',' + g[1] + ')""' + ' aria-label=""Preset ' + (i + 1) + '""' + (sel ? ' aria-pressed=""true""' : ' aria-pressed=""false""') + ' data-gs=""' + g[0] + '"" data-ge=""' + g[1] + '"">",source-indexed; NOT individually click-certified
frontend/js/mezmur.js,2239,"<button class=""btn-secondary btn-sm"" ' + (att.page <= 1 ? 'disabled' : '') + ' onclick=""Mezmur.sessPage(' + (att.page - 1) + ')"" aria-label=""Previous page"">",source-indexed; NOT individually click-certified
frontend/js/mezmur.js,2241,"<button class=""btn-secondary btn-sm"" ' + (att.page >",source-indexed; NOT individually click-certified
frontend/js/mezmur.js,2261,"<button class=""btn-primary btn-sm"" onclick=""Mezmur.jumpToDate(\'' + esc(d.attendance_date) + '\')"">",source-indexed; NOT individually click-certified
frontend/js/mezmur.js,2448,"<button class=""btn-secondary btn-sm"" title=""Open packet"" onclick=""Mezmur.viewPacket(' + p.id + ')"">",source-indexed; NOT individually click-certified
frontend/js/mezmur.js,2449,"<button class=""btn-secondary btn-sm"" title=""Review"" onclick=""Mezmur.openReview(' + p.id + ')"">",source-indexed; NOT individually click-certified
frontend/js/mezmur.js,2451,"<button class=""btn-primary btn-sm"" title=""Approve now"" onclick=""Mezmur.quickDecision(' + p.id + ',\'approved\')"">",source-indexed; NOT individually click-certified
frontend/js/mezmur.js,2725,"<button class=""btn-secondary btn-sm"" ' + (an.page <= 1 ? 'disabled' : '') + ' onclick=""Mezmur.runAnalytics(' + (an.page - 1) + ')"">",source-indexed; NOT individually click-certified
frontend/js/mezmur.js,2727,"<button class=""btn-secondary btn-sm"" ' + (items.length < PAGE_SIZE ? 'disabled' : '') + ' onclick=""Mezmur.runAnalytics(' + (an.page + 1) + ')"">",source-indexed; NOT individually click-certified
frontend/js/mezmur.js,2815,"<button class=""btn-primary btn-sm"" onclick=""Mezmur.openTakerModal()"">",source-indexed; NOT individually click-certified
frontend/js/mezmur.js,2826,"<button class=""btn-secondary btn-sm"" onclick=""Mezmur.toggleTaker(' + t.id + ')"">",source-indexed; NOT individually click-certified
frontend/js/mezmur_player.js,376,"<button type=""button"" class=""mz-q-item' + (active ? ' active' : '') + '"" data-q=""' + qi + '"">",source-indexed; NOT individually click-certified
frontend/layouts/base.php,41,"<input type=""date"">",source-indexed; NOT individually click-certified
frontend/pages/finance_dept.php,55,"<button class=""school-nav-link active"" data-section=""dashboard"">",source-indexed; NOT individually click-certified
frontend/pages/finance_dept.php,56,"<button class=""school-nav-link"" data-section=""income"">",source-indexed; NOT individually click-certified
frontend/pages/finance_dept.php,57,"<button class=""school-nav-link"" data-section=""expense"">",source-indexed; NOT individually click-certified
frontend/pages/finance_dept.php,58,"<button class=""school-nav-link"" data-section=""fees"">",source-indexed; NOT individually click-certified
frontend/pages/finance_dept.php,59,"<button class=""school-nav-link"" data-section=""categories"">",source-indexed; NOT individually click-certified
frontend/pages/finance_dept.php,60,"<button class=""school-nav-link"" data-section=""reports"">",source-indexed; NOT individually click-certified
frontend/pages/finance_dept.php,66,"<button class=""school-theme-toggle"" id=""themeToggle"" onclick=""toggleTheme()"">",source-indexed; NOT individually click-certified
frontend/pages/finance_dept.php,80,"<a href=""/backend/auth/logout.php"" class=""school-logout-btn"">",source-indexed; NOT individually click-certified
frontend/pages/finance_dept.php,118,"<button class=""btn-secondary btn-sm"" onclick=""Finance.nav('income');Finance.openAddTxn('income')"">",source-indexed; NOT individually click-certified
frontend/pages/finance_dept.php,121,"<button class=""btn-secondary btn-sm"" onclick=""Finance.nav('expense');Finance.openAddTxn('expense')"">",source-indexed; NOT individually click-certified
frontend/pages/finance_dept.php,155,"<button class=""btn-primary btn-sm"" onclick=""Finance.openAddTxn('income')"">",source-indexed; NOT individually click-certified
frontend/pages/finance_dept.php,156,"<button class=""btn-secondary btn-sm"" onclick=""Finance.exportTxns('income')"">",source-indexed; NOT individually click-certified
frontend/pages/finance_dept.php,172,"<button class=""btn-primary btn-sm"" onclick=""Finance.openAddTxn('expense')"">",source-indexed; NOT individually click-certified
frontend/pages/finance_dept.php,173,"<button class=""btn-secondary btn-sm"" onclick=""Finance.exportTxns('expense')"">",source-indexed; NOT individually click-certified
frontend/pages/finance_dept.php,188,"<button class=""btn-primary btn-sm"" onclick=""Finance.openFeeModal()"">",source-indexed; NOT individually click-certified
frontend/pages/finance_dept.php,194,"<select id=""feeStatus"" class=""school-input"" onchange=""Finance.loadFees()"">",source-indexed; NOT individually click-certified
frontend/pages/finance_dept.php,202,"<input type=""number"" id=""feeYear"" class=""school-input"" onchange=""Finance.loadFees()"">",source-indexed; NOT individually click-certified
frontend/pages/finance_dept.php,218,"<button class=""btn-primary btn-sm"" onclick=""Finance.openCatModal()"">",source-indexed; NOT individually click-certified
frontend/pages/finance_dept.php,239,"<input type=""date"" id=""rptFrom"" class=""school-input"">",source-indexed; NOT individually click-certified
frontend/pages/finance_dept.php,240,"<input type=""date"" id=""rptTo"" class=""school-input"">",source-indexed; NOT individually click-certified
frontend/pages/finance_dept.php,242,"<button class=""btn-primary btn-sm"" onclick=""Finance.loadReport()"">",source-indexed; NOT individually click-certified
frontend/pages/finance_dept.php,243,"<button class=""btn-secondary btn-sm"" onclick=""Finance.exportReport()"">",source-indexed; NOT individually click-certified
frontend/pages/finance_dept.php,268,"<button onclick=""modal('txnModal',false)"" style=""background:none;border:none;color:var(--school-text-dim);font-size:1.25rem;cursor:pointer"">",source-indexed; NOT individually click-certified
frontend/pages/finance_dept.php,270,"<input type=""hidden"" id=""txnType"" value=""income"">",source-indexed; NOT individually click-certified
frontend/pages/finance_dept.php,271,"<select id=""txnCat"" class=""school-input"">",source-indexed; NOT individually click-certified
frontend/pages/finance_dept.php,272,"<input type=""number"" id=""txnAmt"" class=""school-input"" step=""0.01"" min=""0"">",source-indexed; NOT individually click-certified
frontend/pages/finance_dept.php,273,"<input id=""txnDesc"" class=""school-input"">",source-indexed; NOT individually click-certified
frontend/pages/finance_dept.php,274,"<input type=""date"" id=""txnDate"" class=""school-input"">",source-indexed; NOT individually click-certified
frontend/pages/finance_dept.php,277,"<select id=""txnMethod"" class=""school-input"">",source-indexed; NOT individually click-certified
frontend/pages/finance_dept.php,279,"<input id=""txnReceipt"" class=""school-input"">",source-indexed; NOT individually click-certified
frontend/pages/finance_dept.php,283,"<input id=""txnMemberSearch"" class=""school-input"" type=""search"" autocomplete=""off"" placeholder=""Search name, phone, or member code"" data-member-picker-target=""txnMember"">",source-indexed; NOT individually click-certified
frontend/pages/finance_dept.php,284,"<select id=""txnMember"" class=""school-input"" data-optional=""true"">",source-indexed; NOT individually click-certified
frontend/pages/finance_dept.php,286,"<button class=""btn-primary"" onclick=""Finance.saveTxn()"" style=""width:100%;justify-content:center"">",source-indexed; NOT individually click-certified
frontend/pages/finance_dept.php,295,"<button onclick=""modal('feeModal',false)"" style=""background:none;border:none;color:var(--school-text-dim);font-size:1.25rem;cursor:pointer"">",source-indexed; NOT individually click-certified
frontend/pages/finance_dept.php,299,"<input id=""feeMemberSearch"" class=""school-input"" type=""search"" autocomplete=""off"" placeholder=""Search name, phone, or member code"" data-member-picker-target=""feeMember"">",source-indexed; NOT individually click-certified
frontend/pages/finance_dept.php,300,"<select id=""feeMember"" class=""school-input"">",source-indexed; NOT individually click-certified
frontend/pages/finance_dept.php,303,"<input type=""number"" id=""feeAmt"" class=""school-input"" step=""0.01"" min=""0"">",source-indexed; NOT individually click-certified
frontend/pages/finance_dept.php,304,"<select id=""feeType"" class=""school-input"">",source-indexed; NOT individually click-certified
frontend/pages/finance_dept.php,307,"<input type=""number"" id=""feeMonth"" class=""school-input"" min=""1"" max=""13"">",source-indexed; NOT individually click-certified
frontend/pages/finance_dept.php,308,"<input type=""number"" id=""feeEcYear"" class=""school-input"">",source-indexed; NOT individually click-certified
frontend/pages/finance_dept.php,310,"<select id=""feePayStatus"" class=""school-input"">",source-indexed; NOT individually click-certified
frontend/pages/finance_dept.php,311,"<button class=""btn-primary"" onclick=""Finance.saveFee()"" style=""width:100%;justify-content:center"">",source-indexed; NOT individually click-certified
frontend/pages/finance_dept.php,320,"<button onclick=""modal('catModal',false)"" style=""background:none;border:none;color:var(--school-text-dim);font-size:1.25rem;cursor:pointer"">",source-indexed; NOT individually click-certified
frontend/pages/finance_dept.php,322,"<input id=""catName"" class=""school-input"">",source-indexed; NOT individually click-certified
frontend/pages/finance_dept.php,323,"<select id=""catType"" class=""school-input"">",source-indexed; NOT individually click-certified
frontend/pages/finance_dept.php,324,"<input id=""catDesc"" class=""school-input"">",source-indexed; NOT individually click-certified
frontend/pages/finance_dept.php,325,"<button class=""btn-primary"" onclick=""Finance.saveCat()"" style=""width:100%;justify-content:center"">",source-indexed; NOT individually click-certified
frontend/pages/finance_dept.php,332,"<button class=""school-bottom-nav-btn active"" data-section=""dashboard"">",source-indexed; NOT individually click-certified
frontend/pages/finance_dept.php,333,"<button class=""school-bottom-nav-btn"" data-section=""income"">",source-indexed; NOT individually click-certified
frontend/pages/finance_dept.php,334,"<button class=""school-bottom-nav-btn"" data-section=""expense"">",source-indexed; NOT individually click-certified
frontend/pages/finance_dept.php,335,"<button class=""school-bottom-nav-btn"" data-section=""fees"">",source-indexed; NOT individually click-certified
frontend/pages/finance_dept.php,336,"<button class=""school-bottom-nav-btn"" data-section=""categories"">",source-indexed; NOT individually click-certified
frontend/pages/finance_dept.php,337,"<button class=""school-bottom-nav-btn"" data-section=""reports"">",source-indexed; NOT individually click-certified
frontend/pages/login.php,37,"<form id=""loginForm"" method=""post"" action=""<?= e(ssms_app_url('backend/auth/login.php')) ?>",source-indexed; NOT individually click-certified
frontend/pages/login.php,38,"<input type=""hidden"" id=""csrf"" name=""csrf_token"" value=""<?= $csrfToken ?>",source-indexed; NOT individually click-certified
frontend/pages/login.php,40,"<input type=""text"" id=""username"" name=""username"" autocomplete=""username"" class=""school-input"" placeholder=""Username"" required autofocus>",source-indexed; NOT individually click-certified
frontend/pages/login.php,43,"<input type=""password"" id=""password"" name=""password"" autocomplete=""current-password"" class=""school-input"" placeholder=""Password"" required style=""padding-right:2.5rem"">",source-indexed; NOT individually click-certified
frontend/pages/login.php,44,"<button type=""button"" id=""togglePw"" style=""position:absolute;right:0.75rem;top:50%;transform:translateY(-50%);background:none;border:none;color:var(--school-text-dim);cursor:pointer"">",source-indexed; NOT individually click-certified
frontend/pages/login.php,48,"<button type=""submit"" id=""loginBtn"" class=""btn-primary school-login-btn"">",source-indexed; NOT individually click-certified
frontend/pages/mezmur_dept.php,48,"<button class=""school-nav-link active"" data-section=""overview"">",source-indexed; NOT individually click-certified
frontend/pages/mezmur_dept.php,49,"<button class=""school-nav-link"" data-section=""library"">",source-indexed; NOT individually click-certified
frontend/pages/mezmur_dept.php,50,"<button class=""school-nav-link"" data-section=""catalog"">",source-indexed; NOT individually click-certified
frontend/pages/mezmur_dept.php,51,"<button class=""school-nav-link"" data-section=""attendance"">",source-indexed; NOT individually click-certified
frontend/pages/mezmur_dept.php,52,"<button class=""school-nav-link"" data-section=""analytics"">",source-indexed; NOT individually click-certified
frontend/pages/mezmur_dept.php,53,"<button class=""school-nav-link"" data-section=""takers"">",source-indexed; NOT individually click-certified
frontend/pages/mezmur_dept.php,59,"<button class=""school-theme-toggle"" id=""themeToggle"" onclick=""toggleTheme()"">",source-indexed; NOT individually click-certified
frontend/pages/mezmur_dept.php,73,"<a href=""/backend/auth/logout.php"" class=""school-logout-btn"">",source-indexed; NOT individually click-certified
frontend/pages/mezmur_dept.php,104,"<button class=""btn-secondary btn-sm"" onclick=""Mezmur.migrateSchema()"" title=""Align the database with the current code (safe, idempotent)"">",source-indexed; NOT individually click-certified
frontend/pages/mezmur_dept.php,113,"<button class=""quick-tile qa-primary"" onclick=""Mezmur.quickReview()"">",source-indexed; NOT individually click-certified
frontend/pages/mezmur_dept.php,116,"<button class=""quick-tile"" onclick=""Mezmur.quickLibrary()"">",source-indexed; NOT individually click-certified
frontend/pages/mezmur_dept.php,119,"<button class=""quick-tile qa-accent2"" onclick=""Mezmur.quickAnalytics()"">",source-indexed; NOT individually click-certified
frontend/pages/mezmur_dept.php,122,"<button class=""quick-tile qa-warning"" id=""mzQaTakers"" onclick=""Mezmur.quickTakers()"">",source-indexed; NOT individually click-certified
frontend/pages/mezmur_dept.php,215,"<button id=""mzAddBtn"" class=""btn-primary"" onclick=""Mezmur.openAdd()"">",source-indexed; NOT individually click-certified
frontend/pages/mezmur_dept.php,243,"<input id=""mzSearch"" class=""school-input"" type=""search"" placeholder=""Search by title or lyrics…"" autocomplete=""off"" aria-label=""Search hymns"" role=""searchbox"" aria-controls=""mzTbody"" aria-describedby=""mzSearchStatus"">",source-indexed; NOT individually click-certified
frontend/pages/mezmur_dept.php,252,"<select id=""mzCategoryFilter"" class=""school-input"" aria-label=""Filter by category"">",source-indexed; NOT individually click-certified
frontend/pages/mezmur_dept.php,255,"<select id=""mzZemarianFilter"" class=""school-input"" aria-label=""Filter by singer"">",source-indexed; NOT individually click-certified
frontend/pages/mezmur_dept.php,258,"<select id=""mzStatusFilter"" class=""school-input"" aria-label=""Filter by status"">",source-indexed; NOT individually click-certified
frontend/pages/mezmur_dept.php,263,"<select id=""mzLengthFilter"" class=""school-input"" aria-label=""Filter by length"">",source-indexed; NOT individually click-certified
frontend/pages/mezmur_dept.php,268,"<select id=""mzLanguageFilter"" class=""school-input"" aria-label=""Filter by language"">",source-indexed; NOT individually click-certified
frontend/pages/mezmur_dept.php,308,"<button class=""btn-secondary btn-sm mz-cmgr-tab active"" id=""mzMgrCatTabBtn"" onclick=""Mezmur.mgrTab('categories')"" aria-pressed=""true"">",source-indexed; NOT individually click-certified
frontend/pages/mezmur_dept.php,309,"<button class=""btn-secondary btn-sm mz-cmgr-tab"" id=""mzMgrZemTabBtn"" onclick=""Mezmur.mgrTab('zemarians')"" aria-pressed=""false"">",source-indexed; NOT individually click-certified
frontend/pages/mezmur_dept.php,315,"<input id=""mzMgrMainName"" class=""school-input"" maxlength=""50"" placeholder=""New main category name…"" autocomplete=""off"">",source-indexed; NOT individually click-certified
frontend/pages/mezmur_dept.php,316,"<button id=""mzMgrMainAdd"" class=""btn-primary btn-sm"" onclick=""Mezmur.mgrAddMain()"">",source-indexed; NOT individually click-certified
frontend/pages/mezmur_dept.php,322,"<input type=""file"" id=""mzMgrFile"" accept=""image/jpeg,image/png,image/webp"" class=""is-hidden"" aria-hidden=""true"">",source-indexed; NOT individually click-certified
frontend/pages/mezmur_dept.php,328,"<input id=""mzMgrZemName"" class=""school-input amharic"" maxlength=""100"" placeholder=""የዘማሪያን ስም (በአማርኛ)…"" autocomplete=""off"" aria-label=""New singer name in Amharic"">",source-indexed; NOT individually click-certified
frontend/pages/mezmur_dept.php,329,"<button id=""mzMgrZemAdd"" class=""btn-primary btn-sm"" onclick=""Mezmur.mgrAddZem()"">",source-indexed; NOT individually click-certified
frontend/pages/mezmur_dept.php,351,"<select id=""mzSubSection"" class=""school-input"" aria-label=""Filter by section"" onchange=""Mezmur.loadSubmissions()"">",source-indexed; NOT individually click-certified
frontend/pages/mezmur_dept.php,355,"<input id=""mzSubFrom"" class=""school-input"" type=""date"" aria-label=""From date"" onchange=""Mezmur.loadSubmissions()"">",source-indexed; NOT individually click-certified
frontend/pages/mezmur_dept.php,357,"<input id=""mzSubTo"" class=""school-input"" type=""date"" aria-label=""To date"" onchange=""Mezmur.loadSubmissions()"">",source-indexed; NOT individually click-certified
frontend/pages/mezmur_dept.php,358,"<button class=""btn-secondary"" type=""button"" onclick=""Mezmur.exportSubmissions()"">",source-indexed; NOT individually click-certified
frontend/pages/mezmur_dept.php,359,"<button class=""btn-secondary"" type=""button"" onclick=""Mezmur.loadSubmissions()"">",source-indexed; NOT individually click-certified
frontend/pages/mezmur_dept.php,360,"<button class=""btn-secondary"" type=""button"" onclick=""Mezmur.printQrRoster()"" title=""Printable QR tiles for this section — scanned by takers in the mobile app"">",source-indexed; NOT individually click-certified
frontend/pages/mezmur_dept.php,366,"<button class=""sub-tab active"" id=""mzSubTabDraft"" type=""button"" role=""tab"" aria-selected=""true"" onclick=""Mezmur.switchSubTab('draft')"">",source-indexed; NOT individually click-certified
frontend/pages/mezmur_dept.php,367,"<button class=""sub-tab"" id=""mzSubTabSubmitted"" type=""button"" role=""tab"" aria-selected=""false"" onclick=""Mezmur.switchSubTab('submitted')"">",source-indexed; NOT individually click-certified
frontend/pages/mezmur_dept.php,368,"<button class=""sub-tab"" id=""mzSubTabInsights"" type=""button"" role=""tab"" aria-selected=""false"" onclick=""Mezmur.switchSubTab('insights')"">",source-indexed; NOT individually click-certified
frontend/pages/mezmur_dept.php,370,"<input autocomplete=""off"" type=""hidden"" id=""mzSubTabStatus"" value=""draft"">",source-indexed; NOT individually click-certified
frontend/pages/mezmur_dept.php,412,"<select id=""mzViewSection"" class=""school-input mz-view-select"" aria-label=""Section"">",source-indexed; NOT individually click-certified
frontend/pages/mezmur_dept.php,415,"<button class=""btn-secondary"" onclick=""Mezmur.viewSheet()"">",source-indexed; NOT individually click-certified
frontend/pages/mezmur_dept.php,416,"<button class=""btn-secondary"" onclick=""window.print()"">",source-indexed; NOT individually click-certified
frontend/pages/mezmur_dept.php,417,"<button class=""btn-secondary"" onclick=""Mezmur.closeSheet()"">",source-indexed; NOT individually click-certified
frontend/pages/mezmur_dept.php,446,"<button class=""btn-secondary"" onclick=""Mezmur.exportCsv()"">",source-indexed; NOT individually click-certified
frontend/pages/mezmur_dept.php,453,"<select id=""mzAnSection"" class=""school-input"" aria-label=""Filter by section"">",source-indexed; NOT individually click-certified
frontend/pages/mezmur_dept.php,456,"<input id=""mzAnFrom"" class=""school-input"" type=""date"" aria-label=""From date"">",source-indexed; NOT individually click-certified
frontend/pages/mezmur_dept.php,457,"<input id=""mzAnTo"" class=""school-input"" type=""date"" aria-label=""To date"">",source-indexed; NOT individually click-certified
frontend/pages/mezmur_dept.php,458,"<input id=""mzAnSearch"" class=""school-input"" type=""search"" placeholder=""Search member…"" aria-label=""Search member"">",source-indexed; NOT individually click-certified
frontend/pages/mezmur_dept.php,459,"<input id=""mzAnMinRate"" class=""school-input"" type=""number"" min=""0"" max=""100"" placeholder=""Min rate %"" aria-label=""Minimum attendance rate percent"">",source-indexed; NOT individually click-certified
frontend/pages/mezmur_dept.php,460,"<input id=""mzAnMinAtt"" class=""school-input"" type=""number"" min=""0"" placeholder=""Min attended"" aria-label=""Minimum days attended"">",source-indexed; NOT individually click-certified
frontend/pages/mezmur_dept.php,461,"<button class=""btn-primary"" onclick=""Mezmur.runAnalytics()"">",source-indexed; NOT individually click-certified
frontend/pages/mezmur_dept.php,531,"<button class=""btn-primary"" onclick=""Mezmur.openTakerModal()"">",source-indexed; NOT individually click-certified
frontend/pages/mezmur_dept.php,564,"<button class=""btn-secondary btn-sm"" onclick=""Mezmur.closeModal()"" aria-label=""Close dialog"">",source-indexed; NOT individually click-certified
frontend/pages/mezmur_dept.php,566,"<input type=""hidden"" id=""mzHymnId"" value=""0"">",source-indexed; NOT individually click-certified
frontend/pages/mezmur_dept.php,569,"<input id=""mzTitle"" class=""school-input"" maxlength=""255"" autocomplete=""off"">",source-indexed; NOT individually click-certified
frontend/pages/mezmur_dept.php,575,"<select id=""mzHymnMainCat"" class=""school-input"" aria-label=""Category"">",source-indexed; NOT individually click-certified
frontend/pages/mezmur_dept.php,579,"<select id=""mzHymnSubCat"" class=""school-input"" aria-label=""Sub-category"" disabled>",source-indexed; NOT individually click-certified
frontend/pages/mezmur_dept.php,582,"<button type=""button"" class=""btn-secondary btn-sm catalog-manage"" onclick=""Mezmur.openCatalog('categories')"">",source-indexed; NOT individually click-certified
frontend/pages/mezmur_dept.php,586,"<button type=""button"" id=""mzZemPickBtn"" class=""school-input mz-pick-btn"" aria-haspopup=""listbox"" aria-labelledby=""mzZemLbl"">",source-indexed; NOT individually click-certified
frontend/pages/mezmur_dept.php,588,"<button type=""button"" class=""btn-secondary btn-sm catalog-manage"" onclick=""Mezmur.openCatalog('zemarians')"">",source-indexed; NOT individually click-certified
frontend/pages/mezmur_dept.php,592,"<select id=""mzLength"" class=""school-input"">",source-indexed; NOT individually click-certified
frontend/pages/mezmur_dept.php,599,"<select id=""mzLanguage"" class=""school-input"">",source-indexed; NOT individually click-certified
frontend/pages/mezmur_dept.php,607,"<button type=""button"" class=""mz-ed-btn"" data-cmd=""bold"" title=""Bold (Ctrl+B)"" aria-label=""Bold"">",source-indexed; NOT individually click-certified
frontend/pages/mezmur_dept.php,608,"<button type=""button"" class=""mz-ed-btn"" data-cmd=""italic"" title=""Italic (Ctrl+I)"" aria-label=""Italic"">",source-indexed; NOT individually click-certified
frontend/pages/mezmur_dept.php,609,"<button type=""button"" class=""mz-ed-btn"" data-cmd=""underline"" title=""Underline (Ctrl+U)"" aria-label=""Underline"">",source-indexed; NOT individually click-certified
frontend/pages/mezmur_dept.php,611,"<button type=""button"" class=""mz-ed-btn"" data-cmd=""section"" title=""Insert section header (e.g. Verse 1)"" aria-label=""Insert section header"">",source-indexed; NOT individually click-certified
frontend/pages/mezmur_dept.php,613,"<input id=""mzSecPopInput"" maxlength=""60"" placeholder=""Section name (e.g. Verse 1)"">",source-indexed; NOT individually click-certified
frontend/pages/mezmur_dept.php,614,"<button type=""button"" class=""btn-primary btn-sm"" id=""mzSecPopOk"">",source-indexed; NOT individually click-certified
frontend/pages/mezmur_dept.php,615,"<button type=""button"" class=""btn-secondary btn-sm"" id=""mzSecPopCancel"">",source-indexed; NOT individually click-certified
frontend/pages/mezmur_dept.php,619,"<textarea id=""mzLyrics"" class=""is-hidden"" aria-hidden=""true"">",source-indexed; NOT individually click-certified
frontend/pages/mezmur_dept.php,623,"<button class=""btn-primary btn-block"" id=""mzSaveBtn"" onclick=""Mezmur.save()"">",source-indexed; NOT individually click-certified
frontend/pages/mezmur_dept.php,632,"<button class=""btn-secondary btn-sm"" onclick=""Mezmur.closeImageDialog()"" aria-label=""Close dialog"">",source-indexed; NOT individually click-certified
frontend/pages/mezmur_dept.php,640,"<button class=""btn-secondary btn-sm"" id=""mzImgCancel"">",source-indexed; NOT individually click-certified
frontend/pages/mezmur_dept.php,641,"<button class=""btn-primary btn-sm"" id=""mzImgUpload"">",source-indexed; NOT individually click-certified
frontend/pages/mezmur_dept.php,651,"<button class=""btn-secondary btn-sm"" onclick=""Mezmur.closeColorDialog()"" aria-label=""Close dialog"">",source-indexed; NOT individually click-certified
frontend/pages/mezmur_dept.php,658,"<input type=""color"" id=""mzGradStart"" value=""#4f46e5"" aria-label=""Gradient start color"">",source-indexed; NOT individually click-certified
frontend/pages/mezmur_dept.php,659,"<input type=""color"" id=""mzGradEnd"" value=""#7c3aed"" aria-label=""Gradient end color"">",source-indexed; NOT individually click-certified
frontend/pages/mezmur_dept.php,660,"<button type=""button"" class=""btn-secondary btn-sm"" id=""mzGradAuto"">",source-indexed; NOT individually click-certified
frontend/pages/mezmur_dept.php,663,"<input type=""range"" id=""mzGradStartOp"" min=""20"" max=""100"" step=""1"" value=""100"" aria-label=""Start color opacity"">",source-indexed; NOT individually click-certified
frontend/pages/mezmur_dept.php,664,"<input type=""range"" id=""mzGradEndOp"" min=""20"" max=""100"" step=""1"" value=""100"" aria-label=""End color opacity"">",source-indexed; NOT individually click-certified
frontend/pages/mezmur_dept.php,667,"<button type=""button"" class=""btn-secondary btn-sm"" id=""mzRemoveImg"">",source-indexed; NOT individually click-certified
frontend/pages/mezmur_dept.php,669,"<button type=""button"" class=""btn-secondary btn-sm"" onclick=""Mezmur.closeColorDialog()"">",source-indexed; NOT individually click-certified
frontend/pages/mezmur_dept.php,670,"<button type=""button"" class=""btn-primary btn-sm"" id=""mzGradSave"">",source-indexed; NOT individually click-certified
frontend/pages/mezmur_dept.php,682,"<button class=""btn-secondary btn-sm"" id=""mzSysDialogNo"">",source-indexed; NOT individually click-certified
frontend/pages/mezmur_dept.php,683,"<button class=""btn-primary btn-sm"" id=""mzSysDialogYes"">",source-indexed; NOT individually click-certified
frontend/pages/mezmur_dept.php,693,"<button class=""btn-secondary btn-sm"" onclick=""Mezmur.closeView()"" aria-label=""Close dialog"">",source-indexed; NOT individually click-certified
frontend/pages/mezmur_dept.php,718,"<button class=""btn-secondary btn-sm"" onclick=""Mezmur.syncClose()"" aria-label=""Close dialog"">",source-indexed; NOT individually click-certified
frontend/pages/mezmur_dept.php,721,"<input type=""hidden"" id=""mzSyncHymnId"" value=""0"">",source-indexed; NOT individually click-certified
frontend/pages/mezmur_dept.php,730,"<button type=""button"" class=""btn-primary btn-sm"" id=""mzSyncPlay"" onclick=""Mezmur.syncPlayPause()"">",source-indexed; NOT individually click-certified
frontend/pages/mezmur_dept.php,734,"<input type=""range"" id=""mzSyncSeek"" min=""0"" max=""1000"" value=""0"" aria-label=""Seek audio"">",source-indexed; NOT individually click-certified
frontend/pages/mezmur_dept.php,735,"<button type=""button"" class=""btn-secondary btn-sm"" onclick=""Mezmur.syncStamp()"">",source-indexed; NOT individually click-certified
frontend/pages/mezmur_dept.php,749,"<button type=""button"" class=""btn-secondary btn-sm"" onclick=""Mezmur.syncReset()"">",source-indexed; NOT individually click-certified
frontend/pages/mezmur_dept.php,753,"<button type=""button"" class=""btn-secondary btn-sm"" onclick=""Mezmur.syncClose()"">",source-indexed; NOT individually click-certified
frontend/pages/mezmur_dept.php,754,"<button type=""button"" class=""btn-primary btn-sm"" id=""mzSyncSave"" onclick=""Mezmur.syncSave()"">",source-indexed; NOT individually click-certified
frontend/pages/mezmur_dept.php,771,"<button class=""btn-secondary btn-sm"" onclick=""Mezmur.closeAudio()"" aria-label=""Close dialog"">",source-indexed; NOT individually click-certified
frontend/pages/mezmur_dept.php,773,"<input type=""hidden"" id=""mzAudioHymnId"" value=""0"">",source-indexed; NOT individually click-certified
frontend/pages/mezmur_dept.php,783,"<button type=""button"" class=""btn-primary btn-sm is-hidden"" id=""mzAudioListenBtn"">",source-indexed; NOT individually click-certified
frontend/pages/mezmur_dept.php,791,"<input type=""file"" id=""mzAudioFile"" accept=""audio/*,.mp3,.m4a,.ogg,.wav,.aac,.opus"" class=""is-hidden"" aria-hidden=""true"">",source-indexed; NOT individually click-certified
frontend/pages/mezmur_dept.php,793,"<button class=""btn-primary btn-sm"" id=""mzAudioPickBtn"" onclick=""Mezmur.audioPick()"">",source-indexed; NOT individually click-certified
frontend/pages/mezmur_dept.php,796,"<button class=""btn-secondary btn-sm is-hidden"" id=""mzAudioSyncBtn"" onclick=""Mezmur.syncOpen()"">",source-indexed; NOT individually click-certified
frontend/pages/mezmur_dept.php,799,"<button class=""btn-secondary btn-sm is-hidden"" id=""mzAudioRemoveBtn"" onclick=""Mezmur.audioRemove()"">",source-indexed; NOT individually click-certified
frontend/pages/mezmur_dept.php,824,"<button class=""btn-secondary btn-sm"" onclick=""modal('mzTakerModal',false)"" aria-label=""Close dialog"">",source-indexed; NOT individually click-certified
frontend/pages/mezmur_dept.php,828,"<input id=""mzTkName"" class=""school-input"" maxlength=""150"" autocomplete=""off"">",source-indexed; NOT individually click-certified
frontend/pages/mezmur_dept.php,832,"<input id=""mzTkUser"" class=""school-input"" maxlength=""50"" autocomplete=""off"">",source-indexed; NOT individually click-certified
frontend/pages/mezmur_dept.php,836,"<input id=""mzTkPass"" class=""school-input"" type=""password"" minlength=""12"" maxlength=""72"" autocomplete=""new-password"">",source-indexed; NOT individually click-certified
frontend/pages/mezmur_dept.php,839,"<button class=""btn-primary btn-block"" id=""mzTkSaveBtn"" onclick=""Mezmur.createTaker()"">",source-indexed; NOT individually click-certified
frontend/pages/mezmur_dept.php,848,"<button class=""btn-secondary btn-sm"" onclick=""modal('mzReviewModal',false)"" aria-label=""Close dialog"">",source-indexed; NOT individually click-certified
frontend/pages/mezmur_dept.php,850,"<input type=""hidden"" id=""mzRvId"" value=""0"">",source-indexed; NOT individually click-certified
frontend/pages/mezmur_dept.php,854,"<select id=""mzRvDecision"" class=""school-input"">",source-indexed; NOT individually click-certified
frontend/pages/mezmur_dept.php,862,"<textarea id=""mzRvNotes"" class=""school-input"" rows=""4"" maxlength=""500"" placeholder=""What should the taker fix or confirm?"">",source-indexed; NOT individually click-certified
frontend/pages/mezmur_dept.php,865,"<button class=""btn-primary btn-block"" id=""mzRvSaveBtn"" onclick=""Mezmur.submitReview()"">",source-indexed; NOT individually click-certified
frontend/pages/mezmur_dept.php,874,"<button class=""btn-secondary btn-sm"" onclick=""modal('mzPacketModal',false)"" aria-label=""Close dialog"">",source-indexed; NOT individually click-certified
frontend/pages/mezmur_dept.php,885,"<button type=""button"" id=""mzPArtBtn"" class=""mz-player-art"" aria-label=""Open now playing"">",source-indexed; NOT individually click-certified
frontend/pages/mezmur_dept.php,895,"<button type=""button"" id=""mzPShuffle"" title=""Shuffle"" aria-pressed=""false"" aria-label=""Shuffle"">",source-indexed; NOT individually click-certified
frontend/pages/mezmur_dept.php,896,"<button type=""button"" id=""mzPPrev"" title=""Previous"" aria-label=""Previous hymn"">",source-indexed; NOT individually click-certified
frontend/pages/mezmur_dept.php,897,"<button type=""button"" id=""mzPBack"" title=""Back 15 seconds"" aria-label=""Back 15 seconds"">",source-indexed; NOT individually click-certified
frontend/pages/mezmur_dept.php,898,"<button type=""button"" id=""mzPPlay"" class=""mz-player-play"" title=""Play"" aria-label=""Play"">",source-indexed; NOT individually click-certified
frontend/pages/mezmur_dept.php,899,"<button type=""button"" id=""mzPFwd"" title=""Forward 15 seconds"" aria-label=""Forward 15 seconds"">",source-indexed; NOT individually click-certified
frontend/pages/mezmur_dept.php,900,"<button type=""button"" id=""mzPNext"" title=""Next"" aria-label=""Next hymn"">",source-indexed; NOT individually click-certified
frontend/pages/mezmur_dept.php,901,"<button type=""button"" id=""mzPRepeat"" title=""Repeat off"" aria-pressed=""false"" aria-label=""Repeat"">",source-indexed; NOT individually click-certified
frontend/pages/mezmur_dept.php,905,"<input type=""range"" id=""mzPSeek"" min=""0"" max=""1000"" value=""0"" aria-label=""Seek"">",source-indexed; NOT individually click-certified
frontend/pages/mezmur_dept.php,910,"<button type=""button"" id=""mzPLyricsBtn"" title=""Lyrics"" aria-pressed=""false"" aria-label=""Lyrics"">",source-indexed; NOT individually click-certified
frontend/pages/mezmur_dept.php,911,"<button type=""button"" id=""mzPQueueBtn"" title=""Queue"" aria-pressed=""false"" aria-label=""Queue"">",source-indexed; NOT individually click-certified
frontend/pages/mezmur_dept.php,912,"<button type=""button"" id=""mzPRate"" class=""mz-p-rate"" title=""Playback speed"" aria-label=""Playback speed"">",source-indexed; NOT individually click-certified
frontend/pages/mezmur_dept.php,913,"<button type=""button"" id=""mzPMute"" title=""Mute"" aria-pressed=""false"" aria-label=""Mute"">",source-indexed; NOT individually click-certified
frontend/pages/mezmur_dept.php,914,"<input type=""range"" id=""mzPVol"" min=""0"" max=""100"" value=""100"" aria-label=""Volume"">",source-indexed; NOT individually click-certified
frontend/pages/mezmur_dept.php,919,"<button type=""button"" id=""mzPClose"" title=""Close player"" aria-label=""Stop and close player"">",source-indexed; NOT individually click-certified
frontend/pages/mezmur_dept.php,926,"<button type=""button"" id=""mzNpClose"" aria-label=""Close now playing"">",source-indexed; NOT individually click-certified
frontend/pages/mezmur_dept.php,932,"<button type=""button"" id=""mzNpTabLyrics"" class=""mz-np-tab active"" role=""tab"" aria-selected=""true"">",source-indexed; NOT individually click-certified
frontend/pages/mezmur_dept.php,933,"<button type=""button"" id=""mzNpTabQueue"" class=""mz-np-tab"" role=""tab"" aria-selected=""false"">",source-indexed; NOT individually click-certified
frontend/pages/mezmur_dept.php,942,"<button class=""school-bottom-nav-btn active"" data-section=""overview"" aria-label=""Overview"">",source-indexed; NOT individually click-certified
frontend/pages/mezmur_dept.php,943,"<button class=""school-bottom-nav-btn"" data-section=""library"" aria-label=""Hymn Library"">",source-indexed; NOT individually click-certified
frontend/pages/mezmur_dept.php,944,"<button class=""school-bottom-nav-btn"" data-section=""catalog"" aria-label=""Catalog"">",source-indexed; NOT individually click-certified
frontend/pages/mezmur_dept.php,945,"<button class=""school-bottom-nav-btn"" data-section=""attendance"" aria-label=""Attendance"">",source-indexed; NOT individually click-certified
frontend/pages/mezmur_dept.php,946,"<button class=""school-bottom-nav-btn"" data-section=""analytics"" aria-label=""Analytics"">",source-indexed; NOT individually click-certified
frontend/pages/mezmur_dept.php,947,"<button class=""school-bottom-nav-btn"" data-section=""takers"" aria-label=""Attendance takers"">",source-indexed; NOT individually click-certified
index.html,79,"<button id=""mobile-menu-btn"" class=""md:hidden text-white"">",source-indexed; NOT individually click-certified
index.html,87,"<a href=""#home"" class=""text-white hover:text-yellow-400 transition"">",source-indexed; NOT individually click-certified
index.html,88,"<a href=""#about"" class=""text-white hover:text-yellow-400 transition"">",source-indexed; NOT individually click-certified
index.html,89,"<a href=""#programs"" class=""text-white hover:text-yellow-400 transition"">",source-indexed; NOT individually click-certified
index.html,90,"<a href=""#schedule"" class=""text-white hover:text-yellow-400 transition"">",source-indexed; NOT individually click-certified
index.html,91,"<a href=""#gallery"" class=""text-white hover:text-yellow-400 transition"">",source-indexed; NOT individually click-certified
index.html,92,"<a href=""#contact"" class=""text-white hover:text-yellow-400 transition"">",source-indexed; NOT individually click-certified
index.html,98,"<a href=""#home"" class=""block text-white hover:text-yellow-400 py-2 transition"">",source-indexed; NOT individually click-certified
index.html,99,"<a href=""#about"" class=""block text-white hover:text-yellow-400 py-2 transition"">",source-indexed; NOT individually click-certified
index.html,100,"<a href=""#programs"" class=""block text-white hover:text-yellow-400 py-2 transition"">",source-indexed; NOT individually click-certified
index.html,101,"<a href=""#schedule"" class=""block text-white hover:text-yellow-400 py-2 transition"">",source-indexed; NOT individually click-certified
index.html,102,"<a href=""#gallery"" class=""block text-white hover:text-yellow-400 py-2 transition"">",source-indexed; NOT individually click-certified
index.html,103,"<a href=""#contact"" class=""block text-white hover:text-yellow-400 py-2 transition"">",source-indexed; NOT individually click-certified
index.html,117,"<a href=""#contact"" class=""bg-yellow-500 hover:bg-yellow-600 text-green-900 font-bold py-3 px-8 rounded-lg transition transform hover:scale-105"">",source-indexed; NOT individually click-certified
index.html,120,"<a href=""#about"" class=""border-2 border-yellow-500 hover:bg-yellow-500 hover:text-green-900 text-white font-bold py-3 px-8 rounded-lg transition transform hover:scale-105"">",source-indexed; NOT individually click-certified
index.html,527,"<form id=""registration-form"" class=""space-y-4"">",source-indexed; NOT individually click-certified
index.html,530,"<input type=""text"" required class=""w-full px-4 py-2 rounded-lg text-gray-900 focus:outline-none focus:ring-2 focus:ring-yellow-500"" placeholder=""Full Name"">",source-indexed; NOT individually click-certified
index.html,535,"<input type=""text"" required class=""w-full px-4 py-2 rounded-lg text-gray-900 focus:outline-none focus:ring-2 focus:ring-yellow-500"" placeholder=""Child's Full Name"">",source-indexed; NOT individually click-certified
index.html,540,"<select required class=""w-full px-4 py-2 rounded-lg text-gray-900 focus:outline-none focus:ring-2 focus:ring-yellow-500"">",source-indexed; NOT individually click-certified
index.html,562,"<input type=""tel"" required class=""w-full px-4 py-2 rounded-lg text-gray-900 focus:outline-none focus:ring-2 focus:ring-yellow-500"" placeholder=""+251 XXX XXX XXX"">",source-indexed; NOT individually click-certified
index.html,567,"<input type=""email"" required class=""w-full px-4 py-2 rounded-lg text-gray-900 focus:outline-none focus:ring-2 focus:ring-yellow-500"" placeholder=""your.email@example.com"">",source-indexed; NOT individually click-certified
index.html,572,"<textarea rows=""3"" class=""w-full px-4 py-2 rounded-lg text-gray-900 focus:outline-none focus:ring-2 focus:ring-yellow-500"" placeholder=""Any questions or special needs?"">",source-indexed; NOT individually click-certified
index.html,575,"<button type=""submit"" class=""w-full bg-yellow-500 hover:bg-yellow-600 text-green-900 font-bold py-3 px-6 rounded-lg transition transform hover:scale-105"">",source-indexed; NOT individually click-certified
index.html,602,"<a href=""#home"" class=""hover:text-yellow-400 transition"">",source-indexed; NOT individually click-certified
index.html,603,"<a href=""#about"" class=""hover:text-yellow-400 transition"">",source-indexed; NOT individually click-certified
index.html,604,"<a href=""#programs"" class=""hover:text-yellow-400 transition"">",source-indexed; NOT individually click-certified
index.html,605,"<a href=""#schedule"" class=""hover:text-yellow-400 transition"">",source-indexed; NOT individually click-certified
index.html,606,"<a href=""#contact"" class=""hover:text-yellow-400 transition"">",source-indexed; NOT individually click-certified
index.html,613,"<a href=""#"" class=""bg-yellow-500 hover:bg-yellow-600 p-3 rounded-full transition transform hover:scale-110"">",source-indexed; NOT individually click-certified
index.html,618,"<a href=""#"" class=""bg-yellow-500 hover:bg-yellow-600 p-3 rounded-full transition transform hover:scale-110"">",source-indexed; NOT individually click-certified
index.html,623,"<a href=""#"" class=""bg-yellow-500 hover:bg-yellow-600 p-3 rounded-full transition transform hover:scale-110"">",source-indexed; NOT individually click-certified
index.php,156,"<button id=""mobile-menu-btn"" class=""md:hidden text-white"">",source-indexed; NOT individually click-certified
index.php,164,"<a href=""#home"" class=""text-white hover:text-yellow-400 transition"">",source-indexed; NOT individually click-certified
index.php,165,"<a href=""#about"" class=""text-white hover:text-yellow-400 transition"">",source-indexed; NOT individually click-certified
index.php,166,"<a href=""#programs"" class=""text-white hover:text-yellow-400 transition"">",source-indexed; NOT individually click-certified
index.php,167,"<a href=""#schedule"" class=""text-white hover:text-yellow-400 transition"">",source-indexed; NOT individually click-certified
index.php,168,"<a href=""#gallery"" class=""text-white hover:text-yellow-400 transition"">",source-indexed; NOT individually click-certified
index.php,169,"<a href=""#contact"" class=""text-white hover:text-yellow-400 transition"">",source-indexed; NOT individually click-certified
index.php,175,"<a href=""#home"" class=""block text-white hover:text-yellow-400 py-2 transition"">",source-indexed; NOT individually click-certified
index.php,176,"<a href=""#about"" class=""block text-white hover:text-yellow-400 py-2 transition"">",source-indexed; NOT individually click-certified
index.php,177,"<a href=""#programs"" class=""block text-white hover:text-yellow-400 py-2 transition"">",source-indexed; NOT individually click-certified
index.php,178,"<a href=""#schedule"" class=""block text-white hover:text-yellow-400 py-2 transition"">",source-indexed; NOT individually click-certified
index.php,179,"<a href=""#gallery"" class=""block text-white hover:text-yellow-400 py-2 transition"">",source-indexed; NOT individually click-certified
index.php,180,"<a href=""#contact"" class=""block text-white hover:text-yellow-400 py-2 transition"">",source-indexed; NOT individually click-certified
index.php,194,"<a href=""#contact"" class=""bg-yellow-500 hover:bg-yellow-600 text-green-900 font-bold py-3 px-8 rounded-lg transition transform hover:scale-105"">",source-indexed; NOT individually click-certified
index.php,197,"<a href=""#about"" class=""border-2 border-yellow-500 hover:bg-yellow-500 hover:text-green-900 text-white font-bold py-3 px-8 rounded-lg transition transform hover:scale-105"">",source-indexed; NOT individually click-certified
index.php,482,"<button type=""button"" class=""fkss-gal-more"" data-gal=""more"" hidden>",source-indexed; NOT individually click-certified
index.php,557,"<form id=""registration-form"" class=""space-y-4"">",source-indexed; NOT individually click-certified
index.php,559,"<input type=""text"" name=""website"" style=""position:absolute;left:-9999px"" tabindex=""-1"" autocomplete=""off"">",source-indexed; NOT individually click-certified
index.php,562,"<input type=""text"" name=""guardian_name_unused"" class=""w-full px-4 py-2 rounded-lg text-gray-900 focus:outline-none focus:ring-2 focus:ring-yellow-500"" placeholder=""Full Name"">",source-indexed; NOT individually click-certified
index.php,566,"<input type=""text"" name=""full_name"" required class=""w-full px-4 py-2 rounded-lg text-gray-900 focus:outline-none focus:ring-2 focus:ring-yellow-500"" placeholder=""Child's Full Name"">",source-indexed; NOT individually click-certified
index.php,570,"<select name=""age"" class=""w-full px-4 py-2 rounded-lg text-gray-900 focus:outline-none focus:ring-2 focus:ring-yellow-500"">",source-indexed; NOT individually click-certified
index.php,577,"<input type=""tel"" name=""phone"" required class=""w-full px-4 py-2 rounded-lg text-gray-900 focus:outline-none focus:ring-2 focus:ring-yellow-500"" placeholder=""+251 XXX XXX XXX"">",source-indexed; NOT individually click-certified
index.php,581,"<input type=""email"" name=""email"" class=""w-full px-4 py-2 rounded-lg text-gray-900 focus:outline-none focus:ring-2 focus:ring-yellow-500"" placeholder=""your.email@example.com"">",source-indexed; NOT individually click-certified
index.php,585,"<textarea name=""message"" rows=""3"" class=""w-full px-4 py-2 rounded-lg text-gray-900 focus:outline-none focus:ring-2 focus:ring-yellow-500"" placeholder=""Any questions or special needs?"">",source-indexed; NOT individually click-certified
index.php,587,"<button type=""submit"" id=""regSubmitBtn"" class=""w-full bg-yellow-500 hover:bg-yellow-600 text-green-900 font-bold py-3 px-6 rounded-lg transition transform hover:scale-105"">",source-indexed; NOT individually click-certified
index.php,615,"<a href=""#home"" class=""hover:text-yellow-400 transition"">",source-indexed; NOT individually click-certified
index.php,616,"<a href=""#about"" class=""hover:text-yellow-400 transition"">",source-indexed; NOT individually click-certified
index.php,617,"<a href=""#programs"" class=""hover:text-yellow-400 transition"">",source-indexed; NOT individually click-certified
index.php,618,"<a href=""#schedule"" class=""hover:text-yellow-400 transition"">",source-indexed; NOT individually click-certified
index.php,619,"<a href=""#contact"" class=""hover:text-yellow-400 transition"">",source-indexed; NOT individually click-certified
index.php,628,"<a href=""<?= e($soc['url']) ?>",source-indexed; NOT individually click-certified
index.php,633,"<a href=""#"" class=""bg-yellow-500 hover:bg-yellow-600 w-11 h-11 flex items-center justify-center rounded-full transition transform hover:scale-110"">",source-indexed; NOT individually click-certified
index.php,634,"<a href=""#"" class=""bg-yellow-500 hover:bg-yellow-600 w-11 h-11 flex items-center justify-center rounded-full transition transform hover:scale-110"">",source-indexed; NOT individually click-certified
index.php,635,"<a href=""#"" class=""bg-yellow-500 hover:bg-yellow-600 w-11 h-11 flex items-center justify-center rounded-full transition transform hover:scale-110"">",source-indexed; NOT individually click-certified
js/public_gallery.js,95,"<button type=""button"" data-album=""0"" class=""' + (state.album === 0 ? 'on' : '') + '"">",source-indexed; NOT individually click-certified
js/public_gallery.js,97,"<button type=""button"" data-album=""' + a.id + '"" class=""' + (state.album === a.id ? 'on' : '') + '"">",source-indexed; NOT individually click-certified
js/public_gallery.js,117,"<button type=""button"" data-dot=""' + i + '"" class=""' + (i === state.slide ? 'on' : '') + '"" aria-label=""Photo ' + (i + 1) + '"">",source-indexed; NOT individually click-certified
js/public_gallery.js,125,"<button type=""button"" class=""fkss-gal-nav fkss-gal-prev"" data-dir=""-1"" aria-label=""Previous"">",source-indexed; NOT individually click-certified
js/public_gallery.js,126,"<button type=""button"" class=""fkss-gal-nav fkss-gal-next"" data-dir=""1"" aria-label=""Next"">",source-indexed; NOT individually click-certified
js/public_gallery.js,275,"<button type=""button"" class=""fkss-lb-x"" aria-label=""Close"">",source-indexed; NOT individually click-certified
js/public_gallery.js,276,"<button type=""button"" class=""fkss-lb-p"" aria-label=""Previous"">",source-indexed; NOT individually click-certified
js/public_gallery.js,279,"<button type=""button"" class=""fkss-lb-n"" aria-label=""Next"">",source-indexed; NOT individually click-certified
member.php,326,"<a href=""<?= SITE_URL ?>",source-indexed; NOT individually click-certified
monitor/error_monitor.php,526,"<a href=""javascript:location.reload()"" class=""btn btn-primary"">",source-indexed; NOT individually click-certified
monitor/error_monitor.php,527,"<a href=""javascript:history.back()"" class=""btn btn-secondary"">",source-indexed; NOT individually click-certified
monitor/index.php,331,"<button type=""button"" class=""btn bs"" data-monitor-action=""test"">",source-indexed; NOT individually click-certified
monitor/index.php,332,"<button type=""button"" class=""btn"" data-monitor-action=""refresh"">",source-indexed; NOT individually click-certified
monitor/index.php,333,"<button type=""button"" class=""btn bd"" data-monitor-action=""clear-resolved"">",source-indexed; NOT individually click-certified
monitor/index.php,334,"<a href=""/admin/dashboard.php"" class=""btn"">",source-indexed; NOT individually click-certified
monitor/index.php,335,"<form method=""POST"" style=""display:inline"">",source-indexed; NOT individually click-certified
monitor/index.php,335,"<input type=""hidden"" name=""monitor_action"" value=""logout"">",source-indexed; NOT individually click-certified
monitor/index.php,335,"<input type=""hidden"" name=""csrf_token"" value=""<?= e($monitorCsrf) ?>",source-indexed; NOT individually click-certified
monitor/index.php,335,"<button type=""submit"" class=""btn"">",source-indexed; NOT individually click-certified
monitor/index.php,351,"<form method=""GET"" style=""display:flex;gap:12px;flex-wrap:wrap;align-items:center;width:100%"">",source-indexed; NOT individually click-certified
monitor/index.php,352,"<select name=""severity"">",source-indexed; NOT individually click-certified
monitor/index.php,353,"<select name=""project"">",source-indexed; NOT individually click-certified
monitor/index.php,354,"<select name=""resolved"">",source-indexed; NOT individually click-certified
monitor/index.php,355,"<input type=""text"" name=""search"" placeholder=""Search errors..."" value=""<?=htmlspecialchars($fSearch)?>",source-indexed; NOT individually click-certified
monitor/index.php,356,"<button type=""submit"" class=""btn bp"">",source-indexed; NOT individually click-certified
monitor/index.php,356,"<a href=""."" class=""btn"">",source-indexed; NOT individually click-certified
monitor/index.php,366,"<button type=""button"" class=""rb"" data-monitor-action=""resolve"" data-error-id=""<?= (int)$e['id'] ?>",source-indexed; NOT individually click-certified
monitor/index.php,366,"<button type=""button"" class=""db"" data-monitor-action=""delete"" data-error-id=""<?= (int)$e['id'] ?>",source-indexed; NOT individually click-certified
monitor/index.php,369,"<a href=""?<?=http_build_query(array_merge($_GET,['page'=>",source-indexed; NOT individually click-certified
monitor/index.php,370,"<a href=""?<?=http_build_query(array_merge($_GET,['page'=>",source-indexed; NOT individually click-certified
monitor/index.php,371,"<a href=""?<?=http_build_query(array_merge($_GET,['page'=>",source-indexed; NOT individually click-certified
monitor/index.php,373,"<button type=""button"" class=""cb"" data-monitor-action=""close-detail"">",source-indexed; NOT individually click-certified
monitor/index.php,373,"<button type=""button"" class=""btn bp"" data-monitor-action=""resolve"">",source-indexed; NOT individually click-certified
monitor/index.php,373,"<button type=""button"" class=""btn bd"" data-monitor-action=""delete"">",source-indexed; NOT individually click-certified
monitor/index.php,440,"<form method=""POST"">",source-indexed; NOT individually click-certified
monitor/index.php,440,"<input type=""hidden"" name=""csrf_token"" value=""<?= e($csrfToken) ?>",source-indexed; NOT individually click-certified
monitor/index.php,440,"<input type=""password"" name=""monitor_password"" placeholder=""Enter your current password"" autocomplete=""current-password"" autofocus required maxlength=""4096"">",source-indexed; NOT individually click-certified
monitor/index.php,441,"<button type=""submit"">",source-indexed; NOT individually click-certified
monitor/index.php,442,"<a href=""/admin/"">",source-indexed; NOT individually click-certified
