file,category,bytes,lines,sha256,coverage,notes
.editorconfig,asset/configuration,593,27,a9a9882ffbe7f755b0cf2138e6261fb2d8c9a37d5d882a0ecf226733017156c0,inventoried; automated checks where applicable,No individual manual sign-off; see audit limitations.
.gitignore,asset/configuration,2030,76,405f7fb4f17397bb539324aa1af9c5dbc5b7ec110b16c26304bb7c4d08f88780,inventoried; automated checks where applicable,No individual manual sign-off; see audit limitations.
.htaccess,application-source,6130,142,f781a178e6258ecd808b4ec08db4887fde508b8727673dcf7303703cc6112a8b,Changed sections manually reviewed; syntax/static checks; targeted verification only,F07: Apache path-denial tests and independent CGI execution prove PHP guards work without .htaccess. No unsafe seeder request was sent to production. F08: Actual Apache probes; backup create/download/decrypt regression protects against blanket-directory blocking.
Mobile/HOW_TO_SHIP_AN_UPDATE.md,documentation,3073,103,e5c1c2f8ec4b90c855a88ae8afb302bcd4e185028bd5c502d4e0f8a9e34bfaa5,inventoried; automated checks where applicable,No individual manual sign-off; see audit limitations.
Mobile/TEACHER_APP_WEAKNESS_REPORT.md,documentation,9770,207,4aea2b88078bdd77299bb4f498e44e70d4e03a85e69fbc8ae9f09bb6d37a51ea,inventoried; automated checks where applicable,No individual manual sign-off; see audit limitations.
Mobile/code_dump.txt,asset/configuration,271251,7667,918fc1681933085b486817371f09d3aca42dcffe033223fe053b5b0a6d9d9a78,inventoried; automated checks where applicable,No individual manual sign-off; see audit limitations.
Mobile/logo_felege_kidusan.png,asset/configuration,1017355,,b34bc65cf7056d0fe3ab0b08b3c712a84e97294efd4bc88d85c5a1f8241cf8a5,inventoried; automated checks where applicable,No individual manual sign-off; see audit limitations.
Mobile/logo_felege_kidusan.webp,asset/configuration,1015672,,33b38ecab7021ba07a95c3ce1032f8e016f2a6c5edebec75fb034d08e7471b17,inventoried; automated checks where applicable,No individual manual sign-off; see audit limitations.
Mobile/wbws_flutter_app/.gitignore,mobile-platform/assets,897,53,daca522b6aee19fb9f5b6f29124d73bd830343e0b58be4980b2dc88981bc6839,inventoried; automated checks where applicable,No individual manual sign-off; see audit limitations.
Mobile/wbws_flutter_app/.metadata,mobile-platform/assets,1706,45,3474cf4b2d365a82cfe2a54451cc74927b48278d3d3e0e3ebf72be77d0a14b41,inventoried; automated checks where applicable,No individual manual sign-off; see audit limitations.
Mobile/wbws_flutter_app/README.md,documentation,2323,52,e3183ef33644a2af275984ccd4ec6dac1053e2ab8cf4671d9469f182e69337eb,inventoried; automated checks where applicable,No individual manual sign-off; see audit limitations.
Mobile/wbws_flutter_app/analysis_options.yaml,mobile-platform/assets,1546,37,403d2c563287e55f12ff36526c0eeebec0510f7bf1a7b18a44bb6fef89cf7661,inventoried; automated checks where applicable,No individual manual sign-off; see audit limitations.
Mobile/wbws_flutter_app/android/.gitignore,mobile-platform/assets,247,13,b97dd21ea377acd068ce45903e6bd983dee58a3522bcea558e674821af080495,inventoried; automated checks where applicable,No individual manual sign-off; see audit limitations.
Mobile/wbws_flutter_app/android/app/build.gradle,mobile-platform/assets,4046,96,9a45df4864ccf69a97ecc2ce8e47e5dcfd4d2a76a2ea4e6216c2b23eb9c12cb0,inventoried; automated checks where applicable,No individual manual sign-off; see audit limitations.
Mobile/wbws_flutter_app/android/app/proguard-rules.pro,mobile-platform/assets,1547,42,f0af852c3b78587807cc165a0e522ae27b444bc6b2c9b2b9346c2faa3d809776,inventoried; automated checks where applicable,No individual manual sign-off; see audit limitations.
Mobile/wbws_flutter_app/android/app/src/debug/AndroidManifest.xml,mobile-platform/assets,378,7,30b0832ed8b92dfbd6ae2abfa939ccf26333d37600056b1572bd4a397a18a74b,inventoried; automated checks where applicable,No individual manual sign-off; see audit limitations.
Mobile/wbws_flutter_app/android/app/src/debug/res/xml/network_security_config.xml,mobile-platform/assets,503,14,961cb2eb7c93cee753de10fb61a1676f6699d71b20452812f092eaa7cd32a0c2,inventoried; automated checks where applicable,No individual manual sign-off; see audit limitations.
Mobile/wbws_flutter_app/android/app/src/main/AndroidManifest.xml,mobile-platform/assets,5688,109,ab94dfb7716dfcf2ae2cd8157a317a98d8cd02cfacae7ecdd1d0e015eb3d7c4c,inventoried; automated checks where applicable,No individual manual sign-off; see audit limitations.
Mobile/wbws_flutter_app/android/app/src/main/kotlin/com/arkeonethiopia/fkss/FkssApplication.kt,mobile-platform/assets,2527,66,b761c459d8fc2b44bba9466f08db43f86de3a31f80e399499b614cea94e02f7d,inventoried; automated checks where applicable,No individual manual sign-off; see audit limitations.
Mobile/wbws_flutter_app/android/app/src/main/kotlin/com/arkeonethiopia/fkss/MainActivity.kt,mobile-platform/assets,5723,118,a015482738831f0426bdccd47547922a2ab27745d622163069f89fd92458ad3e,inventoried; automated checks where applicable,No individual manual sign-off; see audit limitations.
Mobile/wbws_flutter_app/android/app/src/main/res/drawable-hdpi/android12splash.png,mobile-platform/assets,193862,,d8f8fb9f4d918c903b5fe8ddcd7f4c112bef75f085661baf2d655728a25cb34b,inventoried; automated checks where applicable,No individual manual sign-off; see audit limitations.
Mobile/wbws_flutter_app/android/app/src/main/res/drawable-hdpi/ic_launcher_foreground.png,mobile-platform/assets,39115,,6c09fcc8f27884ac221174c921938506fa3995c96fa0e358b0d470dbf5b44d4b,inventoried; automated checks where applicable,No individual manual sign-off; see audit limitations.
Mobile/wbws_flutter_app/android/app/src/main/res/drawable-hdpi/splash.png,mobile-platform/assets,193862,,d8f8fb9f4d918c903b5fe8ddcd7f4c112bef75f085661baf2d655728a25cb34b,inventoried; automated checks where applicable,No individual manual sign-off; see audit limitations.
Mobile/wbws_flutter_app/android/app/src/main/res/drawable-mdpi/android12splash.png,mobile-platform/assets,94490,,cccf1632b92f380db1db8548f255ae6de104b7c2653d1dc11795b850c2f36342,inventoried; automated checks where applicable,No individual manual sign-off; see audit limitations.
Mobile/wbws_flutter_app/android/app/src/main/res/drawable-mdpi/ic_launcher_foreground.png,mobile-platform/assets,18322,,5603c39aba7e309da8a671868e57eca524581befb0873c115e6e2102f6c58a37,inventoried; automated checks where applicable,No individual manual sign-off; see audit limitations.
Mobile/wbws_flutter_app/android/app/src/main/res/drawable-mdpi/splash.png,mobile-platform/assets,94490,,cccf1632b92f380db1db8548f255ae6de104b7c2653d1dc11795b850c2f36342,inventoried; automated checks where applicable,No individual manual sign-off; see audit limitations.
Mobile/wbws_flutter_app/android/app/src/main/res/drawable-night-hdpi/android12splash.png,mobile-platform/assets,193862,,d8f8fb9f4d918c903b5fe8ddcd7f4c112bef75f085661baf2d655728a25cb34b,inventoried; automated checks where applicable,No individual manual sign-off; see audit limitations.
Mobile/wbws_flutter_app/android/app/src/main/res/drawable-night-mdpi/android12splash.png,mobile-platform/assets,94490,,cccf1632b92f380db1db8548f255ae6de104b7c2653d1dc11795b850c2f36342,inventoried; automated checks where applicable,No individual manual sign-off; see audit limitations.
Mobile/wbws_flutter_app/android/app/src/main/res/drawable-night-xhdpi/android12splash.png,mobile-platform/assets,320753,,8897b8ae22ff4ad5565665eeed7b743efe496647e61f5ca4c43def50505671f9,inventoried; automated checks where applicable,No individual manual sign-off; see audit limitations.
Mobile/wbws_flutter_app/android/app/src/main/res/drawable-night-xxhdpi/android12splash.png,mobile-platform/assets,627843,,c35dfe99895c588e69118f3b25d2ab1c80f0cbce3500a3bc015dee58f6f17296,inventoried; automated checks where applicable,No individual manual sign-off; see audit limitations.
Mobile/wbws_flutter_app/android/app/src/main/res/drawable-night-xxxhdpi/android12splash.png,mobile-platform/assets,1000657,,426674e4e6a1ffc5562d6493e2871727a1f1096c81b3c71e4b117cdcf6a49d1f,inventoried; automated checks where applicable,No individual manual sign-off; see audit limitations.
Mobile/wbws_flutter_app/android/app/src/main/res/drawable-v21/background.png,mobile-platform/assets,69,,af4be5f33351cb871d3216cd43340cc3913fb8f4bd181853df1ff3cddc15bfb3,inventoried; automated checks where applicable,No individual manual sign-off; see audit limitations.
Mobile/wbws_flutter_app/android/app/src/main/res/drawable-v21/launch_background.xml,mobile-platform/assets,321,9,42b8d099f0a6d79e90a67949d7a655c09458c734aa1bd8c4d7c73a79b28397ea,inventoried; automated checks where applicable,No individual manual sign-off; see audit limitations.
Mobile/wbws_flutter_app/android/app/src/main/res/drawable-xhdpi/android12splash.png,mobile-platform/assets,320753,,8897b8ae22ff4ad5565665eeed7b743efe496647e61f5ca4c43def50505671f9,inventoried; automated checks where applicable,No individual manual sign-off; see audit limitations.
Mobile/wbws_flutter_app/android/app/src/main/res/drawable-xhdpi/ic_launcher_foreground.png,mobile-platform/assets,63339,,7c9d977d619a8522707dcee7050660a3b6d1dfb069301468598301ec8ab399d6,inventoried; automated checks where applicable,No individual manual sign-off; see audit limitations.
Mobile/wbws_flutter_app/android/app/src/main/res/drawable-xhdpi/splash.png,mobile-platform/assets,320753,,8897b8ae22ff4ad5565665eeed7b743efe496647e61f5ca4c43def50505671f9,inventoried; automated checks where applicable,No individual manual sign-off; see audit limitations.
Mobile/wbws_flutter_app/android/app/src/main/res/drawable-xxhdpi/android12splash.png,mobile-platform/assets,627843,,c35dfe99895c588e69118f3b25d2ab1c80f0cbce3500a3bc015dee58f6f17296,inventoried; automated checks where applicable,No individual manual sign-off; see audit limitations.
Mobile/wbws_flutter_app/android/app/src/main/res/drawable-xxhdpi/ic_launcher_foreground.png,mobile-platform/assets,130797,,1cbabcd19f8eb15f286443d6e945eb2da68697d6390bf83f8f5f28e27684e9e1,inventoried; automated checks where applicable,No individual manual sign-off; see audit limitations.
Mobile/wbws_flutter_app/android/app/src/main/res/drawable-xxhdpi/splash.png,mobile-platform/assets,627843,,c35dfe99895c588e69118f3b25d2ab1c80f0cbce3500a3bc015dee58f6f17296,inventoried; automated checks where applicable,No individual manual sign-off; see audit limitations.
Mobile/wbws_flutter_app/android/app/src/main/res/drawable-xxxhdpi/android12splash.png,mobile-platform/assets,1000657,,426674e4e6a1ffc5562d6493e2871727a1f1096c81b3c71e4b117cdcf6a49d1f,inventoried; automated checks where applicable,No individual manual sign-off; see audit limitations.
Mobile/wbws_flutter_app/android/app/src/main/res/drawable-xxxhdpi/ic_launcher_foreground.png,mobile-platform/assets,217458,,231977c0a60a2999c9e1e23f2eb3d59a8837cd795348eb6db59525406482a91a,inventoried; automated checks where applicable,No individual manual sign-off; see audit limitations.
Mobile/wbws_flutter_app/android/app/src/main/res/drawable-xxxhdpi/splash.png,mobile-platform/assets,1000657,,426674e4e6a1ffc5562d6493e2871727a1f1096c81b3c71e4b117cdcf6a49d1f,inventoried; automated checks where applicable,No individual manual sign-off; see audit limitations.
Mobile/wbws_flutter_app/android/app/src/main/res/drawable/background.png,mobile-platform/assets,69,,af4be5f33351cb871d3216cd43340cc3913fb8f4bd181853df1ff3cddc15bfb3,inventoried; automated checks where applicable,No individual manual sign-off; see audit limitations.
Mobile/wbws_flutter_app/android/app/src/main/res/drawable/launch_background.xml,mobile-platform/assets,321,9,42b8d099f0a6d79e90a67949d7a655c09458c734aa1bd8c4d7c73a79b28397ea,inventoried; automated checks where applicable,No individual manual sign-off; see audit limitations.
Mobile/wbws_flutter_app/android/app/src/main/res/mipmap-anydpi-v26/launcher_icon.xml,mobile-platform/assets,335,9,fe16ab84762f42e1166a008c9c77227fa3ba8399088bf9667e83d04bc4322af1,inventoried; automated checks where applicable,No individual manual sign-off; see audit limitations.
Mobile/wbws_flutter_app/android/app/src/main/res/mipmap-hdpi/ic_launcher.png,mobile-platform/assets,1375,,f2074c4bfb9396f05340b4046ac29955899685fa17149063d95caf96f852d2e5,inventoried; automated checks where applicable,No individual manual sign-off; see audit limitations.
Mobile/wbws_flutter_app/android/app/src/main/res/mipmap-hdpi/ic_launcher_foreground.png,mobile-platform/assets,4646,,f5df654bbe595dec9da834d4cc7e61c26bd426a58652b2087bdac8534b22731b,inventoried; automated checks where applicable,No individual manual sign-off; see audit limitations.
Mobile/wbws_flutter_app/android/app/src/main/res/mipmap-hdpi/ic_launcher_round.png,mobile-platform/assets,1375,,f2074c4bfb9396f05340b4046ac29955899685fa17149063d95caf96f852d2e5,inventoried; automated checks where applicable,No individual manual sign-off; see audit limitations.
Mobile/wbws_flutter_app/android/app/src/main/res/mipmap-hdpi/launcher_icon.png,mobile-platform/assets,8886,,a768049861c9e65a0df9924ef1281fbecee2acaee1f46fcc91901a9abe7c3a39,inventoried; automated checks where applicable,No individual manual sign-off; see audit limitations.
Mobile/wbws_flutter_app/android/app/src/main/res/mipmap-mdpi/ic_launcher.png,mobile-platform/assets,791,,02765c17f1ec628e40b052d5a2efc8d0018bed0f7b3b3b5aa1769de8496d44b4,inventoried; automated checks where applicable,No individual manual sign-off; see audit limitations.
Mobile/wbws_flutter_app/android/app/src/main/res/mipmap-mdpi/ic_launcher_foreground.png,mobile-platform/assets,2936,,d0b05a68e761e48ec523fccbe3476dbf17b5922c5ae258050f4a94e347f328c3,inventoried; automated checks where applicable,No individual manual sign-off; see audit limitations.
Mobile/wbws_flutter_app/android/app/src/main/res/mipmap-mdpi/ic_launcher_round.png,mobile-platform/assets,791,,02765c17f1ec628e40b052d5a2efc8d0018bed0f7b3b3b5aa1769de8496d44b4,inventoried; automated checks where applicable,No individual manual sign-off; see audit limitations.
Mobile/wbws_flutter_app/android/app/src/main/res/mipmap-mdpi/launcher_icon.png,mobile-platform/assets,4417,,de927a24be82025c50983c1a6adf5f2a96eed9f566fe0aec7ce3942c99493cb1,inventoried; automated checks where applicable,No individual manual sign-off; see audit limitations.
Mobile/wbws_flutter_app/android/app/src/main/res/mipmap-xhdpi/ic_launcher.png,mobile-platform/assets,1917,,783dc70fa723f1fee9f8e391f4e1f587ac3e5b6cff08964f1811883338f8599d,inventoried; automated checks where applicable,No individual manual sign-off; see audit limitations.
Mobile/wbws_flutter_app/android/app/src/main/res/mipmap-xhdpi/ic_launcher_foreground.png,mobile-platform/assets,6607,,4cc4ec091090660cb943acfbebd0cb4a0b99a328f1ab2329afaa3384e3f0d149,inventoried; automated checks where applicable,No individual manual sign-off; see audit limitations.
Mobile/wbws_flutter_app/android/app/src/main/res/mipmap-xhdpi/ic_launcher_round.png,mobile-platform/assets,1917,,783dc70fa723f1fee9f8e391f4e1f587ac3e5b6cff08964f1811883338f8599d,inventoried; automated checks where applicable,No individual manual sign-off; see audit limitations.
Mobile/wbws_flutter_app/android/app/src/main/res/mipmap-xhdpi/launcher_icon.png,mobile-platform/assets,14717,,62c629692e87870570dd198ac1931dbab529edfcfe52f02099535dd2a018d707,inventoried; automated checks where applicable,No individual manual sign-off; see audit limitations.
Mobile/wbws_flutter_app/android/app/src/main/res/mipmap-xxhdpi/ic_launcher.png,mobile-platform/assets,3155,,16540d97ad02d312b4f779295b98610a966a3fef38dc20128c1da554ff826af3,inventoried; automated checks where applicable,No individual manual sign-off; see audit limitations.
Mobile/wbws_flutter_app/android/app/src/main/res/mipmap-xxhdpi/ic_launcher_foreground.png,mobile-platform/assets,10236,,5f87d4a1cc8e6beaee445a4f1bc1d18a5450b444a38c7bacbc4b8e6822e33734,inventoried; automated checks where applicable,No individual manual sign-off; see audit limitations.
Mobile/wbws_flutter_app/android/app/src/main/res/mipmap-xxhdpi/ic_launcher_round.png,mobile-platform/assets,3155,,16540d97ad02d312b4f779295b98610a966a3fef38dc20128c1da554ff826af3,inventoried; automated checks where applicable,No individual manual sign-off; see audit limitations.
Mobile/wbws_flutter_app/android/app/src/main/res/mipmap-xxhdpi/launcher_icon.png,mobile-platform/assets,31810,,58fb59972a7d054aaba20b6bae9c57366af8f3e2763842142858f283d9bc6d2d,inventoried; automated checks where applicable,No individual manual sign-off; see audit limitations.
Mobile/wbws_flutter_app/android/app/src/main/res/mipmap-xxxhdpi/ic_launcher.png,mobile-platform/assets,4379,,dc388729a6b9633c43cd1d0cc3cca0378fae01ab4fc720e13687c0efb9bf68e5,inventoried; automated checks where applicable,No individual manual sign-off; see audit limitations.
Mobile/wbws_flutter_app/android/app/src/main/res/mipmap-xxxhdpi/ic_launcher_foreground.png,mobile-platform/assets,13885,,70cd0532cc42df41533e233f2c53d0f7e9a9f4bd3b7783cac06277594c0e84a2,inventoried; automated checks where applicable,No individual manual sign-off; see audit limitations.
Mobile/wbws_flutter_app/android/app/src/main/res/mipmap-xxxhdpi/ic_launcher_round.png,mobile-platform/assets,4379,,dc388729a6b9633c43cd1d0cc3cca0378fae01ab4fc720e13687c0efb9bf68e5,inventoried; automated checks where applicable,No individual manual sign-off; see audit limitations.
Mobile/wbws_flutter_app/android/app/src/main/res/mipmap-xxxhdpi/launcher_icon.png,mobile-platform/assets,51488,,54db06e694b42b17da54d77b62adc9d95b73589a2bee222d31c0d5687f678784,inventoried; automated checks where applicable,No individual manual sign-off; see audit limitations.
Mobile/wbws_flutter_app/android/app/src/main/res/values-night-v31/styles.xml,mobile-platform/assets,1224,21,c0d985e508940c308ff2182c24a13ffa2617759c592d5b65896f98d359471b95,inventoried; automated checks where applicable,No individual manual sign-off; see audit limitations.
Mobile/wbws_flutter_app/android/app/src/main/res/values-night/styles.xml,mobile-platform/assets,808,15,c2531ecf89eb8a1cce011d7d3118f6598c0364c5cfed61dd9f76fdd126ed2e9a,inventoried; automated checks where applicable,No individual manual sign-off; see audit limitations.
Mobile/wbws_flutter_app/android/app/src/main/res/values-v31/styles.xml,mobile-platform/assets,1225,21,8544da21d01e828e7b57f2912209d0055e8ae89f20feba205cc9e1525548c873,inventoried; automated checks where applicable,No individual manual sign-off; see audit limitations.
Mobile/wbws_flutter_app/android/app/src/main/res/values/colors.xml,mobile-platform/assets,163,5,353805a8ac141bbaff1db3603105145e2f271920d3e529279104643771fea43e,inventoried; automated checks where applicable,No individual manual sign-off; see audit limitations.
Mobile/wbws_flutter_app/android/app/src/main/res/values/styles.xml,mobile-platform/assets,808,15,c2531ecf89eb8a1cce011d7d3118f6598c0364c5cfed61dd9f76fdd126ed2e9a,inventoried; automated checks where applicable,No individual manual sign-off; see audit limitations.
Mobile/wbws_flutter_app/android/app/src/main/res/xml/file_paths.xml,mobile-platform/assets,106,4,4a6796b52cd910c17cf41344ac00e5f09880791be1f6f45a45d18f11ba80e198,inventoried; automated checks where applicable,No individual manual sign-off; see audit limitations.
Mobile/wbws_flutter_app/android/app/src/main/res/xml/network_security_config.xml,mobile-platform/assets,503,14,961cb2eb7c93cee753de10fb61a1676f6699d71b20452812f092eaa7cd32a0c2,inventoried; automated checks where applicable,No individual manual sign-off; see audit limitations.
Mobile/wbws_flutter_app/android/app/src/profile/AndroidManifest.xml,mobile-platform/assets,378,7,30b0832ed8b92dfbd6ae2abfa939ccf26333d37600056b1572bd4a397a18a74b,inventoried; automated checks where applicable,No individual manual sign-off; see audit limitations.
Mobile/wbws_flutter_app/android/build.gradle,mobile-platform/assets,457,20,bf45144da00347f2bce45e08b67be6c8f80cbe26b65ed8ab22a583af2c5ce1f3,inventoried; automated checks where applicable,No individual manual sign-off; see audit limitations.
Mobile/wbws_flutter_app/android/gradle.properties,mobile-platform/assets,378,7,6c5839c99a7fda2962b83ab7fa4cc09fd002e016e1187242c7fe68da0618504c,inventoried; automated checks where applicable,No individual manual sign-off; see audit limitations.
Mobile/wbws_flutter_app/android/gradle/wrapper/gradle-wrapper.properties,mobile-platform/assets,203,5,9920c662e8c6a5f0bc6ccd77618580e655f30a0cd5e062acd3a3183e54db34fc,inventoried; automated checks where applicable,No individual manual sign-off; see audit limitations.
Mobile/wbws_flutter_app/android/settings.gradle,mobile-platform/assets,937,28,9ad9d07d005a99343d1bc690d676cc8101f642a1b5e279cf065c0ff411fcab53,inventoried; automated checks where applicable,No individual manual sign-off; see audit limitations.
Mobile/wbws_flutter_app/assets/fonts/NotoSansEthiopic-Bold.ttf,mobile-platform/assets,366840,,b968f7d5c79d6caaff5e29031b1598555f4b154de7456dd51b7c866f90d37597,inventoried; automated checks where applicable,No individual manual sign-off; see audit limitations.
Mobile/wbws_flutter_app/assets/fonts/NotoSansEthiopic-Regular.ttf,mobile-platform/assets,366892,,321ff186e0f066a46257c3008e8a22070720350a9d17f8a32d0d3da53f52e7a2,inventoried; automated checks where applicable,No individual manual sign-off; see audit limitations.
Mobile/wbws_flutter_app/assets/logo_school.png,mobile-platform/assets,1017355,,b34bc65cf7056d0fe3ab0b08b3c712a84e97294efd4bc88d85c5a1f8241cf8a5,inventoried; automated checks where applicable,No individual manual sign-off; see audit limitations.
Mobile/wbws_flutter_app/assets/parchment_hymn_bg.jpg,mobile-platform/assets,549508,,1bb672add4fd0688683fe922e1975fcb7cf477808d4b06afd2af20545b431776,inventoried; automated checks where applicable,No individual manual sign-off; see audit limitations.
Mobile/wbws_flutter_app/devtools_options.yaml,mobile-platform/assets,203,4,487cd309b1bcf62b3c7e9eba2b86167083f37bb3631c18ab5364509c3d09a29b,inventoried; automated checks where applicable,No individual manual sign-off; see audit limitations.
Mobile/wbws_flutter_app/docs/RELEASE.md,documentation,7520,158,c9872c6305518fc59c0ed44e44d29a15b4e2201b48ff95b60ecd3ad8feb62bd6,inventoried; automated checks where applicable,No individual manual sign-off; see audit limitations.
Mobile/wbws_flutter_app/docs/audits/LOW_END_DEVICE_COMPATIBILITY_AUDIT.md,documentation,20206,360,c4f9d19d17e6161334ab396a3a7ae1415e9187091f8e7eec78d5b94da7df6da6,inventoried; automated checks where applicable,No individual manual sign-off; see audit limitations.
Mobile/wbws_flutter_app/docs/audits/MEZMUR_DEEP_AUDIT.md,documentation,14804,319,3e1470ee095c891b4194895438303ebb9fed9896692aeddd923d2b7e5bfd4442,inventoried; automated checks where applicable,No individual manual sign-off; see audit limitations.
Mobile/wbws_flutter_app/docs/audits/MEZMUR_LYRICS_SYNC_ANIMATION_STYLE_AUDIT.md,documentation,22501,382,2260040aaeb57ed88e0c8fa1b434a75d5f1531c24181039db987414a619009ad,inventoried; automated checks where applicable,No individual manual sign-off; see audit limitations.
Mobile/wbws_flutter_app/docs/mezmur_player/DUPLICATION_P35.md,documentation,5677,143,397f89b8f4c13d280547122ec08eb57a4d7bb75a37b73acda83f4b7ffafdb8e5,inventoried; automated checks where applicable,No individual manual sign-off; see audit limitations.
Mobile/wbws_flutter_app/docs/mezmur_player/LYRICS_SEARCH_P37.md,documentation,8585,206,678eb4e344e36299cdda37216564b57b7889f155109074b85baec14c2877fbb5,inventoried; automated checks where applicable,No individual manual sign-off; see audit limitations.
Mobile/wbws_flutter_app/docs/mezmur_player/MEZMUR_PLAYER_NAV_AND_BACKGROUND.md,documentation,20510,228,8f46cf1438cd08b616928072ea2a8bf209b57ad161702d93ebc8bbefe3d0f233,inventoried; automated checks where applicable,No individual manual sign-off; see audit limitations.
Mobile/wbws_flutter_app/docs/mezmur_player/OFFLINE_DOWNLOADS.md,documentation,7707,167,ab18f33bc2d66176f3873002a412cf464c714c45d5c431a875659e62a23fedc3,inventoried; automated checks where applicable,No individual manual sign-off; see audit limitations.
Mobile/wbws_flutter_app/docs/mezmur_player/PLAYER_AUDIT_P34.md,documentation,7614,181,1cfc36ebd271a016138c9d3c9272dee8311d81c1992f4708c225f70c19aad7c1,inventoried; automated checks where applicable,No individual manual sign-off; see audit limitations.
Mobile/wbws_flutter_app/docs/mezmur_player/QUEUE_WINDOW_P36.md,documentation,8086,182,16e4fe3ae7e92a325b6730897f2d0a530236d063ac657a0559a44dbb336d7f4b,inventoried; automated checks where applicable,No individual manual sign-off; see audit limitations.
Mobile/wbws_flutter_app/docs/mezmur_player/SEARCH_SELF_HEALING_P38.md,documentation,5922,143,b78216c65ce16aa18fdc48c00436e397bcdf60f23d764e28a860277f8edb147d,inventoried; automated checks where applicable,No individual manual sign-off; see audit limitations.
Mobile/wbws_flutter_app/docs/mezmur_player/TAXONOMY_SYNC.md,documentation,3040,75,1a1b50112c42edbcd1fa1db3b0b2675259c921307af10f031b757ba08b8418f9,inventoried; automated checks where applicable,No individual manual sign-off; see audit limitations.
Mobile/wbws_flutter_app/ios/.gitignore,mobile-platform/assets,569,34,37380775aeb2499662b7aca80f4ac4c95ae827c3ba2bfa179aa3e9af4812c623,inventoried; automated checks where applicable,No individual manual sign-off; see audit limitations.
Mobile/wbws_flutter_app/ios/Flutter/AppFrameworkInfo.plist,mobile-platform/assets,774,26,4844be22b72d16d6f6013ce5a2240728c730ef1fef9cf43a5c55198b18614802,inventoried; automated checks where applicable,No individual manual sign-off; see audit limitations.
Mobile/wbws_flutter_app/ios/Flutter/Debug.xcconfig,mobile-platform/assets,30,1,a82d7765b37116ee4821d2cd1d65942febf8032353757ffb0826eabde785b4a6,inventoried; automated checks where applicable,No individual manual sign-off; see audit limitations.
Mobile/wbws_flutter_app/ios/Flutter/Release.xcconfig,mobile-platform/assets,30,1,a82d7765b37116ee4821d2cd1d65942febf8032353757ffb0826eabde785b4a6,inventoried; automated checks where applicable,No individual manual sign-off; see audit limitations.
Mobile/wbws_flutter_app/ios/Runner.xcodeproj/project.pbxproj,mobile-platform/assets,23698,616,a279a646d44089d020793d96e9dc81af78d1a8eb032e1fc89ccf1f83b3919ca7,inventoried; automated checks where applicable,No individual manual sign-off; see audit limitations.
Mobile/wbws_flutter_app/ios/Runner.xcodeproj/project.xcworkspace/contents.xcworkspacedata,mobile-platform/assets,135,7,7f3b00b5c3fdb45242d7b87e1e5c4e25d1fa8129a16c94295ecc4e8ea2235c5f,inventoried; automated checks where applicable,No individual manual sign-off; see audit limitations.
Mobile/wbws_flutter_app/ios/Runner.xcodeproj/project.xcworkspace/xcshareddata/IDEWorkspaceChecks.plist,mobile-platform/assets,238,8,dfa0f9bb85b95ccba9c6811adadf8cb407fb5d52088e89db83ebc308ec448542,inventoried; automated checks where applicable,No individual manual sign-off; see audit limitations.
Mobile/wbws_flutter_app/ios/Runner.xcodeproj/project.xcworkspace/xcshareddata/WorkspaceSettings.xcsettings,mobile-platform/assets,226,8,11b247bc6796892d67c9a821d18604db4dd6a880981b34f38460b9866e6b247f,inventoried; automated checks where applicable,No individual manual sign-off; see audit limitations.
Mobile/wbws_flutter_app/ios/Runner.xcodeproj/xcshareddata/xcschemes/Runner.xcscheme,mobile-platform/assets,3647,98,12477af7dbb2b8e35229e0ee4639839d94438cbf5f5a1ed2483e6de29e333a55,inventoried; automated checks where applicable,No individual manual sign-off; see audit limitations.
Mobile/wbws_flutter_app/ios/Runner.xcworkspace/contents.xcworkspacedata,mobile-platform/assets,152,7,46c3c9702ff7c5584e11c954d943cfb6e07fb26e3fbd072ddbc0f388aa352de1,inventoried; automated checks where applicable,No individual manual sign-off; see audit limitations.
Mobile/wbws_flutter_app/ios/Runner.xcworkspace/xcshareddata/IDEWorkspaceChecks.plist,mobile-platform/assets,238,8,dfa0f9bb85b95ccba9c6811adadf8cb407fb5d52088e89db83ebc308ec448542,inventoried; automated checks where applicable,No individual manual sign-off; see audit limitations.
Mobile/wbws_flutter_app/ios/Runner.xcworkspace/xcshareddata/WorkspaceSettings.xcsettings,mobile-platform/assets,226,8,11b247bc6796892d67c9a821d18604db4dd6a880981b34f38460b9866e6b247f,inventoried; automated checks where applicable,No individual manual sign-off; see audit limitations.
Mobile/wbws_flutter_app/ios/Runner/AppDelegate.swift,mobile-platform/assets,391,13,9418c676adebac7e3f04daa80a7db62066e77f9766c804fd3e5e264124a31f80,inventoried; automated checks where applicable,No individual manual sign-off; see audit limitations.
Mobile/wbws_flutter_app/ios/Runner/Assets.xcassets/AppIcon.appiconset/Contents.json,mobile-platform/assets,2097,1,59aee64f32dab46ad775da6ea2f3fc4efe6e8a78289a9185cd0d2d7e055845dd,inventoried; automated checks where applicable,No individual manual sign-off; see audit limitations.
Mobile/wbws_flutter_app/ios/Runner/Assets.xcassets/AppIcon.appiconset/Icon-App-1024x1024@1x.png,mobile-platform/assets,916928,,77f1e00821d2b2a5ec0a68db155f6a27d6926d98ba56d683d2a524617ff70375,inventoried; automated checks where applicable,No individual manual sign-off; see audit limitations.
Mobile/wbws_flutter_app/ios/Runner/Assets.xcassets/AppIcon.appiconset/Icon-App-20x20@1x.png,mobile-platform/assets,1054,,553bfdc8e748def631e44a2ba7c421215107a6d2fed8ef6971ad39ecc2d41a6d,inventoried; automated checks where applicable,No individual manual sign-off; see audit limitations.
Mobile/wbws_flutter_app/ios/Runner/Assets.xcassets/AppIcon.appiconset/Icon-App-20x20@2x.png,mobile-platform/assets,3152,,9ad1595def22fd19a71e7b42857598aef6e0d70d860f7fcd30a5a7ec53ef9b5a,inventoried; automated checks where applicable,No individual manual sign-off; see audit limitations.
Mobile/wbws_flutter_app/ios/Runner/Assets.xcassets/AppIcon.appiconset/Icon-App-20x20@3x.png,mobile-platform/assets,6342,,4b84274ded52eacf0c0928ed37f9087ed31d81184bdb6b526402674e271ca49b,inventoried; automated checks where applicable,No individual manual sign-off; see audit limitations.
Mobile/wbws_flutter_app/ios/Runner/Assets.xcassets/AppIcon.appiconset/Icon-App-29x29@1x.png,mobile-platform/assets,1861,,23f3d062515564af3fc139c340709f86006fade4cfe0bad0cf53bff8678fdf54,inventoried; automated checks where applicable,No individual manual sign-off; see audit limitations.
Mobile/wbws_flutter_app/ios/Runner/Assets.xcassets/AppIcon.appiconset/Icon-App-29x29@2x.png,mobile-platform/assets,5997,,c506f956ab9b347f899c6066ee3683f083091cc3a774afe88a6a1ae29ec04f08,inventoried; automated checks where applicable,No individual manual sign-off; see audit limitations.
Mobile/wbws_flutter_app/ios/Runner/Assets.xcassets/AppIcon.appiconset/Icon-App-29x29@3x.png,mobile-platform/assets,12362,,1d8bcf9a0e0913f45e800fc8bc0489170c72fa991454270dd1d29cb590e6cbec,inventoried; automated checks where applicable,No individual manual sign-off; see audit limitations.
Mobile/wbws_flutter_app/ios/Runner/Assets.xcassets/AppIcon.appiconset/Icon-App-40x40@1x.png,mobile-platform/assets,3152,,9ad1595def22fd19a71e7b42857598aef6e0d70d860f7fcd30a5a7ec53ef9b5a,inventoried; automated checks where applicable,No individual manual sign-off; see audit limitations.
Mobile/wbws_flutter_app/ios/Runner/Assets.xcassets/AppIcon.appiconset/Icon-App-40x40@2x.png,mobile-platform/assets,10953,,4f5bae5af5502ffa1bb7f82d48783311e18515002d87aea28a5c2a0dcef21da3,inventoried; automated checks where applicable,No individual manual sign-off; see audit limitations.
Mobile/wbws_flutter_app/ios/Runner/Assets.xcassets/AppIcon.appiconset/Icon-App-40x40@3x.png,mobile-platform/assets,22036,,eab060df0dfdfc837b5b66afc6bace2d9465b98a02d4592c4b463dd0d8e746ee,inventoried; automated checks where applicable,No individual manual sign-off; see audit limitations.
Mobile/wbws_flutter_app/ios/Runner/Assets.xcassets/AppIcon.appiconset/Icon-App-50x50@1x.png,mobile-platform/assets,4623,,ce82b1301db446671449307ab3a6f64a883f4cf9e5f19a5c8f5fe07293cd13c1,inventoried; automated checks where applicable,No individual manual sign-off; see audit limitations.
Mobile/wbws_flutter_app/ios/Runner/Assets.xcassets/AppIcon.appiconset/Icon-App-50x50@2x.png,mobile-platform/assets,15864,,8df660eca136bcee319297e84ec815498fa8b5d4a9ad4a61c8a3c6126e05e8f5,inventoried; automated checks where applicable,No individual manual sign-off; see audit limitations.
Mobile/wbws_flutter_app/ios/Runner/Assets.xcassets/AppIcon.appiconset/Icon-App-57x57@1x.png,mobile-platform/assets,5877,,21c292b0a866922ee0ad3139fff3b0f046bb9b2ee460fa7d18c5942a5a0cc67b,inventoried; automated checks where applicable,No individual manual sign-off; see audit limitations.
Mobile/wbws_flutter_app/ios/Runner/Assets.xcassets/AppIcon.appiconset/Icon-App-57x57@2x.png,mobile-platform/assets,20171,,523a7379e85d1382978e5eb73abfd4e71c0d8806823253082d5e3e17448daa27,inventoried; automated checks where applicable,No individual manual sign-off; see audit limitations.
Mobile/wbws_flutter_app/ios/Runner/Assets.xcassets/AppIcon.appiconset/Icon-App-60x60@2x.png,mobile-platform/assets,22036,,eab060df0dfdfc837b5b66afc6bace2d9465b98a02d4592c4b463dd0d8e746ee,inventoried; automated checks where applicable,No individual manual sign-off; see audit limitations.
Mobile/wbws_flutter_app/ios/Runner/Assets.xcassets/AppIcon.appiconset/Icon-App-60x60@3x.png,mobile-platform/assets,45788,,620efb0f87938f0a3f47ec62045921a504e6d7324a1f75ca373e36885e92d059,inventoried; automated checks where applicable,No individual manual sign-off; see audit limitations.
Mobile/wbws_flutter_app/ios/Runner/Assets.xcassets/AppIcon.appiconset/Icon-App-72x72@1x.png,mobile-platform/assets,8886,,a768049861c9e65a0df9924ef1281fbecee2acaee1f46fcc91901a9abe7c3a39,inventoried; automated checks where applicable,No individual manual sign-off; see audit limitations.
Mobile/wbws_flutter_app/ios/Runner/Assets.xcassets/AppIcon.appiconset/Icon-App-72x72@2x.png,mobile-platform/assets,31810,,58fb59972a7d054aaba20b6bae9c57366af8f3e2763842142858f283d9bc6d2d,inventoried; automated checks where applicable,No individual manual sign-off; see audit limitations.
Mobile/wbws_flutter_app/ios/Runner/Assets.xcassets/AppIcon.appiconset/Icon-App-76x76@1x.png,mobile-platform/assets,9754,,5ed253082a9ad768eed1fcf4e20d1600ec8b877dc9abdf5efff23ffb701ee752,inventoried; automated checks where applicable,No individual manual sign-off; see audit limitations.
Mobile/wbws_flutter_app/ios/Runner/Assets.xcassets/AppIcon.appiconset/Icon-App-76x76@2x.png,mobile-platform/assets,33942,,7cb84c48f6c9427548f21a3a6c351a74ab18e012b8ceeb2dabd4d84bf06450e6,inventoried; automated checks where applicable,No individual manual sign-off; see audit limitations.
Mobile/wbws_flutter_app/ios/Runner/Assets.xcassets/AppIcon.appiconset/Icon-App-83.5x83.5@2x.png,mobile-platform/assets,41746,,d96d879df119a1a3c53f95f45847c268f2e22f108ee9e7aab2b92b079fcb0b79,inventoried; automated checks where applicable,No individual manual sign-off; see audit limitations.
Mobile/wbws_flutter_app/ios/Runner/Assets.xcassets/LaunchBackground.imageset/Contents.json,mobile-platform/assets,308,21,8acdea4656c6df21249f0a3532e3f2a4de6ad3686caa0a1861c87b0727a09593,inventoried; automated checks where applicable,No individual manual sign-off; see audit limitations.
Mobile/wbws_flutter_app/ios/Runner/Assets.xcassets/LaunchBackground.imageset/background.png,mobile-platform/assets,69,,af4be5f33351cb871d3216cd43340cc3913fb8f4bd181853df1ff3cddc15bfb3,inventoried; automated checks where applicable,No individual manual sign-off; see audit limitations.
Mobile/wbws_flutter_app/ios/Runner/Assets.xcassets/LaunchImage.imageset/Contents.json,mobile-platform/assets,391,23,0305caab0a081d319e4f70c23635d7e56189d42bcc05180d3212aa1e9ad29664,inventoried; automated checks where applicable,No individual manual sign-off; see audit limitations.
Mobile/wbws_flutter_app/ios/Runner/Assets.xcassets/LaunchImage.imageset/LaunchImage.png,mobile-platform/assets,94490,,cccf1632b92f380db1db8548f255ae6de104b7c2653d1dc11795b850c2f36342,inventoried; automated checks where applicable,No individual manual sign-off; see audit limitations.
Mobile/wbws_flutter_app/ios/Runner/Assets.xcassets/LaunchImage.imageset/LaunchImage@2x.png,mobile-platform/assets,320753,,8897b8ae22ff4ad5565665eeed7b743efe496647e61f5ca4c43def50505671f9,inventoried; automated checks where applicable,No individual manual sign-off; see audit limitations.
Mobile/wbws_flutter_app/ios/Runner/Assets.xcassets/LaunchImage.imageset/LaunchImage@3x.png,mobile-platform/assets,627843,,c35dfe99895c588e69118f3b25d2ab1c80f0cbce3500a3bc015dee58f6f17296,inventoried; automated checks where applicable,No individual manual sign-off; see audit limitations.
Mobile/wbws_flutter_app/ios/Runner/Assets.xcassets/LaunchImage.imageset/README.md,documentation,336,5,a985b626c4f7546a8ba392d135e9226c3547c8e2b46895f5f2bdf40d7b14ef9f,inventoried; automated checks where applicable,No individual manual sign-off; see audit limitations.
Mobile/wbws_flutter_app/ios/Runner/Base.lproj/LaunchScreen.storyboard,mobile-platform/assets,3489,44,1a2708576c3185aed1479a9371374ea6c865820f7788f369bb188a9cb7fba304,inventoried; automated checks where applicable,No individual manual sign-off; see audit limitations.
Mobile/wbws_flutter_app/ios/Runner/Base.lproj/Main.storyboard,mobile-platform/assets,1605,26,fd367b6c43006d61b730f674970dd48b9f662c8f2264e52ffc1558102a2c9f2d,inventoried; automated checks where applicable,No individual manual sign-off; see audit limitations.
Mobile/wbws_flutter_app/ios/Runner/Info.plist,mobile-platform/assets,2281,62,25507b9b91d71884accb418be1cb05f3a2a9f720954b355ba02f9332b255997f,inventoried; automated checks where applicable,No individual manual sign-off; see audit limitations.
Mobile/wbws_flutter_app/ios/Runner/Runner-Bridging-Header.h,mobile-platform/assets,38,1,1a8d11d01d1cc92c650c9c9ed35299240052d4683a15a719a2315ef44185e074,inventoried; automated checks where applicable,No individual manual sign-off; see audit limitations.
Mobile/wbws_flutter_app/ios/RunnerTests/RunnerTests.swift,mobile-platform/assets,285,12,5e8f4908dacea6f29b2a790e4d38bf5fded69096063f9a27a2f21584d62b30c0,inventoried; automated checks where applicable,No individual manual sign-off; see audit limitations.
Mobile/wbws_flutter_app/lib/main.dart,application-source,9192,263,ccc7167a643c53b38c479514c1db1c46d18e5c8cea463a50f752f78623456c20,inventoried; automated checks where applicable,No individual manual sign-off; see audit limitations.
Mobile/wbws_flutter_app/lib/screens/admin/admin_home.dart,application-source,7692,185,46deb15f12d3199635405196a250e5a49b6b5379d33a4384c750f6440741aaf2,inventoried; automated checks where applicable,No individual manual sign-off; see audit limitations.
Mobile/wbws_flutter_app/lib/screens/att_taker/att_taker_home.dart,application-source,9569,203,ddf59a6e047872e732e2d00a2e902009881b8c67ceeb1d8a9f65e612edf08d4d,inventoried; automated checks where applicable,No individual manual sign-off; see audit limitations.
Mobile/wbws_flutter_app/lib/screens/attendance/attendance_screen.dart,application-source,38132,1037,30f09faf661e983325bcd57aa09d11c1f7ed25bee217c847418009de23ab958c,inventoried; automated checks where applicable,No individual manual sign-off; see audit limitations.
Mobile/wbws_flutter_app/lib/screens/auth/login_screen.dart,application-source,7628,230,69f1e12179d31547482d9c7c41c188e3a094199f1f4eda3a87330c7e9c29a47e,inventoried; automated checks where applicable,No individual manual sign-off; see audit limitations.
Mobile/wbws_flutter_app/lib/screens/edu_dept/edu_classes_screen.dart,application-source,7685,180,ed25f227bc0551a05ed478fded5122120463ee18c59548689bed88f3771a28e6,inventoried; automated checks where applicable,No individual manual sign-off; see audit limitations.
Mobile/wbws_flutter_app/lib/screens/edu_dept/edu_enrollment_screen.dart,application-source,6350,172,8afbed83237dcc5b10b467d4f64b9d0e91c3e24f52dccf6ba7391a70806b8d20,inventoried; automated checks where applicable,No individual manual sign-off; see audit limitations.
Mobile/wbws_flutter_app/lib/screens/edu_dept/edu_home.dart,application-source,7780,165,27fe55ffe57a7ca277e12d28a4ebe0d9de76610f6c03861368d8f9f06bfcb536,inventoried; automated checks where applicable,No individual manual sign-off; see audit limitations.
Mobile/wbws_flutter_app/lib/screens/edu_dept/edu_subjects_screen.dart,application-source,2848,79,9f97b15a4cde8115c138aa60838bfda4bcab0b02291bbfa0754feb24694d034d,inventoried; automated checks where applicable,No individual manual sign-off; see audit limitations.
Mobile/wbws_flutter_app/lib/screens/edu_dept/edu_teachers_screen.dart,application-source,5680,149,a737e52836564113d0c0e8b45944a134bdd45fe0a80c96f74fc83892ad3a75ba,inventoried; automated checks where applicable,No individual manual sign-off; see audit limitations.
Mobile/wbws_flutter_app/lib/screens/finance/finance_home.dart,application-source,1282,37,3c523a754a164250643537d7a1ad4eae6bf4cc9bd6e21262865444dc6ffc36d0,inventoried; automated checks where applicable,No individual manual sign-off; see audit limitations.
Mobile/wbws_flutter_app/lib/screens/hr/hr_attendance.dart,application-source,36878,1021,ea454e6dac2704903687d4424bc7b770158e412a5c5ba3f25c6d632ccc82f90d,inventoried; automated checks where applicable,No individual manual sign-off; see audit limitations.
Mobile/wbws_flutter_app/lib/screens/hr/hr_home.dart,application-source,3100,83,5954b1400767aa383c7f5fe46f8f1874be54d01238247e4070d8fe5188c6fbe5,inventoried; automated checks where applicable,No individual manual sign-off; see audit limitations.
Mobile/wbws_flutter_app/lib/screens/hr/hr_taker_home.dart,application-source,4280,109,8ce67bf30f0acc4242aea4c1bf7aa905fa507f881b07bf70778fc7423f4b6806,inventoried; automated checks where applicable,No individual manual sign-off; see audit limitations.
Mobile/wbws_flutter_app/lib/screens/info_dept/info_home.dart,application-source,7208,161,1c970bf941250348b4249fc07f75d002703d356c54d748ece6a8c00c819752fd,inventoried; automated checks where applicable,No individual manual sign-off; see audit limitations.
Mobile/wbws_flutter_app/lib/screens/lock/lock_screen.dart,application-source,8585,270,364c1676a218e19ace788e250bed4c216d0d5b878334904d8d93b0f87adb31c6,inventoried; automated checks where applicable,No individual manual sign-off; see audit limitations.
Mobile/wbws_flutter_app/lib/screens/material/material_home.dart,application-source,1281,37,4063268ed1c01229869fe88333532cad7da5d7bc5fe4f0ed75526e119ea55cc2,inventoried; automated checks where applicable,No individual manual sign-off; see audit limitations.
Mobile/wbws_flutter_app/lib/screens/members/member_detail_screen.dart,application-source,9794,239,1722a212a7efb4ad0574cf9ccf75a5ad14a1022cda3d11740c4aac87a9d95aa8,inventoried; automated checks where applicable,No individual manual sign-off; see audit limitations.
Mobile/wbws_flutter_app/lib/screens/members/member_list_screen.dart,application-source,16949,468,0e2f7b8825a419d8c119ed140623e072447fa7335d280b7350bfa8b9945bc6ec,inventoried; automated checks where applicable,No individual manual sign-off; see audit limitations.
Mobile/wbws_flutter_app/lib/screens/mezmur/mezmur_analytics.dart,application-source,11236,343,751f4c40f783cfa841747026d1994f4d185fab9bf775f3e2180682684bd992df,inventoried; automated checks where applicable,No individual manual sign-off; see audit limitations.
Mobile/wbws_flutter_app/lib/screens/mezmur/mezmur_attendance.dart,application-source,36763,1020,24d94971ea03c8fd81d97ff5e32b308071adf31921da7d98946faf5ac3e9124f,inventoried; automated checks where applicable,No individual manual sign-off; see audit limitations.
Mobile/wbws_flutter_app/lib/screens/mezmur/mezmur_categories.dart,application-source,34235,906,3533f4b0823908af4c6f0e72d1aad8adaf2fe99288c13b0804cfb76d8aea3a8e,inventoried; automated checks where applicable,No individual manual sign-off; see audit limitations.
Mobile/wbws_flutter_app/lib/screens/mezmur/mezmur_category_screen.dart,application-source,19338,538,19b42cb6e9041009961a8e2f819f29c62e9ae2fc3ad08163e181b7a647380afd,inventoried; automated checks where applicable,No individual manual sign-off; see audit limitations.
Mobile/wbws_flutter_app/lib/screens/mezmur/mezmur_download_settings.dart,application-source,11415,309,c55a21cfc39f6a8fdfd291c4a294df26a2aeabcf5d2ca62419b9d2c340c50c5b,inventoried; automated checks where applicable,No individual manual sign-off; see audit limitations.
Mobile/wbws_flutter_app/lib/screens/mezmur/mezmur_downloads.dart,application-source,14919,424,898f63fe22937b4e6d4903a43ab9ac8e0e79444010e5d0cf7647619564792691,inventoried; automated checks where applicable,No individual manual sign-off; see audit limitations.
Mobile/wbws_flutter_app/lib/screens/mezmur/mezmur_home.dart,application-source,7319,212,e0a7db73bbe8b10d6df1bf48cca823a5dd36a37f07a1e3ff1a2a8c9a494fca11,inventoried; automated checks where applicable,No individual manual sign-off; see audit limitations.
Mobile/wbws_flutter_app/lib/screens/mezmur/mezmur_hymn_detail.dart,application-source,14285,403,78d514669e989aa6ec67788490d0c74d99f56cb651ed18688cd1bc9a92fc0eed,inventoried; automated checks where applicable,No individual manual sign-off; see audit limitations.
Mobile/wbws_flutter_app/lib/screens/mezmur/mezmur_hymn_editor.dart,application-source,20211,574,12a5ef1a5d18e81e350afaae3a916241bc3055324a4bf8a554c9884ae3066bbf,inventoried; automated checks where applicable,No individual manual sign-off; see audit limitations.
Mobile/wbws_flutter_app/lib/screens/mezmur/mezmur_hymns.dart,application-source,53010,1313,a996a73d4b14b03a310d8277338d59143d964a82c9c52b5a6eed7ba8e5b9a3ad,inventoried; automated checks where applicable,No individual manual sign-off; see audit limitations.
Mobile/wbws_flutter_app/lib/screens/mezmur/mezmur_lyrics_screen.dart,application-source,32670,728,2dda89bf84bccdc690f0d985422e68b2bed57bd110fa079ce548b0b1a1b6febe,inventoried; automated checks where applicable,No individual manual sign-off; see audit limitations.
Mobile/wbws_flutter_app/lib/screens/mezmur/mezmur_lyrics_sync_screen.dart,application-source,26262,775,c752ef9327e913d2aeecbda66306018312742145feeccdee06795dead578d8fd,inventoried; automated checks where applicable,No individual manual sign-off; see audit limitations.
Mobile/wbws_flutter_app/lib/screens/mezmur/mezmur_mini_player.dart,application-source,4130,97,10e01fef6ea49037990fc6e952139b73c12ef44a4a972f81d2a16eca654a2ae4,inventoried; automated checks where applicable,No individual manual sign-off; see audit limitations.
Mobile/wbws_flutter_app/lib/screens/mezmur/mezmur_mini_player_host.dart,application-source,2716,72,949c3d634d5d2ae3fb12877a8c1c3eae67b304160036d14efd934dc009b94bd1,inventoried; automated checks where applicable,No individual manual sign-off; see audit limitations.
Mobile/wbws_flutter_app/lib/screens/mezmur/mezmur_player_screen.dart,application-source,35710,1025,d3df93336cc24b30289b5d478297562b189acb117d40c40dec9bea3b32ef3056,inventoried; automated checks where applicable,No individual manual sign-off; see audit limitations.
Mobile/wbws_flutter_app/lib/screens/mezmur/mezmur_zemarians.dart,application-source,13901,361,9036cb3bed3a903a22bbcea492bb739778cc58d774496acedc9fcecbd96ca64e,inventoried; automated checks where applicable,No individual manual sign-off; see audit limitations.
Mobile/wbws_flutter_app/lib/screens/mezmur/parchment_style.dart,application-source,9255,236,b4da1f90518a59bd3da768b2189be9cd565b9b0d09bb5f97f285a2961d9cf2b5,inventoried; automated checks where applicable,No individual manual sign-off; see audit limitations.
Mobile/wbws_flutter_app/lib/screens/profile/profile_screen.dart,application-source,28795,815,c31f15209d8640d91f4d821df7c03bee71357ba78e2079333f7bd4e86eb130e1,inventoried; automated checks where applicable,No individual manual sign-off; see audit limitations.
Mobile/wbws_flutter_app/lib/screens/reviews/review_inbox_screen.dart,application-source,28129,697,8e38e30f78ca608d42faed28df966bdbb8b03d3f493546d38ee798e18675a8c2,inventoried; automated checks where applicable,No individual manual sign-off; see audit limitations.
Mobile/wbws_flutter_app/lib/screens/shell/app_shell.dart,application-source,17397,487,90f1629df65703d47995adfd067b0cf7ca8d2cf6396be5243bb1977d1ae11344,inventoried; automated checks where applicable,No individual manual sign-off; see audit limitations.
Mobile/wbws_flutter_app/lib/screens/teacher/teacher_grades.dart,application-source,44368,1081,323d56e7315ab670a3f07eed4ddff741f6677d72492dce7a3c3f825d2173e3ab,inventoried; automated checks where applicable,No individual manual sign-off; see audit limitations.
Mobile/wbws_flutter_app/lib/screens/teacher/teacher_home.dart,application-source,22814,696,c54c017d0253fd5a9eaa85150aeaf6d9158a96717dd6ce031de09c4d54dfcff3,inventoried; automated checks where applicable,No individual manual sign-off; see audit limitations.
Mobile/wbws_flutter_app/lib/screens/update/update_banner.dart,application-source,4019,105,64e689414c15b7d90053e1aac538979a19fa8010ab26b686c3ec2599ad0d34ff,inventoried; automated checks where applicable,No individual manual sign-off; see audit limitations.
Mobile/wbws_flutter_app/lib/screens/update/update_screen.dart,application-source,3800,111,aebfb3e86e5c600d62522a3f3b7beb734a3a6b457fbb0bd471ee47a8bb935222,inventoried; automated checks where applicable,No individual manual sign-off; see audit limitations.
Mobile/wbws_flutter_app/lib/services/amharic_text.dart,application-source,7513,196,9c06d695a74d9391b329290a20565ac9b44919393a2aec9bbc6694eb09ec88ca,inventoried; automated checks where applicable,No individual manual sign-off; see audit limitations.
Mobile/wbws_flutter_app/lib/services/api_service.dart,application-source,34002,937,32b1eed36a58318ed2f1b7574db467cc4e441491d4bad4d836ddb8b61762c823,inventoried; automated checks where applicable,No individual manual sign-off; see audit limitations.
Mobile/wbws_flutter_app/lib/services/app_lock_service.dart,application-source,8477,245,720a7f9a19c6bf4645556df509156b085155890cb282c2c64888b8d9808f933e,inventoried; automated checks where applicable,No individual manual sign-off; see audit limitations.
Mobile/wbws_flutter_app/lib/services/app_nav.dart,application-source,1075,33,d7a28b7cea4c67783b059ae64cb1b7c7f9781762c12c0e5b61672ed335dbe175,inventoried; automated checks where applicable,No individual manual sign-off; see audit limitations.
Mobile/wbws_flutter_app/lib/services/app_navigator.dart,application-source,1016,28,0904513b05a8d72ef0dfd7dcf28be53851b22cb2255e9ff7592b19d12c4d179c,inventoried; automated checks where applicable,No individual manual sign-off; see audit limitations.
Mobile/wbws_flutter_app/lib/services/app_update_service.dart,application-source,11484,328,19ce859c0b01ba5b1d6f5a4a5649d813e2ee5029dfd6723134bd7dde5bccc566,inventoried; automated checks where applicable,No individual manual sign-off; see audit limitations.
Mobile/wbws_flutter_app/lib/services/catalog_service.dart,application-source,2204,80,17fc33f354b2cecb1bf5952ac7bc76aa722d045843df4bb16a037748fe86a881,inventoried; automated checks where applicable,No individual manual sign-off; see audit limitations.
Mobile/wbws_flutter_app/lib/services/connectivity_service.dart,application-source,3215,95,7fdbb438fffb32e1ca9a1ae9a43891e055718032c1684552dde11c5dab7e5f39,inventoried; automated checks where applicable,No individual manual sign-off; see audit limitations.
Mobile/wbws_flutter_app/lib/services/crash_log_service.dart,application-source,5619,191,8ed6d47d2b176ce0cf82a65520b730155ee3ac20f4b5598d477bfa2036bcbb53,inventoried; automated checks where applicable,No individual manual sign-off; see audit limitations.
Mobile/wbws_flutter_app/lib/services/device_tier_service.dart,application-source,4720,133,71a399d7534c55efddfdaff0338b34bb6269722e1b704477083e2c88b32acd5c,inventoried; automated checks where applicable,No individual manual sign-off; see audit limitations.
Mobile/wbws_flutter_app/lib/services/hymn_store.dart,application-source,54847,1348,5479f5cd41013b8191bed4a04650eb1f261d23cc9ac09e72a661c09d61ed0898,inventoried; automated checks where applicable,No individual manual sign-off; see audit limitations.
Mobile/wbws_flutter_app/lib/services/local_db.dart,application-source,114109,3060,64fe422bf99c50869e895b7a22cb0fba1e8c0e660c24e781c85afea2ad37bb2a,inventoried; automated checks where applicable,No individual manual sign-off; see audit limitations.
Mobile/wbws_flutter_app/lib/services/lrc_builder.dart,application-source,9200,232,b7295e171a6adaa374cb6492258c19d1153a930170ab72fbaf1e23e150cc5a94,inventoried; automated checks where applicable,No individual manual sign-off; see audit limitations.
Mobile/wbws_flutter_app/lib/services/lyrics_emphasis.dart,application-source,5601,128,23167c43ec3581d75b1050bd161caaad69b33482f9019a51391ef5d5acb0c236,inventoried; automated checks where applicable,No individual manual sign-off; see audit limitations.
Mobile/wbws_flutter_app/lib/services/lyrics_reader_settings.dart,application-source,3728,97,ed6419f725b3673f243dfb6330932bba02e1ee2afd979afc1a078efb33b50e92,inventoried; automated checks where applicable,No individual manual sign-off; see audit limitations.
Mobile/wbws_flutter_app/lib/services/lyrics_search.dart,application-source,18809,550,a5cda41a827b058b85b924eaba25db83ae07875fe3b79164f2a9024d68e77f44,inventoried; automated checks where applicable,No individual manual sign-off; see audit limitations.
Mobile/wbws_flutter_app/lib/services/mezmur_audio_player.dart,application-source,32819,894,24feec9e0fb66534ed144f39f1d72946c46bf183eb51966a090e5f93b90dd855,inventoried; automated checks where applicable,No individual manual sign-off; see audit limitations.
Mobile/wbws_flutter_app/lib/services/mezmur_download_manager.dart,application-source,22089,590,bd4049464adbc3bc6ad859220c7888cfd36c105b7a5487d928bf7d2de9b5d918,inventoried; automated checks where applicable,No individual manual sign-off; see audit limitations.
Mobile/wbws_flutter_app/lib/services/mezmur_download_policy.dart,application-source,4651,123,0c0b9c438bbd56d6a721e11a1123042adaddf795ca5ea7cb6f897f05cb447a7b,inventoried; automated checks where applicable,No individual manual sign-off; see audit limitations.
Mobile/wbws_flutter_app/lib/services/mezmur_playback_policy.dart,application-source,9909,232,8eb3fc2b26fec3f819db15c8d2e06b558e501ee46fbdccd422557ed5731eec96,inventoried; automated checks where applicable,No individual manual sign-off; see audit limitations.
Mobile/wbws_flutter_app/lib/services/mezmur_queue_window.dart,application-source,4610,125,a3cdb9a9af0481fb5edb44f08f699f2d72bd0b2c6920b1b8efae4a920daf492c,inventoried; automated checks where applicable,No individual manual sign-off; see audit limitations.
Mobile/wbws_flutter_app/lib/services/mezmur_synced_lyrics.dart,application-source,10773,267,ae5a5135f06b0d8f102f042496ccd78774c80af534c15098b3379ff292f65610,inventoried; automated checks where applicable,No individual manual sign-off; see audit limitations.
Mobile/wbws_flutter_app/lib/services/mezmur_transport_gate.dart,application-source,2441,60,21735570bb23485ef2da844d8821722aff300f8101e5a2abd649d229a43d1948,inventoried; automated checks where applicable,No individual manual sign-off; see audit limitations.
Mobile/wbws_flutter_app/lib/services/qr_attendance.dart,application-source,4728,122,2108bc4ccec8ea0cc06393c5b490872c0f81c65bd80f6c2e668e355e941efcee,inventoried; automated checks where applicable,No individual manual sign-off; see audit limitations.
Mobile/wbws_flutter_app/lib/services/search_index_policy.dart,application-source,6200,148,2a9189d85668375373cf753e9acc2d3fcedc1046ed9baa073532247f71553762,inventoried; automated checks where applicable,No individual manual sign-off; see audit limitations.
Mobile/wbws_flutter_app/lib/services/search_matching.dart,application-source,4816,126,c1d9c3d214e816451f69a54bbb72ae97d037f261dd0762f715c4479c079ba0d3,inventoried; automated checks where applicable,No individual manual sign-off; see audit limitations.
Mobile/wbws_flutter_app/lib/services/session_service.dart,application-source,688,19,1730b1abef367ab6e9ae2b5b58e6521426ffe46c701305afbfdf1b7bf6effba9,inventoried; automated checks where applicable,No individual manual sign-off; see audit limitations.
Mobile/wbws_flutter_app/lib/services/sync_service.dart,application-source,14693,440,4aeb48c7406dc323272678fee33cfadee4cbb3233a208f6b2fdd6e886fd8d5c5,inventoried; automated checks where applicable,No individual manual sign-off; see audit limitations.
Mobile/wbws_flutter_app/lib/services/synced_lyrics_merge.dart,application-source,2764,73,237aeee8d03183408a1777cfed49e1380eacfdfb649e59599b1ba8856d7a8d93,inventoried; automated checks where applicable,No individual manual sign-off; see audit limitations.
Mobile/wbws_flutter_app/lib/services/taxonomy_names.dart,application-source,3595,93,23c72d26a44be00055ad80a6e8b78166e9fe4df8761ef9d5a9eb2686357f39c6,inventoried; automated checks where applicable,No individual manual sign-off; see audit limitations.
Mobile/wbws_flutter_app/lib/services/taxonomy_reconcile.dart,application-source,2384,49,3efa372f57cbe73e75b65d34d13cb1da475372c67d488745076d99e207e6d058,inventoried; automated checks where applicable,No individual manual sign-off; see audit limitations.
Mobile/wbws_flutter_app/lib/services/warm_store.dart,application-source,2858,88,dbd93e83eb86f0b21942e135a14ba9c3c2b1415e60b9604e77c675dae481c697,inventoried; automated checks where applicable,No individual manual sign-off; see audit limitations.
Mobile/wbws_flutter_app/lib/utils/config.dart,application-source,12226,241,7448ad61c082dd00c15c78d4e635bfd6c9b81da7f71fcf89872ce7c0d3021bf1,inventoried; automated checks where applicable,No individual manual sign-off; see audit limitations.
Mobile/wbws_flutter_app/lib/utils/cover_palette.dart,application-source,1418,38,fa79335f4d143d7ab5c3a5abd1298f791a214a083c6889a802aa74a19850b6f7,inventoried; automated checks where applicable,No individual manual sign-off; see audit limitations.
Mobile/wbws_flutter_app/lib/utils/ethiopian_calendar.dart,application-source,17212,490,c557cd4d611e60f1440419d77c0748411872a8005f57a073def5ae940dcc1faa,inventoried; automated checks where applicable,No individual manual sign-off; see audit limitations.
Mobile/wbws_flutter_app/lib/utils/packet.dart,application-source,1781,55,3d55173fd4ad694b1e4c8775ee1ec0af4f7cf0534c02fa21c5d69cd077df1d8e,inventoried; automated checks where applicable,No individual manual sign-off; see audit limitations.
Mobile/wbws_flutter_app/lib/utils/roster.dart,application-source,1325,45,8f1afe516aa5e0bc4612069268d3e6d314eed508af97503387b8363c83a91ea7,inventoried; automated checks where applicable,No individual manual sign-off; see audit limitations.
Mobile/wbws_flutter_app/lib/utils/scrolling.dart,application-source,3041,80,7399abfa3f19f85f4715916512cd30ec34bbb93a8cd50fd114861ade030e5d51,inventoried; automated checks where applicable,No individual manual sign-off; see audit limitations.
Mobile/wbws_flutter_app/lib/utils/theme.dart,application-source,4815,131,d026ce23d168de8f3b12cac0dd73370d507f8375c2be902fca5aeffe7d337e36,inventoried; automated checks where applicable,No individual manual sign-off; see audit limitations.
Mobile/wbws_flutter_app/lib/utils/transitions.dart,application-source,1382,43,0b3e73c388cc1c9d880b29b54f7377a136a594b0875eacd205c9cfcbb2d7d21e,inventoried; automated checks where applicable,No individual manual sign-off; see audit limitations.
Mobile/wbws_flutter_app/lib/utils/version.dart,application-source,1821,58,77b4857f16710c7c853084c0c5a730ce689ca2f1df3d8362f069bf6bcd9a8284,inventoried; automated checks where applicable,No individual manual sign-off; see audit limitations.
Mobile/wbws_flutter_app/lib/widgets/action_bar.dart,application-source,5593,160,f6d43c27bac4b970cb3d76e960e2e1373addb19e05c0ac487be1023b22ec6a57,inventoried; automated checks where applicable,No individual manual sign-off; see audit limitations.
Mobile/wbws_flutter_app/lib/widgets/app_error.dart,application-source,7568,250,1ce42020eb18be8dc72d72682e434fca69282912e44a35ec43266f1c8769169f,inventoried; automated checks where applicable,No individual manual sign-off; see audit limitations.
Mobile/wbws_flutter_app/lib/widgets/download_button.dart,application-source,6605,210,ce599e34ccf8fa18ab30cb427dabd541db3175f11a3b180e90c9a601500d7ecc,inventoried; automated checks where applicable,No individual manual sign-off; see audit limitations.
Mobile/wbws_flutter_app/lib/widgets/empty_state.dart,application-source,1631,62,5c700db1428d24e5535e809ff99642e8416027cdb5f7df05fd0a69fac86e0364,inventoried; automated checks where applicable,No individual manual sign-off; see audit limitations.
Mobile/wbws_flutter_app/lib/widgets/error_card.dart,application-source,6436,235,acb36bf26a78cf9ffa91777c30da70abe9596c6ece168ff15d5b2525ec6b4677,inventoried; automated checks where applicable,No individual manual sign-off; see audit limitations.
Mobile/wbws_flutter_app/lib/widgets/fast_list.dart,application-source,2121,62,15159b31aee34d4305b671262f0af1ea1eb79ddce6a81489679d89b252fd4543,inventoried; automated checks where applicable,No individual manual sign-off; see audit limitations.
Mobile/wbws_flutter_app/lib/widgets/feature_tile.dart,application-source,4231,135,1859b7e9b794bd0f3f9680cdac26d8f2c790ac98c5ee620ab4ef600bef803bb1,inventoried; automated checks where applicable,No individual manual sign-off; see audit limitations.
Mobile/wbws_flutter_app/lib/widgets/highlighted_text.dart,application-source,2772,85,66ad870b0803afc09cfdcb308ab9c90d24ff4bc832169470ed298729eb6cad9e,inventoried; automated checks where applicable,No individual manual sign-off; see audit limitations.
Mobile/wbws_flutter_app/lib/widgets/loading_skeleton.dart,application-source,5552,187,0024c96929fbce02b9949ee895b49c468bd9db9d344c27335568c782cc1126c8,inventoried; automated checks where applicable,No individual manual sign-off; see audit limitations.
Mobile/wbws_flutter_app/lib/widgets/offline_banner.dart,application-source,5390,174,8136bb1077b162af4701f325c218db3815ee6c38d03b450e44afbea768c00a78,inventoried; automated checks where applicable,No individual manual sign-off; see audit limitations.
Mobile/wbws_flutter_app/lib/widgets/qr_scan_sheet.dart,application-source,12524,368,eec966a9b52d75e3da8f20893a9246f3ea62374afb56d3eb21e3f6bece8713cd,inventoried; automated checks where applicable,No individual manual sign-off; see audit limitations.
Mobile/wbws_flutter_app/lib/widgets/quick_confirm.dart,application-source,8456,275,cd4d7488c9f1cec38c7e93d2b045eee16eda1422f6a18b63fe58702f39ba02bb,inventoried; automated checks where applicable,No individual manual sign-off; see audit limitations.
Mobile/wbws_flutter_app/lib/widgets/stat_card.dart,application-source,2849,108,b19c06ff99111128ac05b288527de7b100ecf65200f39e7806849875a882fc84,inventoried; automated checks where applicable,No individual manual sign-off; see audit limitations.
Mobile/wbws_flutter_app/lib/widgets/status_banner.dart,application-source,2979,95,11349b8968724b9aab5afe5158554cdeaf148476f1f5042b0bb46e24ed0f2e46,inventoried; automated checks where applicable,No individual manual sign-off; see audit limitations.
Mobile/wbws_flutter_app/lib/widgets/taxonomy_pick_sheet.dart,application-source,12829,344,6dcf01846474430c6293cb1409f32d5cd14589ae7d1ad51cf93d40341dc22696,inventoried; automated checks where applicable,No individual manual sign-off; see audit limitations.
Mobile/wbws_flutter_app/lib/widgets/use_website_note.dart,application-source,1416,47,330d000379722e4806ed0372551de0a155dd4868787db3a2883d5da20c53799b,inventoried; automated checks where applicable,No individual manual sign-off; see audit limitations.
Mobile/wbws_flutter_app/linux/.gitignore,mobile-platform/assets,18,1,5ded4f1a9d10d34bf6ee5beb0711d88ee2ef07b0f07ace9ed77935a246e8eb82,inventoried; automated checks where applicable,No individual manual sign-off; see audit limitations.
Mobile/wbws_flutter_app/linux/CMakeLists.txt,mobile-platform/assets,4771,128,e10eafa0ff14a072e0523d307a310e632bd522fc847ee4d922bebd2e31e5e72c,inventoried; automated checks where applicable,No individual manual sign-off; see audit limitations.
Mobile/wbws_flutter_app/linux/flutter/CMakeLists.txt,mobile-platform/assets,2815,88,787189e2623313cfee590a0b553338eb9fc68b3af922ddd77c5d39c75f989aeb,inventoried; automated checks where applicable,No individual manual sign-off; see audit limitations.
Mobile/wbws_flutter_app/linux/flutter/generated_plugin_registrant.cc,mobile-platform/assets,789,19,2d820ff616e2228f699316fa2329d173ddbe6b98bbd7faca780daf329e4efacb,inventoried; automated checks where applicable,No individual manual sign-off; see audit limitations.
Mobile/wbws_flutter_app/linux/flutter/generated_plugin_registrant.h,mobile-platform/assets,303,15,00f93bb5b1faefdede8f6065df327522900fb0b8efee86bacf424fd947ed14bb,inventoried; automated checks where applicable,No individual manual sign-off; see audit limitations.
Mobile/wbws_flutter_app/linux/flutter/generated_plugins.cmake,mobile-platform/assets,792,25,3f4be2dbcaa3ff895a3dc6fcb9633f0a47c9fdaa7764456aff9459c62d08f3ac,inventoried; automated checks where applicable,No individual manual sign-off; see audit limitations.
Mobile/wbws_flutter_app/linux/runner/CMakeLists.txt,mobile-platform/assets,974,26,8cdcfd911e770fd7d511c97c7bce6559486a815352a47c953f7ef632e236d2cc,inventoried; automated checks where applicable,No individual manual sign-off; see audit limitations.
Mobile/wbws_flutter_app/linux/runner/main.cc,mobile-platform/assets,180,6,ea23f7cdf74091d63bba29ef60486370b766157b848f0cfe62bd8b1c1695a0c1,inventoried; automated checks where applicable,No individual manual sign-off; see audit limitations.
Mobile/wbws_flutter_app/linux/runner/my_application.cc,mobile-platform/assets,4766,130,52865eb9659da422c9b27081b7221d3f50e8176c4cc25e54568756de68142252,inventoried; automated checks where applicable,No individual manual sign-off; see audit limitations.
Mobile/wbws_flutter_app/linux/runner/my_application.h,mobile-platform/assets,388,18,a044da4b485c93d0e1a79c62356b22c8856dd2bab537ffb6a9446fc905131316,inventoried; automated checks where applicable,No individual manual sign-off; see audit limitations.
Mobile/wbws_flutter_app/macos/.gitignore,mobile-platform/assets,89,7,ffec1a0bbd70547186b82ad4e49089bafab2de309b89de97c776d70debb179fa,inventoried; automated checks where applicable,No individual manual sign-off; see audit limitations.
Mobile/wbws_flutter_app/macos/Flutter/Flutter-Debug.xcconfig,mobile-platform/assets,48,1,62290ad8e938bf410206d8c7e131262696b58a6df110d39faf3399396ffe61b1,inventoried; automated checks where applicable,No individual manual sign-off; see audit limitations.
Mobile/wbws_flutter_app/macos/Flutter/Flutter-Release.xcconfig,mobile-platform/assets,48,1,62290ad8e938bf410206d8c7e131262696b58a6df110d39faf3399396ffe61b1,inventoried; automated checks where applicable,No individual manual sign-off; see audit limitations.
Mobile/wbws_flutter_app/macos/Flutter/GeneratedPluginRegistrant.swift,mobile-platform/assets,1426,32,3d4fda0b780758f306b67deacb673f2017bfef593a69e9be614ed042c679ccf4,inventoried; automated checks where applicable,No individual manual sign-off; see audit limitations.
Mobile/wbws_flutter_app/macos/Runner.xcodeproj/project.pbxproj,mobile-platform/assets,26457,705,0f3e71930f232596dced2ed1a39b5c1446c84e817c9708b45832bc053b3ed541,inventoried; automated checks where applicable,No individual manual sign-off; see audit limitations.
Mobile/wbws_flutter_app/macos/Runner.xcodeproj/project.xcworkspace/xcshareddata/IDEWorkspaceChecks.plist,mobile-platform/assets,238,8,dfa0f9bb85b95ccba9c6811adadf8cb407fb5d52088e89db83ebc308ec448542,inventoried; automated checks where applicable,No individual manual sign-off; see audit limitations.
Mobile/wbws_flutter_app/macos/Runner.xcodeproj/xcshareddata/xcschemes/Runner.xcscheme,mobile-platform/assets,3687,98,691d8bf0d489827717982953ebfb782a0b85061c4254e20b3d93555e64ec60ea,inventoried; automated checks where applicable,No individual manual sign-off; see audit limitations.
Mobile/wbws_flutter_app/macos/Runner.xcworkspace/contents.xcworkspacedata,mobile-platform/assets,152,7,46c3c9702ff7c5584e11c954d943cfb6e07fb26e3fbd072ddbc0f388aa352de1,inventoried; automated checks where applicable,No individual manual sign-off; see audit limitations.
Mobile/wbws_flutter_app/macos/Runner.xcworkspace/xcshareddata/IDEWorkspaceChecks.plist,mobile-platform/assets,238,8,dfa0f9bb85b95ccba9c6811adadf8cb407fb5d52088e89db83ebc308ec448542,inventoried; automated checks where applicable,No individual manual sign-off; see audit limitations.
Mobile/wbws_flutter_app/macos/Runner/AppDelegate.swift,mobile-platform/assets,311,13,ce9dbe45a57c59e85519da50a26c471615b9c8cdd85a8f4a39d2e480e62a4af4,inventoried; automated checks where applicable,No individual manual sign-off; see audit limitations.
Mobile/wbws_flutter_app/macos/Runner/Assets.xcassets/AppIcon.appiconset/Contents.json,mobile-platform/assets,1291,68,bc6ba8105ca69651aeeb77358851590de295dca04681a1d58c0f449641c242f3,inventoried; automated checks where applicable,No individual manual sign-off; see audit limitations.
Mobile/wbws_flutter_app/macos/Runner/Assets.xcassets/AppIcon.appiconset/app_icon_1024.png,mobile-platform/assets,102994,,6232e5815af17e25e0268b2fec7aea9e068cc92ec709e9605c2b31df4ff2a313,inventoried; automated checks where applicable,No individual manual sign-off; see audit limitations.
Mobile/wbws_flutter_app/macos/Runner/Assets.xcassets/AppIcon.appiconset/app_icon_128.png,mobile-platform/assets,5680,,15591f03f31313af6fd644ed0512106cc04365130b8b73244f1cfa6dddfb4400,inventoried; automated checks where applicable,No individual manual sign-off; see audit limitations.
Mobile/wbws_flutter_app/macos/Runner/Assets.xcassets/AppIcon.appiconset/app_icon_16.png,mobile-platform/assets,520,,cc6928b5adfc00dbf526192e2705dd9af641cdf20ab4c6c7ca7cd4936dca59f0,inventoried; automated checks where applicable,No individual manual sign-off; see audit limitations.
Mobile/wbws_flutter_app/macos/Runner/Assets.xcassets/AppIcon.appiconset/app_icon_256.png,mobile-platform/assets,14142,,416efd77cde932d42ef34168da24dd428a495b1f4f34bbbd125a18d2add186a2,inventoried; automated checks where applicable,No individual manual sign-off; see audit limitations.
Mobile/wbws_flutter_app/macos/Runner/Assets.xcassets/AppIcon.appiconset/app_icon_32.png,mobile-platform/assets,1066,,ae8c4458e41f1e28b1e851ed87d3268d4a0351ceea427fa2a84cc94ddfb6d4c5,inventoried; automated checks where applicable,No individual manual sign-off; see audit limitations.
Mobile/wbws_flutter_app/macos/Runner/Assets.xcassets/AppIcon.appiconset/app_icon_512.png,mobile-platform/assets,36406,,0a91c6c1bf242e54ee179e34629e9ef3e8a6d286c0fce01e302280a8be9277e6,inventoried; automated checks where applicable,No individual manual sign-off; see audit limitations.
Mobile/wbws_flutter_app/macos/Runner/Assets.xcassets/AppIcon.appiconset/app_icon_64.png,mobile-platform/assets,2218,,6ad229623498e5f1277800db3ab7cb11faf85eb2569e1213f7d8e55003c07b42,inventoried; automated checks where applicable,No individual manual sign-off; see audit limitations.
Mobile/wbws_flutter_app/macos/Runner/Base.lproj/MainMenu.xib,mobile-platform/assets,23729,343,be9e9ef8469d3262370e0f0b855ed163cbf9c8362c59e330b2ffe63b86fa42f4,inventoried; automated checks where applicable,No individual manual sign-off; see audit limitations.
Mobile/wbws_flutter_app/macos/Runner/Configs/AppInfo.xcconfig,mobile-platform/assets,617,14,aacae080a506b61ff72fa64abc66a386a84d9cc44b506ce15986cbd56eeaba02,inventoried; automated checks where applicable,No individual manual sign-off; see audit limitations.
Mobile/wbws_flutter_app/macos/Runner/Configs/Debug.xcconfig,mobile-platform/assets,77,2,8067d533ef6593760baad9a9855a786a7a77470fcc3f0925ec04fe43bc1ac4b0,inventoried; automated checks where applicable,No individual manual sign-off; see audit limitations.
Mobile/wbws_flutter_app/macos/Runner/Configs/Release.xcconfig,mobile-platform/assets,79,2,7a6a4b4d973a23052fa0a0388dd261e32d311d7b66ba1bfc3b914b361808ac61,inventoried; automated checks where applicable,No individual manual sign-off; see audit limitations.
Mobile/wbws_flutter_app/macos/Runner/Configs/Warnings.xcconfig,mobile-platform/assets,580,13,0e341a392b16ad302d12890aa3dac9257a6c10ece685437604259a85341645a3,inventoried; automated checks where applicable,No individual manual sign-off; see audit limitations.
Mobile/wbws_flutter_app/macos/Runner/DebugProfile.entitlements,mobile-platform/assets,348,12,ebaab2b9992173de422c33e1fbab7f6e31acaa2213956097ac8cefd894a91ac8,inventoried; automated checks where applicable,No individual manual sign-off; see audit limitations.
Mobile/wbws_flutter_app/macos/Runner/Info.plist,mobile-platform/assets,1060,32,f253e89c512b3a9a81bc5cdd7a14bf932470f835f261654a808ea4549cd94aad,inventoried; automated checks where applicable,No individual manual sign-off; see audit limitations.
Mobile/wbws_flutter_app/macos/Runner/MainFlutterWindow.swift,mobile-platform/assets,388,15,65c9613c11bcedfa51416b16c975d8ba6ff12b405fc19d60db8755d92e86d9fe,inventoried; automated checks where applicable,No individual manual sign-off; see audit limitations.
Mobile/wbws_flutter_app/macos/Runner/Release.entitlements,mobile-platform/assets,240,8,b746c74b201e6af4e0864fbd1f4f629f96156a7ec4b7208bc995d0a5089bb592,inventoried; automated checks where applicable,No individual manual sign-off; see audit limitations.
Mobile/wbws_flutter_app/macos/RunnerTests/RunnerTests.swift,mobile-platform/assets,290,12,6bc180bc77c7def7a21d197233e25dff42cc493ab9d294632edafc18fdf0ac44,inventoried; automated checks where applicable,No individual manual sign-off; see audit limitations.
Mobile/wbws_flutter_app/pubspec.lock,mobile-platform/assets,31106,1034,7e7faee495fbb9e3a2f9eb048dbd72224028bc3583b694eb37765ef5afe6b2c8,inventoried; automated checks where applicable,No individual manual sign-off; see audit limitations.
Mobile/wbws_flutter_app/pubspec.yaml,mobile-platform/assets,3350,115,e3a1a4a46eaa8578a8ce00bbf34ff5164cd999a05c45d115fc7ea04dc713f417,inventoried; automated checks where applicable,No individual manual sign-off; see audit limitations.
Mobile/wbws_flutter_app/scripts/build-release.ps1,mobile-platform/assets,5968,128,9e39cb0b1f928fa7b1909a17f8d9992f68a9e71f0a0952d6198ace19cfbb4341,inventoried; automated checks where applicable,No individual manual sign-off; see audit limitations.
Mobile/wbws_flutter_app/test/crash_log_parse_test.dart,application-source,4369,125,73b90c459268bee2de2260afec3cc5e5d1444277c67937c308d96efdf5505c90,inventoried; automated checks where applicable,No individual manual sign-off; see audit limitations.
Mobile/wbws_flutter_app/test/device_tier_test.dart,application-source,1950,63,dece1a9ce635cbdc0c4bf179a703cff961a97551fc1ee5a3b65e02bf7a51a237,inventoried; automated checks where applicable,No individual manual sign-off; see audit limitations.
Mobile/wbws_flutter_app/test/lrc_builder_test.dart,application-source,14266,326,38fdee815814c859dca78bfa2d88a78b3a62642a34d196b4ea4cbb01aa3bcae7,inventoried; automated checks where applicable,No individual manual sign-off; see audit limitations.
Mobile/wbws_flutter_app/test/lyrics_emphasis_test.dart,application-source,6571,168,daf45a8b078b5f2522e195924ea647c701dbb726c4610f5de35077a9add79451,inventoried; automated checks where applicable,No individual manual sign-off; see audit limitations.
Mobile/wbws_flutter_app/test/lyrics_search_test.dart,application-source,20367,539,f748988d6abb5a09b53bd3ba4555a2a1323ddc0f3cac5a81967c7c2e330baa74,inventoried; automated checks where applicable,No individual manual sign-off; see audit limitations.
Mobile/wbws_flutter_app/test/mezmur_download_policy_test.dart,application-source,7255,203,53ea3419b2466f2080f17e4a7433a63fa0700a17ad6efd94138ff987a8beb8e3,inventoried; automated checks where applicable,No individual manual sign-off; see audit limitations.
Mobile/wbws_flutter_app/test/mezmur_playback_policy_test.dart,application-source,6307,162,47b70e516503fb6d8bb79dfdb60ec6c70b70296eaa81caa02a47ea32478e11e0,inventoried; automated checks where applicable,No individual manual sign-off; see audit limitations.
Mobile/wbws_flutter_app/test/mezmur_queue_window_test.dart,application-source,5779,220,b74f0172070880cafcc69d41a4364922041bd696d15315499fdf4dde669ce6bf,inventoried; automated checks where applicable,No individual manual sign-off; see audit limitations.
Mobile/wbws_flutter_app/test/mezmur_transport_gate_test.dart,application-source,4169,150,c26f73299b4f802c3cbf19961a645b053c73d1be8f99d8f06cc8ccd2f6a9bfcc,inventoried; automated checks where applicable,No individual manual sign-off; see audit limitations.
Mobile/wbws_flutter_app/test/parchment_art_test.dart,application-source,6467,152,8254c7f7ddb6a5e02c1c9b413636220b11c9698e3c75cb0b9d633cdb3ecf2985,inventoried; automated checks where applicable,No individual manual sign-off; see audit limitations.
Mobile/wbws_flutter_app/test/search_index_policy_test.dart,application-source,5439,186,f22da2d462b50074c9455429c89f5a52c10f83f4dca058a50a83a93395a56223,inventoried; automated checks where applicable,No individual manual sign-off; see audit limitations.
Mobile/wbws_flutter_app/test/search_row_readonly_test.dart,application-source,3031,79,d9d407a531e42d5c55bdbefe8292fe4e0b833aac7706938a9fd6e673068535b8,inventoried; automated checks where applicable,No individual manual sign-off; see audit limitations.
Mobile/wbws_flutter_app/test/search_tokenizer_test.dart,application-source,1399,36,c9d43d2aca68a9e8929cfdeed2348fe8affe0c12998b708701faedbb0058b5f1,inventoried; automated checks where applicable,No individual manual sign-off; see audit limitations.
Mobile/wbws_flutter_app/test/synced_lyrics_merge_test.dart,application-source,3778,96,8e22420477fd77b5570dd62049eb33aebdf699a55debde12b7c97e6a3ff5b946,inventoried; automated checks where applicable,No individual manual sign-off; see audit limitations.
Mobile/wbws_flutter_app/test/synced_lyrics_seek_test.dart,application-source,4457,103,e5382444ad80ef2074119e59881767f18245abdd2368baadb2fcf4903ce2ce22,inventoried; automated checks where applicable,No individual manual sign-off; see audit limitations.
Mobile/wbws_flutter_app/test/synced_lyrics_words_test.dart,application-source,6418,139,0d523e40c39e05ce636aa4682a38d0eb3cfe48982f9c421e2d371a421c75e760,inventoried; automated checks where applicable,No individual manual sign-off; see audit limitations.
Mobile/wbws_flutter_app/test/taxonomy_names_test.dart,application-source,7295,300,bcc5e0e040dea6acc74fcddb2adf31e425b1a75336cc8efd004ffc051c9d2d1c,inventoried; automated checks where applicable,No individual manual sign-off; see audit limitations.
Mobile/wbws_flutter_app/test/taxonomy_reconcile_test.dart,application-source,2986,99,714f19247414b0082a3d6f16ec5e6f883ae7d9b6ddf6d4793bf79e8c9ce33b6f,inventoried; automated checks where applicable,No individual manual sign-off; see audit limitations.
Mobile/wbws_flutter_app/test/update_artifact_test.dart,application-source,4101,126,7a80f8997b6109dee02f582d439146ace259c85bcfdbbd763a79cf9c053bc5d3,Changed sections manually reviewed; syntax/static checks; targeted verification only,F32: Flutter 332 tests pass; existing E2E 154 pass; 31 other legacy assertions and six setup errors remain explicitly unresolved.
Mobile/wbws_flutter_app/test/version_sync_test.dart,application-source,1561,35,3fcec67a0cc255cff6d6cb4493e71b972fa277cc17d2e28e25cd1e35da15b518,inventoried; automated checks where applicable,No individual manual sign-off; see audit limitations.
Mobile/wbws_flutter_app/test/version_test.dart,application-source,1234,55,742d72e0cb7178f78388e45dfacc925d033f4bb1c369bc434a03ba9c6a9c5852,inventoried; automated checks where applicable,No individual manual sign-off; see audit limitations.
Mobile/wbws_flutter_app/test/widget_test.dart,application-source,512,15,5c0404954c6dd09ebbe0a42eeffad28a47b8e61da17125a1eb9ee5c1c9405155,inventoried; automated checks where applicable,No individual manual sign-off; see audit limitations.
Mobile/wbws_flutter_app/tool/nullable_field_lint.dart,application-source,5658,166,5538da5ff55e4ca6c3980079ead87cf236e147f02d54b5b19c682d20f2d9b20f,inventoried; automated checks where applicable,No individual manual sign-off; see audit limitations.
Mobile/wbws_flutter_app/tool/pubspec.lock,asset/configuration,4532,162,1a6514604ca42815422cc3de31b0d1a9f365b59fbc333ca72fcecb75a5b426ef,inventoried; automated checks where applicable,No individual manual sign-off; see audit limitations.
Mobile/wbws_flutter_app/tool/pubspec.yaml,asset/configuration,89,5,b06f7be2c112a4ff8646617064ee4f64146bd454ac87b9cfcac12e051d5c8dbd,inventoried; automated checks where applicable,No individual manual sign-off; see audit limitations.
Mobile/wbws_flutter_app/web/favicon.png,mobile-platform/assets,917,,7ab2525f4b86b65d3e4c70358a17e5a1aaf6f437f99cbcc046dad73d59bb9015,inventoried; automated checks where applicable,No individual manual sign-off; see audit limitations.
Mobile/wbws_flutter_app/web/icons/Icon-192.png,mobile-platform/assets,5292,,3dce99077602f70421c1c6b2a240bc9b83d64d86681d45f2154143310c980be3,inventoried; automated checks where applicable,No individual manual sign-off; see audit limitations.
Mobile/wbws_flutter_app/web/icons/Icon-512.png,mobile-platform/assets,8252,,baccb205ae45f0b421be1657259b4943ac40c95094ab877f3bcbe12cd544dcbe,inventoried; automated checks where applicable,No individual manual sign-off; see audit limitations.
Mobile/wbws_flutter_app/web/icons/Icon-maskable-192.png,mobile-platform/assets,5594,,d2c842e22a9f4ec9d996b23373a905c88d9a203b220c5c151885ad621f974b5c,inventoried; automated checks where applicable,No individual manual sign-off; see audit limitations.
Mobile/wbws_flutter_app/web/icons/Icon-maskable-512.png,mobile-platform/assets,20998,,6aee06cdcab6b2aef74b1734c4778f4421d2da100b0ff9e52b21b55240202929,inventoried; automated checks where applicable,No individual manual sign-off; see audit limitations.
Mobile/wbws_flutter_app/web/index.html,mobile-platform/assets,3050,108,e47ca4b2990a727112361baa19917bf60f1ed25cd18e5ca6ffded9e3f6eba05b,inventoried; automated checks where applicable,No individual manual sign-off; see audit limitations.
Mobile/wbws_flutter_app/web/manifest.json,mobile-platform/assets,928,35,efbbab755c7775f16719b355457fd026bb389ee6620ae1b310942b769bf2f193,inventoried; automated checks where applicable,No individual manual sign-off; see audit limitations.
Mobile/wbws_flutter_app/web/splash/img/dark-1x.png,mobile-platform/assets,94490,,cccf1632b92f380db1db8548f255ae6de104b7c2653d1dc11795b850c2f36342,inventoried; automated checks where applicable,No individual manual sign-off; see audit limitations.
Mobile/wbws_flutter_app/web/splash/img/dark-2x.png,mobile-platform/assets,320753,,8897b8ae22ff4ad5565665eeed7b743efe496647e61f5ca4c43def50505671f9,inventoried; automated checks where applicable,No individual manual sign-off; see audit limitations.
Mobile/wbws_flutter_app/web/splash/img/dark-3x.png,mobile-platform/assets,627843,,c35dfe99895c588e69118f3b25d2ab1c80f0cbce3500a3bc015dee58f6f17296,inventoried; automated checks where applicable,No individual manual sign-off; see audit limitations.
Mobile/wbws_flutter_app/web/splash/img/dark-4x.png,mobile-platform/assets,1000657,,426674e4e6a1ffc5562d6493e2871727a1f1096c81b3c71e4b117cdcf6a49d1f,inventoried; automated checks where applicable,No individual manual sign-off; see audit limitations.
Mobile/wbws_flutter_app/web/splash/img/light-1x.png,mobile-platform/assets,94490,,cccf1632b92f380db1db8548f255ae6de104b7c2653d1dc11795b850c2f36342,inventoried; automated checks where applicable,No individual manual sign-off; see audit limitations.
Mobile/wbws_flutter_app/web/splash/img/light-2x.png,mobile-platform/assets,320753,,8897b8ae22ff4ad5565665eeed7b743efe496647e61f5ca4c43def50505671f9,inventoried; automated checks where applicable,No individual manual sign-off; see audit limitations.
Mobile/wbws_flutter_app/web/splash/img/light-3x.png,mobile-platform/assets,627843,,c35dfe99895c588e69118f3b25d2ab1c80f0cbce3500a3bc015dee58f6f17296,inventoried; automated checks where applicable,No individual manual sign-off; see audit limitations.
Mobile/wbws_flutter_app/web/splash/img/light-4x.png,mobile-platform/assets,1000657,,426674e4e6a1ffc5562d6493e2871727a1f1096c81b3c71e4b117cdcf6a49d1f,inventoried; automated checks where applicable,No individual manual sign-off; see audit limitations.
Mobile/wbws_flutter_app/windows/.gitignore,mobile-platform/assets,291,17,96345475f1a3c66bd32d28178fba151ab1506b35b1f7857b8f7651863093ea11,inventoried; automated checks where applicable,No individual manual sign-off; see audit limitations.
Mobile/wbws_flutter_app/windows/CMakeLists.txt,mobile-platform/assets,4168,108,d276209f4c3a77fb84d2523efa5d19d02dc56f717292e3e01bda14e40272ba5d,inventoried; automated checks where applicable,No individual manual sign-off; see audit limitations.
Mobile/wbws_flutter_app/windows/flutter/CMakeLists.txt,mobile-platform/assets,3742,109,1fe418971b6f41bb35ceb3d64113a835f3f6f171ecaa707bf232492b57a588d6,inventoried; automated checks where applicable,No individual manual sign-off; see audit limitations.
Mobile/wbws_flutter_app/windows/flutter/generated_plugin_registrant.cc,mobile-platform/assets,1088,26,17c8f6bdfbccb2f4e6ff9db518a67f7e14993e96a4ef7a921ccfea0b8a3b0c76,inventoried; automated checks where applicable,No individual manual sign-off; see audit limitations.
Mobile/wbws_flutter_app/windows/flutter/generated_plugin_registrant.h,mobile-platform/assets,302,15,dbc11635d7b1ba1887adf40df5b83d634e9c3ab0bee34510c71528bb4d73602a,inventoried; automated checks where applicable,No individual manual sign-off; see audit limitations.
Mobile/wbws_flutter_app/windows/flutter/generated_plugins.cmake,mobile-platform/assets,870,28,0684bb352b7fe8bd65273218992f7d7b552d1548dab141bd6293b49165802a44,inventoried; automated checks where applicable,No individual manual sign-off; see audit limitations.
Mobile/wbws_flutter_app/windows/runner/CMakeLists.txt,mobile-platform/assets,1796,40,34119ec122e36940235ef4bc245fcfb43b6960ed443e28af1a8d833a81209b9e,inventoried; automated checks where applicable,No individual manual sign-off; see audit limitations.
Mobile/wbws_flutter_app/windows/runner/Runner.rc,mobile-platform/assets,3061,121,addcece82930027e8d3670af2f6d903d27f6feaa76099828efe7b51fe124a9ff,inventoried; automated checks where applicable,No individual manual sign-off; see audit limitations.
Mobile/wbws_flutter_app/windows/runner/flutter_window.cpp,mobile-platform/assets,2122,71,dd185884c0b5301d400b58f12ebb36b1c8b326531597e531b40e44a6eeb0e943,inventoried; automated checks where applicable,No individual manual sign-off; see audit limitations.
Mobile/wbws_flutter_app/windows/runner/flutter_window.h,mobile-platform/assets,928,33,38e0fcd3a0b83895852ec295cb70d90179c0dcd40d58f065eb5232a4ecd84898,inventoried; automated checks where applicable,No individual manual sign-off; see audit limitations.
Mobile/wbws_flutter_app/windows/runner/main.cpp,mobile-platform/assets,1269,43,a17f3e07f751d2b23e2a6cc8d398750406483aceb25ba0480144b0cc922f502e,inventoried; automated checks where applicable,No individual manual sign-off; see audit limitations.
Mobile/wbws_flutter_app/windows/runner/resource.h,mobile-platform/assets,432,16,1fa98588b04561590ba1cf0521ab86a9db4a878312f21c9d5861d965ddd8d1ae,inventoried; automated checks where applicable,No individual manual sign-off; see audit limitations.
Mobile/wbws_flutter_app/windows/runner/resources/app_icon.ico,mobile-platform/assets,33772,,c098d3fc85cacff98b8e69811b48e9f0d852fcee278132d794411d978869cbf8,inventoried; automated checks where applicable,No individual manual sign-off; see audit limitations.
Mobile/wbws_flutter_app/windows/runner/runner.exe.manifest,mobile-platform/assets,602,14,825d243e9fa1542619909c1b72d09b3ed7c1f3b225bb8367c125835e5dc3f8aa,inventoried; automated checks where applicable,No individual manual sign-off; see audit limitations.
Mobile/wbws_flutter_app/windows/runner/utils.cpp,mobile-platform/assets,1797,65,dc2ee94d43116f959a4abd42557f71d07acc631abbffe03b11489dbeed35bedb,inventoried; automated checks where applicable,No individual manual sign-off; see audit limitations.
Mobile/wbws_flutter_app/windows/runner/utils.h,mobile-platform/assets,672,19,95a7f7dddb832997cefa937a96f89472332277e75734a5de553610760b744b03,inventoried; automated checks where applicable,No individual manual sign-off; see audit limitations.
Mobile/wbws_flutter_app/windows/runner/win32_window.cpp,mobile-platform/assets,8534,288,9065f31ccf746cf8b390121f958f9e959033af864aed779597066625ed56bc36,inventoried; automated checks where applicable,No individual manual sign-off; see audit limitations.
Mobile/wbws_flutter_app/windows/runner/win32_window.h,mobile-platform/assets,3522,102,7dd03746b19dcf3542829b2f6e8ed40a2714ce5f2cb3b0e23f0118a2fcf62d62,inventoried; automated checks where applicable,No individual manual sign-off; see audit limitations.
admin/.htaccess,application-source,1502,32,f5dc0ae85663108fca79dbb4bcb6d57a5d55c0d8cf1858e59f561b31e768213a,Changed sections manually reviewed; syntax/static checks; targeted verification only,F08: Actual Apache probes; backup create/download/decrypt regression protects against blanket-directory blocking.
admin/access_control.php,application-source,16191,298,c9210c64958bdabe7bd43983215294c01ca798bfbf52d58a0a1c064ebf56f1e2,Changed sections manually reviewed; syntax/static checks; targeted verification only,F04: Disabled synthetic Finance account rejected at the backend shim after forced revalidation. Interval remains 300 seconds. F21: Switch/restore across nine supported roles; actual restore buttons on HR and migrated Mezmur pages.
admin/api_ai.php,application-source,42079,802,84ed974a159e5977b4a2f7b98201486f7d91edc4434f3606017fd58656d1c1bb,inventoried; automated checks where applicable,No individual manual sign-off; see audit limitations.
admin/api_assignments.php,application-source,6902,176,9b60a0656b1b61fdd1c4f96916dfec5b9b0b4e2a2e671bd9dec5a61259ced96a,inventoried; automated checks where applicable,No individual manual sign-off; see audit limitations.
admin/api_attendance.php,application-source,21207,530,e0e34f9d9222822660709661454270b404d013d5ce8f330a5004064851f9d6ba,inventoried; automated checks where applicable,No individual manual sign-off; see audit limitations.
admin/api_attendance_info.php,application-source,14170,301,8c7bcf051a62c6eb134bb4e1e02bdae6744e6790ef2239c7fc648a7f23426dfd,Changed sections manually reviewed; syntax/static checks; targeted verification only,F19: Wrong-method matrix checks 405 + Allow: POST; missing/array CSRF rejected without fatal errors.
admin/api_branding.php,application-source,24291,557,c907476e55dce33b83998bebf0269dca2e2313aea0a95cc6048e10091951dc54,inventoried; automated checks where applicable,No individual manual sign-off; see audit limitations.
admin/api_check_duplicate.php,application-source,3490,93,d3339ae6844a5fe74c3576facda2aee3bf78785fb3354d24b2af892854cef966,inventoried; automated checks where applicable,No individual manual sign-off; see audit limitations.
admin/api_cms.php,application-source,23618,499,08f50b3ea7aea83e39fedbc9b6d392e85ac7adabfbccb3bb5b562a840f8356a4,inventoried; automated checks where applicable,No individual manual sign-off; see audit limitations.
admin/api_communication.php,application-source,20478,442,3c66abdc07f15585c725247d442ad1c8b1a49e2fabb16f2340eecfff89d48f5a,inventoried; automated checks where applicable,No individual manual sign-off; see audit limitations.
admin/api_dept_takers.php,application-source,5589,128,cdf74ae8d2ff2bd8d33f70f658dbc9edb254d7388e95f00713f5153317446345,inventoried; automated checks where applicable,No individual manual sign-off; see audit limitations.
admin/api_education.php,application-source,79875,1523,2c443bb66bd880e19d527e6a3c967ee5798035c900d4af709321b66178e9a89e,Changed sections manually reviewed; syntax/static checks; targeted verification only,F19: Wrong-method matrix checks 405 + Allow: POST; missing/array CSRF rejected without fatal errors.
admin/api_export_members.php,application-source,5235,155,5769ecd4c263ac48a8a4c2782033c4336d3291bbbd9eca5f0601190d32c3b83d,inventoried; automated checks where applicable,No individual manual sign-off; see audit limitations.
admin/api_finance.php,application-source,16807,303,b39f0c0e94d2cc96cdb0a7abb6632ddf83151405fd875c88d2309e127146c3f4,Changed sections manually reviewed; syntax/static checks; targeted verification only,"F10: HTTP transaction insert and database assertion of exact 2026-08-22 date and 123.45 amount. F11: Injected second-write failure rolls the fee back; historical payment posts matching dated income. Existing damaged records are not auto-repaired. F12: Invalid values, wrong category type, missing members/IDs, date checks and no-database validator tests. F16: CRUD roundtrips, nonexistent-reference checks and history-preserving delete rejection."
admin/api_hr_attendance.php,application-source,7743,171,535dc3519c25f4b879b8a68cc4a91450299d2fb04a461d0cb978db9cbf30849d,inventoried; automated checks where applicable,No individual manual sign-off; see audit limitations.
admin/api_identity.php,application-source,14915,301,ae7cde94b9e8660b8de64e7c4248f883fa714fd2f1e07cb4a0d0d413a2d63b0b,Changed sections manually reviewed; syntax/static checks; targeted verification only,F17: Real create/edit with is_staff → is_volunteer; database values and updated title verified.
admin/api_identity_migration.php,application-source,2531,69,c0bd05b6c6e85502e6d82785d2ffc61f8f456ef8f149d21904a46adde81b2be8,inventoried; automated checks where applicable,No individual manual sign-off; see audit limitations.
admin/api_impersonate.php,application-source,3451,87,f8aabfa0b1be6dfed8f82c64537971c2153df79e666a4da42f6a4cbcefb8a18e,inventoried; automated checks where applicable,No individual manual sign-off; see audit limitations.
admin/api_import_members.php,application-source,13713,387,491af7eea32cc513a980f187d68f647a6037b132ac5142120bf13254775f5d79,inventoried; automated checks where applicable,No individual manual sign-off; see audit limitations.
admin/api_info_analytics.php,application-source,7500,162,0766a6af3457e1c568633bb19a95863644acbf091f44eb9151e1fe0e5611bd9d,inventoried; automated checks where applicable,No individual manual sign-off; see audit limitations.
admin/api_info_reports.php,application-source,4309,103,c6ab4e9a087a8806b10d4ece3da2e7f648dd24671e00e55428c4489068d9e863,inventoried; automated checks where applicable,No individual manual sign-off; see audit limitations.
admin/api_list_members.php,application-source,2041,60,393517f27000f0eedf9f19d948d11c282898593008641b21c494f23a64cfbf52,inventoried; automated checks where applicable,No individual manual sign-off; see audit limitations.
admin/api_material.php,application-source,14527,254,c3f0b41611cff9c0b632f77c1ea266ca3a457d848c907b0efe3bd32d64279cbb,Changed sections manually reviewed; syntax/static checks; targeted verification only,"F12: Invalid values, wrong category type, missing members/IDs, date checks and no-database validator tests. F14: Create/edit roundtrip retains piece/box, quantity, thresholds, price and date. F15: Concurrent withdrawals yield one success and one 409; injected failure preserves stock; adjustment/status tests. F16: CRUD roundtrips, nonexistent-reference checks and history-preserving delete rejection."
admin/api_mezmur.php,application-source,58777,1138,296a1a99ad375862307e20f78c7e5bbfa0a7adbbb6f95a7bff9f82bcddf867d2,inventoried; automated checks where applicable,No individual manual sign-off; see audit limitations.
admin/api_mobile.php,application-source,437,12,b72307c60826d0ae6d899ce4b9c5a16e011b9224a96a03b15422a9422afef7dc,inventoried; automated checks where applicable,No individual manual sign-off; see audit limitations.
admin/api_notifications.php,application-source,4536,133,a75b7752a613b2482577b40560e9c544344f5cb03ac7bd66f0c3e0a4646611a4,Changed sections manually reviewed; syntax/static checks; targeted verification only,F18: Teacher cannot dismiss Finance notification/complete Finance task; intended recipient can; unrelated roles denied change feed. F19: Wrong-method matrix checks 405 + Allow: POST; missing/array CSRF rejected without fatal errors.
admin/api_qr_roster.php,application-source,9200,231,88f5600535f8b6ad3f494b5cc725ebf97e1b77a35a4600a47273a8f6cc80070b,inventoried; automated checks where applicable,No individual manual sign-off; see audit limitations.
admin/api_reports.php,application-source,10961,177,f72d0c657289f4ef8318154dcfd6ac099668475d92887fb284d55e9032b13713,inventoried; automated checks where applicable,No individual manual sign-off; see audit limitations.
admin/api_settings.php,application-source,15966,372,006e2580a51bf90eb04d448ffc71336891c8d1c7f8ce31c857452eef7fde64e2,inventoried; automated checks where applicable,No individual manual sign-off; see audit limitations.
admin/api_subjects.php,application-source,38881,921,182460bf09d2ba72de863c8e7d8790c2d8d24b339138c506fa1880394ea1aaa1,Changed sections manually reviewed; syntax/static checks; targeted verification only,F19: Wrong-method matrix checks 405 + Allow: POST; missing/array CSRF rejected without fatal errors.
admin/api_teachers.php,application-source,44328,1062,6fdbb7dd770902a0e0f175e17a2f33b59128b79417114155e425a10c26ec4192,Changed sections manually reviewed; syntax/static checks; targeted verification only,F19: Wrong-method matrix checks 405 + Allow: POST; missing/array CSRF rejected without fatal errors.
admin/api_test_seed.php,application-source,3777,102,e963cf6439f30829a7c4fea8c745e75bb3aa479cfb108fa3563e42c2e405ce81,inventoried; automated checks where applicable,No individual manual sign-off; see audit limitations.
admin/api_timetable.php,application-source,4173,119,b2626292c748ff04baba0a58eefbe5321bf75203b85b87b8c15f18998f6f7da8,inventoried; automated checks where applicable,No individual manual sign-off; see audit limitations.
admin/api_year_context.php,application-source,3011,74,4c447eb7fff6c66b15c4e639f14725e879c637aba767bea7794c2cef3081f2a7,Changed sections manually reviewed; syntax/static checks; targeted verification only,F19: Wrong-method matrix checks 405 + Allow: POST; missing/array CSRF rejected without fatal errors.
admin/app_session.php,application-source,328,10,d8b06f672de4c78f0d1c3bb12e94e968d55d0dacf4e3c1ad77576540ca76d5da,inventoried; automated checks where applicable,No individual manual sign-off; see audit limitations.
admin/backend/academic_year.php,application-source,22644,417,343f56c37a5536c15ee5f47b6e1051ed9e25a6720dadbf4c316f4d78cbcba229,inventoried; automated checks where applicable,No individual manual sign-off; see audit limitations.
admin/backend/ai_providers.php,application-source,18879,350,5c6c0c96edf16ab39752f4079d85015b0555adc87a9e85723c77c4ab0989716d,inventoried; automated checks where applicable,No individual manual sign-off; see audit limitations.
admin/backend/calendar_system.php,application-source,5577,144,7f3c19f0c73e6ca35ada3c4b4a9294384a39a78cfd003f90d6c7361941e0811a,Changed sections manually reviewed; syntax/static checks; targeted verification only,F22: All role page errors eliminated for calendar; dedicated head/duplicate/value/disabled/Gregorian browser contracts.
admin/backend/config.php,application-source,455,13,422525f6c387be56b40fce3911155f4d74ce04e65934122539ff3452ca5f524b,inventoried; automated checks where applicable,No individual manual sign-off; see audit limitations.
admin/backend/cron_backup.php,application-source,466,16,32c5c788c8e0a0f4288c4b5cfc036432a4166709925afbd2b385c99f9b777103,inventoried; automated checks where applicable,No individual manual sign-off; see audit limitations.
admin/backend/data/test_members_roster.php,application-source,89363,2919,10c9d807bf2ff7db296eb421f953bc1c435847d21abb10e8a46d31dd7a33f14a,inventoried; automated checks where applicable,No individual manual sign-off; see audit limitations.
admin/backend/ethiopian_date.php,application-source,4932,138,db72c4334922c71b2d05e9a17cfb7ade874a3919c16a9d0f2a03bf15a0b1d5b8,inventoried; automated checks where applicable,No individual manual sign-off; see audit limitations.
admin/backend/groups_api.php,application-source,43873,1076,f8e7fe59901eafb03524d05c4b7109445a3e71fea650e65262a597056889214d,inventoried; automated checks where applicable,No individual manual sign-off; see audit limitations.
admin/backend/login.php,application-source,4875,117,ca600b0501b7c03e40508764391ee4cff6bf919d219c1d9c1e867c48d5a39fc4,Changed sections manually reviewed; syntax/static checks; targeted verification only,"F02: Both direct/shim authentication exercised; alternate login → Mezmur browser test; existing form-login checks pass. F05: Cookie headers, source/CGI checks, and both PHP HTTP suites."
admin/backend/member_sync.php,application-source,9024,216,a7f0a5b6b50470e6f0deda94b563717ece180b1b26852367fbad326a18aecbfb,inventoried; automated checks where applicable,No individual manual sign-off; see audit limitations.
admin/backend/pdf/tcpdf/LICENSE.TXT,third-party/bundled,43695,860,b487950190a6516795240c2b155649e0309c2cad8e5b161d5ce2e3e4b022763e,inventoried; automated checks where applicable,No individual manual sign-off; see audit limitations.
admin/backend/pdf/tcpdf/README.md,third-party/bundled,6073,131,cae4ad2cd26b223066da26b433b5820a5cb1d3961886c1cbcca621a518d4e4d4,inventoried; automated checks where applicable,No individual manual sign-off; see audit limitations.
admin/backend/pdf/tcpdf/VERSION,third-party/bundled,7,1,3b519faa592551d663a04556b7cc0c53dfc7f09ea4fe91502d0c1cd86ddc6373,inventoried; automated checks where applicable,No individual manual sign-off; see audit limitations.
admin/backend/pdf/tcpdf/config/tcpdf_config.php,third-party/bundled,5730,235,befb4f643edc6aef49c8e81627ac032c6830a6517c96c567376c76c02d01fe61,inventoried; automated checks where applicable,No individual manual sign-off; see audit limitations.
admin/backend/pdf/tcpdf/fonts/OFL.txt,third-party/bundled,4384,93,72606b23f312cb25973958f2892d4d2c2012deabadbf0f763232624a9649fc69,inventoried; automated checks where applicable,No individual manual sign-off; see audit limitations.
admin/backend/pdf/tcpdf/fonts/dejavusans.ctg.z,third-party/bundled,10454,,6d983c257d60508cb24c69e3fa716ff7bebaa9c5e3fd724dab1ba7908f10b87d,inventoried; automated checks where applicable,No individual manual sign-off; see audit limitations.
admin/backend/pdf/tcpdf/fonts/dejavusans.php,third-party/bundled,202079,16,2311c1906b07b3e86e1444e1e2315e086f3efbb89f117f97ff81a8b44ea61d2b,inventoried; automated checks where applicable,No individual manual sign-off; see audit limitations.
admin/backend/pdf/tcpdf/fonts/dejavusans.z,third-party/bundled,375806,,0b911bc136718959ad0c6e175537dcd3f4c91d1765ddb2c36427af3b50f4a7e1,inventoried; automated checks where applicable,No individual manual sign-off; see audit limitations.
admin/backend/pdf/tcpdf/fonts/dejavusansb.ctg.z,third-party/bundled,10200,,a640299ef8dab84c25c558c71c8608625c9f762edd3cf305a4716d13a5b68de9,inventoried; automated checks where applicable,No individual manual sign-off; see audit limitations.
admin/backend/pdf/tcpdf/fonts/dejavusansb.php,third-party/bundled,197327,16,b2d8a30e2f7823ecab8c612cab6c664f3c4b9dbf31e7729bd1620d90a1a4933a,inventoried; automated checks where applicable,No individual manual sign-off; see audit limitations.
admin/backend/pdf/tcpdf/fonts/dejavusansb.z,third-party/bundled,347269,,18c349b1f422d5b3764a8706949af3306f01baa5b74b8660260a7fa140b2a974,inventoried; automated checks where applicable,No individual manual sign-off; see audit limitations.
admin/backend/pdf/tcpdf/fonts/helvetica.php,third-party/bundled,2575,13,d00f610d79e7b3d62831f5b280c3d67fba6dd27e3d8e731c5e08c9997274515c,inventoried; automated checks where applicable,No individual manual sign-off; see audit limitations.
admin/backend/pdf/tcpdf/fonts/helveticab.php,third-party/bundled,2580,12,da221bac61a548428591037e865f42adde25330fd6767870b233716ddd0bd795,inventoried; automated checks where applicable,No individual manual sign-off; see audit limitations.
admin/backend/pdf/tcpdf/fonts/helveticabi.php,third-party/bundled,2589,12,2a9fa2d5773cff4850ad476fb78a3f046f7c7e2d1a1e7973d55cbe0543434fb0,inventoried; automated checks where applicable,No individual manual sign-off; see audit limitations.
admin/backend/pdf/tcpdf/fonts/helveticai.php,third-party/bundled,2584,12,d4ed58a6edf5d848c4c32d361d41228496933d735e79d0e725523e4968cff74f,inventoried; automated checks where applicable,No individual manual sign-off; see audit limitations.
admin/backend/pdf/tcpdf/fonts/notosansethiopic.ctg.z,third-party/bundled,1115,,c61ece6ad4da5c4d70e52e216a70ce1a73a98cb564e63987ebf47e087813f489,inventoried; automated checks where applicable,No individual manual sign-off; see audit limitations.
admin/backend/pdf/tcpdf/fonts/notosansethiopic.php,third-party/bundled,5654,15,d12345ec68bff50b35e8849595c874a3dae889046131092ebf58b7087980e6b8,inventoried; automated checks where applicable,No individual manual sign-off; see audit limitations.
admin/backend/pdf/tcpdf/fonts/notosansethiopic.ttf,third-party/bundled,376800,,5be96434236814f107049a9495a2bf363fea52ea2e58d88aed62bc14107a47d7,inventoried; automated checks where applicable,No individual manual sign-off; see audit limitations.
admin/backend/pdf/tcpdf/fonts/notosansethiopic.z,third-party/bundled,157263,,440682ccd4fa6e1d6340703e880d04972c9e84e5426290612c66535e31b6b9b8,inventoried; automated checks where applicable,No individual manual sign-off; see audit limitations.
admin/backend/pdf/tcpdf/fonts/notosansethiopicb.ctg.z,third-party/bundled,1115,,c61ece6ad4da5c4d70e52e216a70ce1a73a98cb564e63987ebf47e087813f489,inventoried; automated checks where applicable,No individual manual sign-off; see audit limitations.
admin/backend/pdf/tcpdf/fonts/notosansethiopicb.php,third-party/bundled,5673,15,bc48f117d0a3e007aabeffb18ef8cf0c7a31e8f97a8235a0a3f95b21990c99df,inventoried; automated checks where applicable,No individual manual sign-off; see audit limitations.
admin/backend/pdf/tcpdf/fonts/notosansethiopicb.ttf,third-party/bundled,375448,,20c3e7e6cdd394a693c0461b771e9737ef62c33fc67e7e0eca82ae3526e048ec,inventoried; automated checks where applicable,No individual manual sign-off; see audit limitations.
admin/backend/pdf/tcpdf/fonts/notosansethiopicb.z,third-party/bundled,165209,,621b44947900977205f2913bf87837d5fb07a2ba9c8ad1afebd20ab10d2bb1f9,inventoried; automated checks where applicable,No individual manual sign-off; see audit limitations.
admin/backend/pdf/tcpdf/include/barcodes/datamatrix.php,third-party/bundled,42767,1177,6da1a5729b018b8b8358f5cad5ceddea0df54aa8ba13098c49f7b14d354fbc74,inventoried; automated checks where applicable,No individual manual sign-off; see audit limitations.
admin/backend/pdf/tcpdf/include/barcodes/pdf417.php,third-party/bundled,53953,997,1d096730f60ae5fedcc99e2185bf931c8457ce980fe0716654123da5696e911e,inventoried; automated checks where applicable,No individual manual sign-off; see audit limitations.
admin/backend/pdf/tcpdf/include/barcodes/qrcode.php,third-party/bundled,78782,2844,70a5e6745a8928f8ac7a4ced2b8a6445a8d08086c5c08dab7e7358608bf330cb,inventoried; automated checks where applicable,No individual manual sign-off; see audit limitations.
admin/backend/pdf/tcpdf/include/sRGB.icc,third-party/bundled,6922,,2a92d4bae450b76d8b0aa42193df974d75f62738ecebf74f01c5e75b12a95796,inventoried; automated checks where applicable,No individual manual sign-off; see audit limitations.
admin/backend/pdf/tcpdf/include/tcpdf_colors.php,third-party/bundled,15372,483,beaeee7d5df8ee31a2e089cfc59ef3f9cfe83cb498c99d3c097fd7636149790f,inventoried; automated checks where applicable,No individual manual sign-off; see audit limitations.
admin/backend/pdf/tcpdf/include/tcpdf_filters.php,third-party/bundled,14800,482,26f50b9c1b4c069821efa70f6e0d194e5dd315ead5b0f3a9fb7ca074f27ad5b0,inventoried; automated checks where applicable,No individual manual sign-off; see audit limitations.
admin/backend/pdf/tcpdf/include/tcpdf_font_data.php,third-party/bundled,313504,18448,0ee2048787e3af44a2417df494d8c756d3dd485533d875473a21cfe14077044d,inventoried; automated checks where applicable,No individual manual sign-off; see audit limitations.
admin/backend/pdf/tcpdf/include/tcpdf_fonts.php,third-party/bundled,96141,2659,57deab539aea67c7454cc1192fce22528581eefbc638aa4843654e692ccd6602,inventoried; automated checks where applicable,No individual manual sign-off; see audit limitations.
admin/backend/pdf/tcpdf/include/tcpdf_images.php,third-party/bundled,11517,364,10652b981e331cfdb468b8d1957dfb330e45088d4cfa8933a6537283146a38f4,inventoried; automated checks where applicable,No individual manual sign-off; see audit limitations.
admin/backend/pdf/tcpdf/include/tcpdf_static.php,third-party/bundled,109859,2664,5c51a7f1469dc31f936dc5774ac7356d41de69f9dc74fc1c71682407d3513bec,inventoried; automated checks where applicable,No individual manual sign-off; see audit limitations.
admin/backend/pdf/tcpdf/tcpdf.php,third-party/bundled,911792,24912,245999983a89d4ecc23b2c797ff15741ef5d75cbc869ff2f19bdf421acf6adad,inventoried; automated checks where applicable,No individual manual sign-off; see audit limitations.
admin/backend/pdf/tcpdf/tcpdf_autoconfig.php,third-party/bundled,7497,255,eddd70020f865ff21772dc7d2372bff9a4e6ce3a9346e21568b5d1f283957ea1,inventoried; automated checks where applicable,No individual manual sign-off; see audit limitations.
admin/backend/pdf/tcpdf/tcpdf_barcodes_2d.php,third-party/bundled,14909,356,d4570a438b7bdc13e52611fe3d37253a44d9bcadb795c28cd8e54c1f53d2ea42,inventoried; automated checks where applicable,No individual manual sign-off; see audit limitations.
admin/backend/services/AdminSessionGuard.php,application-source,5281,121,cffff7e3c7e1a0e43a3443d0a876f54ced6bb246cb3c7353b012f8fa7a7620d4,inventoried; automated checks where applicable,No individual manual sign-off; see audit limitations.
admin/backend/services/ApiIdempotencyService.php,application-source,17324,448,99201662c4618c0f6dba0399faba9bb358fd9b97271ead55e0b249ffb408756a,inventoried; automated checks where applicable,No individual manual sign-off; see audit limitations.
admin/backend/services/AssignmentService.php,application-source,53416,1392,f4b3ce770eef84ea7f25e5f942b05a1cb398ed7026b8d3ba5fcb70d5514abe35,inventoried; automated checks where applicable,No individual manual sign-off; see audit limitations.
admin/backend/services/AttendanceRecordService.php,application-source,6911,186,fcd3b5412e3882c7420dc04c1f37de319a4a91eec610a7d0052430a6dbb5f63d,inventoried; automated checks where applicable,No individual manual sign-off; see audit limitations.
admin/backend/services/AttendanceSummaryService.php,application-source,12723,327,67931fe07231b7b8aa05ba721c25ac020e29c5989b0a36166b160278ea063e6c,inventoried; automated checks where applicable,No individual manual sign-off; see audit limitations.
admin/backend/services/BackupService.php,application-source,24078,609,a238df3326cc5c95a858f08c5aa307c4805d490d686136276f32a22b45f7b915,Selected source review + synthetic runtime smoke/HTTP coverage,Not a manual sign-off of every line. See domain smoke and HTTP evidence.
admin/backend/services/CodeGenService.php,application-source,4282,112,4fd0083ee23bcb794495b698c0de0db89b24c43cee9338091f13877f9aec6a3a,inventoried; automated checks where applicable,No individual manual sign-off; see audit limitations.
admin/backend/services/DeptTakerService.php,application-source,9675,245,7d8493bedf250f560eef3580a42f92c8fc050fc4ac6dd0635bcab6385f5eff1f,inventoried; automated checks where applicable,No individual manual sign-off; see audit limitations.
admin/backend/services/EnrollmentService.php,application-source,26899,667,07efc3f09004a17e8d18c9f74dee5a7cf0e440207e661d2ab94b946100b47808,Changed sections manually reviewed; syntax/static checks; targeted verification only,"F20: Transfer there/back, concurrent first enrollment, outer-transaction rollback and injected failure tests. Callers owning a mysqli transaction must pass withinTransaction=true."
admin/backend/services/ExcelColumnMap.php,application-source,4864,144,0bcdacae765cad3f8c2240a51920bd6e5ef6f2d11fd700839022324d7b489e61,inventoried; automated checks where applicable,No individual manual sign-off; see audit limitations.
admin/backend/services/ExcelExportService.php,application-source,9133,252,91792b01ac3778c092d58080389487837205e53ff6c6b582a150c9487cfb46d0,inventoried; automated checks where applicable,No individual manual sign-off; see audit limitations.
admin/backend/services/FeatureGate.php,application-source,5560,166,abf78f0e01b413cd05dee7c069737be3f83cc7ac010021104883fb82b7414fc0,inventoried; automated checks where applicable,No individual manual sign-off; see audit limitations.
admin/backend/services/GalleryService.php,application-source,18861,512,491a5a35b3a0cb8ffe3aad2fe6ee76e2485eedb34b7a3693687f1e4af79ec344,inventoried; automated checks where applicable,No individual manual sign-off; see audit limitations.
admin/backend/services/HrAttendanceService.php,application-source,12702,321,38ad9a323cc4f5999346762f8c7ccafd4909f5de78424b629c4d24554ddc9ace,Selected source review + synthetic runtime smoke/HTTP coverage,Not a manual sign-off of every line. See domain smoke and HTTP evidence.
admin/backend/services/HrSubmissionService.php,application-source,30151,754,259b427ea7c0ae6ff5beb8cd43592ad317c327de1e972360e55db98018a8d7de,inventoried; automated checks where applicable,No individual manual sign-off; see audit limitations.
admin/backend/services/IdCardLayout.php,application-source,22967,471,3f852e69dee2d81fc2b774c9436c6ff864c0f2e8ae596ac8b50664fe02b7b9cb,inventoried; automated checks where applicable,No individual manual sign-off; see audit limitations.
admin/backend/services/IdentityCodeService.php,application-source,12366,331,830bb7ddf548cfc99db9405ff7e93ccdd4771e3959e612b7de4b79ec301e17eb,inventoried; automated checks where applicable,No individual manual sign-off; see audit limitations.
admin/backend/services/IdentityMigrationService.php,application-source,5383,143,170b702a7bc1c474e208eb671e21766eb5e3594059d4e98e39ad5190172f788c,inventoried; automated checks where applicable,No individual manual sign-off; see audit limitations.
admin/backend/services/InfoAnalyticsService.php,application-source,17656,392,bce96c9ed5c259b9f318cfd2fdaa7ec372d0e00582784c8fad5bca1855edf975,Selected source review + synthetic runtime smoke/HTTP coverage,Not a manual sign-off of every line. See domain smoke and HTTP evidence.
admin/backend/services/LedgerInputException.php,application-source,340,11,785f1190b4e53ca7ec98a8a0c35d63ead7642950b055611a846c7ae037932efe,Changed sections manually reviewed; syntax/static checks; targeted verification only,"F12: Invalid values, wrong category type, missing members/IDs, date checks and no-database validator tests."
admin/backend/services/LedgerValidation.php,application-source,2969,72,ab62b5bb151858bbb39af648fd7077864dbe1e76e84faf42a70653a6a19bc5da,Changed sections manually reviewed; syntax/static checks; targeted verification only,"F12: Invalid values, wrong category type, missing members/IDs, date checks and no-database validator tests. F27: Malformed fields rejected; honeypot stores nothing; eight concurrent valid submissions produce exactly five successes and three 429s."
admin/backend/services/MemberAge.php,application-source,1779,38,4b51f02006a92567c92f2e5be6ed691998c8daa852a667b908c51cf2a5dd12ec,Changed sections manually reviewed; syntax/static checks; targeted verification only,F28: Fixed-date tests before/after birthday and Ethiopian new year; future date returns unknown. Year-only legacy input remains an estimate.
admin/backend/services/MemberCategory.php,application-source,3240,106,bbcdcf9fb3e819a7f6f45d99082dcc8a6c3c9c15b10d0877ec7e523f93afb365,inventoried; automated checks where applicable,No individual manual sign-off; see audit limitations.
admin/backend/services/MemberCodeFormat.php,application-source,1919,58,8f774cd0252f00c1ea661e8765f4d24e7cd83c524cde26790ba3de1f4da17c1f,inventoried; automated checks where applicable,No individual manual sign-off; see audit limitations.
admin/backend/services/MemberDirectoryService.php,application-source,14667,367,4e4fe813d33c3c4c9a445084824519fbce5df4623dd62ff5554a1e1f1edc8ff8,inventoried; automated checks where applicable,No individual manual sign-off; see audit limitations.
admin/backend/services/MemberDuplicateService.php,application-source,11152,270,6b9e3bbefc744c4794edc41ca8979df4c054a8888ef8b4453824d0f697283767,inventoried; automated checks where applicable,No individual manual sign-off; see audit limitations.
admin/backend/services/MemberExportService.php,application-source,6896,201,5943db31b5890837b4f4210486cc6e19fa4760916e5ceb567bdf00136fba6688,inventoried; automated checks where applicable,No individual manual sign-off; see audit limitations.
admin/backend/services/MemberFileService.php,application-source,8251,212,60ea33e7d883ec9263d10b36b4c33afc3733949863b56ec8e3a3d96a947e338f,Selected source review + synthetic runtime smoke/HTTP coverage,Not a manual sign-off of every line. See domain smoke and HTTP evidence.
admin/backend/services/MemberRegistrationPolicy.php,application-source,4573,106,d0f7ab345e86376749d48a61da621267645bad83f2b3868a1d15b45388adae11,inventoried; automated checks where applicable,No individual manual sign-off; see audit limitations.
admin/backend/services/MemberReportRenderer.php,application-source,15317,308,a1dfed8555886bd628e9791ccd60d526b20c3b381646e22495d00a4f8dfff52b,inventoried; automated checks where applicable,No individual manual sign-off; see audit limitations.
admin/backend/services/MemberReportService.php,application-source,13893,408,a8b47c42719fdaa55b7fac2f542ef880bd409ef17e71dff58777d2062f938bef,inventoried; automated checks where applicable,No individual manual sign-off; see audit limitations.
admin/backend/services/MemberTypeService.php,application-source,3977,100,1c567def5f579b74a5bfe7754f072da81e606132cd88642898fd2eb3543968cf,inventoried; automated checks where applicable,No individual manual sign-off; see audit limitations.
admin/backend/services/MezmurAttendanceService.php,application-source,34747,788,42e9930732b9ce84741d533f7362225d59b2010d6ef6095b6f12cd4fc02a9025,Selected source review + synthetic runtime smoke/HTTP coverage,Not a manual sign-off of every line. See domain smoke and HTTP evidence.
admin/backend/services/MezmurHymnService.php,application-source,102796,2105,e1ce60af69cf00c2b7163887f26adf82e9308ff003a17fce864d3e737ea848a2,inventoried; automated checks where applicable,No individual manual sign-off; see audit limitations.
admin/backend/services/MezmurMediaService.php,application-source,41589,895,408672794ef4962726be8165584106188bfb20239b18c41dbaffbf1b842ad6b3,inventoried; automated checks where applicable,No individual manual sign-off; see audit limitations.
admin/backend/services/MezmurSchemaReconciler.php,application-source,20865,430,8094acbc7695b1c457efbdd8fd797bfc14ef6569c308e80f3cebdf3653322b51,inventoried; automated checks where applicable,No individual manual sign-off; see audit limitations.
admin/backend/services/MezmurSubmissionService.php,application-source,30762,765,9af072ab7ed10b6ea43383c956d79d1ebe5b97d10500e4e9a77bc9087a368f06,Selected source review + synthetic runtime smoke/HTTP coverage,Not a manual sign-off of every line. See domain smoke and HTTP evidence.
admin/backend/services/MonitorAccessService.php,application-source,3516,102,9b79060f4b25d8509e96e581fa1d84e61e9331856e04f217e4e851d63465f60f,inventoried; automated checks where applicable,No individual manual sign-off; see audit limitations.
admin/backend/services/PasswordPolicy.php,application-source,1967,62,99a247052d5311df0c6d4bf4fab05452b8e87b20e69e8597691ffeadd98ec11e,inventoried; automated checks where applicable,No individual manual sign-off; see audit limitations.
admin/backend/services/PdfReportService.php,application-source,16295,393,802aa2c654927aa1afb63906af4855d6a640dbbf56a63c00d1c862263efdfa34,Selected source review + synthetic runtime smoke/HTTP coverage,Not a manual sign-off of every line. See domain smoke and HTTP evidence.
admin/backend/services/PositionSyncService.php,application-source,14443,365,d3334b7c0938848b433a17536953bf8f4988dc0d213b7cfcea5cfac7457aeab9,inventoried; automated checks where applicable,No individual manual sign-off; see audit limitations.
admin/backend/services/RefreshTokenService.php,application-source,12606,335,6041e32214566a6fe6d2fc22d8b74e20758803d5ddf072afde5a1877de46b72b,inventoried; automated checks where applicable,No individual manual sign-off; see audit limitations.
admin/backend/services/ReportCardService.php,application-source,56649,1437,b21bb62f8686fa3274d544518374de38c8e5be36a930a7394e974caf3c137287,inventoried; automated checks where applicable,No individual manual sign-off; see audit limitations.
admin/backend/services/SecurityAuditService.php,application-source,3046,84,7ca74c803174965fc9e1b112e2b8d0cbeeedc7723654bc9b8e62e0367a7302ba,inventoried; automated checks where applicable,No individual manual sign-off; see audit limitations.
admin/backend/services/SecurityRateLimiter.php,application-source,6629,169,a0b7a7518c39262bcdac24f33f8cb705f05a1b32181457e90746610f056b5861,inventoried; automated checks where applicable,No individual manual sign-off; see audit limitations.
admin/backend/services/SubmissionService.php,application-source,43713,1101,e418e880c61a0a7e386ecf046ad1e160355967d196d000ee0c2c8d993d1971da,inventoried; automated checks where applicable,No individual manual sign-off; see audit limitations.
admin/backend/services/TestMemberSeed.php,application-source,25576,721,3e5229340b7fb4df4f0d1496717696f169dce3a43d8e5fe4f7af6e20bdbc7460,inventoried; automated checks where applicable,No individual manual sign-off; see audit limitations.
admin/backend/services/TimetableService.php,application-source,15206,379,189b923868a0ef33d36e6c16e861ff24420dad1eb336eece0c39b3de59bee983,inventoried; automated checks where applicable,No individual manual sign-off; see audit limitations.
admin/backend/user-delete.php,application-source,6885,147,d9a1d0bd133e069a4e8b7c124ae2d37b6ff873a0608ebd77f49ee80ea0736452,Changed sections manually reviewed; syntax/static checks; targeted verification only,"F05: Cookie headers, source/CGI checks, and both PHP HTTP suites. F25: Self-disable/demotion rejected; authenticated delete and canonical redirect checked. Full account-lifecycle atomicity remains open. F26: Delete synthetic recipient: private message disappears and shared message retains Finance role scope."
admin/backend/user-save.php,application-source,11527,309,2754aac42a2439d3e45d79a4f4caa49b40ce433c73d2789b646d66148fa05906,Changed sections manually reviewed; syntax/static checks; targeted verification only,"F05: Cookie headers, source/CGI checks, and both PHP HTTP suites. F25: Self-disable/demotion rejected; authenticated delete and canonical redirect checked. Full account-lifecycle atomicity remains open."
admin/backend/user-toggle.php,application-source,3585,109,16c62fce726b201c460bcbad3947bd29625f2c5d8fa7515c7c6dc2fb17d056b3,Changed sections manually reviewed; syntax/static checks; targeted verification only,"F05: Cookie headers, source/CGI checks, and both PHP HTTP suites. F25: Self-disable/demotion rejected; authenticated delete and canonical redirect checked. Full account-lifecycle atomicity remains open."
admin/backend/workflow.php,application-source,25897,733,f8907687cc16232ed3bef663f38864b08aaa10c6e09af4308721614ed82937ce,Changed sections manually reviewed; syntax/static checks; targeted verification only,F18: Teacher cannot dismiss Finance notification/complete Finance task; intended recipient can; unrelated roles denied change feed.
admin/components/notification_bell.php,application-source,17887,513,000b2c149b6c20eb09f95a36072c664feb4fdea5edf8d7c85bf6ac81f8c56e0c,inventoried; automated checks where applicable,No individual manual sign-off; see audit limitations.
admin/config.php,application-source,907,26,18a2f3600c2a748308954dd520dc9ab2da5e71d3b75973f0e7d5925a2def0aa6,inventoried; automated checks where applicable,No individual manual sign-off; see audit limitations.
admin/css/id_card.css,application-source,14450,179,49a096e1f0237b2e541799b7aa54095d012ade3e25f29eb30dc16ba6878f3965,inventoried; automated checks where applicable,No individual manual sign-off; see audit limitations.
admin/css/id_card_designer.css,application-source,2605,23,d6b25813c14d3a92057f6a6c2b8c56e19344f58115e4fe4e2a1ca587b8154d2f,inventoried; automated checks where applicable,No individual manual sign-off; see audit limitations.
admin/css/mobile.css,application-source,18944,690,af308daa1053c4bb4529e382f74b5bca7205118968b5ffeba1af893cc8bca46f,inventoried; automated checks where applicable,No individual manual sign-off; see audit limitations.
admin/css/report_card.css,application-source,10329,188,4d529801772b36e8e20435fbd6ac1253e5431922af35e5fecc12d0fe2b1d57e1,inventoried; automated checks where applicable,No individual manual sign-off; see audit limitations.
admin/css/super_admin.css,application-source,12489,166,acf0bb1c972a480b21b81eaa5bb3825ae3d1bdfed47fb288eab703799b139234,inventoried; automated checks where applicable,No individual manual sign-off; see audit limitations.
admin/dashboard.php,application-source,16099,531,9441ec49028b4339e9f6c7afaa52d98dd79349951315be44a5e12287381ddb3d,Changed sections manually reviewed; syntax/static checks; targeted verification only,F21: Switch/restore across nine supported roles; actual restore buttons on HR and migrated Mezmur pages.
admin/dashboards/ai_assistant.php,application-source,33345,567,66003e2fef3fcbc18ddb00e6547e50773b0b304a44173ce5c39b4779695b09bb,inventoried; automated checks where applicable,No individual manual sign-off; see audit limitations.
admin/dashboards/ai_chatbot_widget.php,application-source,18988,296,a0cf4dd929bb54c3533fd988c08b83332042896c1ac2701dac7350a9cfd5d8bd,inventoried; automated checks where applicable,No individual manual sign-off; see audit limitations.
admin/dashboards/attendance_taker.php,application-source,38127,667,4456ffdd1df3b1c77d40fdb26a6ac65773614dadd439d08fc151eed052008fd6,Changed sections manually reviewed; syntax/static checks; targeted verification only,"F06: Synthetic </script> name survives as data; focused browser attribute-injection probe; broad role rendering. Legacy templates have changed-section, not complete manual, coverage."
admin/dashboards/content_editor.php,application-source,16055,295,b38a88d835489851dbf570c8ca822ad594ee5b7d5fe0953f9a98dc88630acff2,Changed sections manually reviewed; syntax/static checks; targeted verification only,F24: Content tabs/logout browser checks; no document overflow at 390px in final sweep.
admin/dashboards/dept_taker.php,application-source,4215,91,20aa61037c605b9405df51fed6e3935e7eb7aa67f69ec5f6fed3bf0221b2acb2,inventoried; automated checks where applicable,No individual manual sign-off; see audit limitations.
admin/dashboards/edu_dept.php,application-source,195616,2138,2b943705d49d78cdd13afb4da28485040234e02a30889207b5e3694bafc1d216,Changed sections manually reviewed; syntax/static checks; targeted verification only,"F06: Synthetic </script> name survives as data; focused browser attribute-injection probe; broad role rendering. Legacy templates have changed-section, not complete manual, coverage."
admin/dashboards/education_department.php,application-source,700,21,32dbadef563e52fcba33ddabbc232e2aa3df406a05b8467e9b0b51ae4ff22e6a,inventoried; automated checks where applicable,No individual manual sign-off; see audit limitations.
admin/dashboards/finance_department.php,application-source,39156,246,8722e6256389c0522532048536f3c428af7eec3b1b41a22684b6b00b30033b43,Legacy template: escaping changed-section review + lint; migrated Finance page used in browser sweeps,"F06: Synthetic </script> name survives as data; focused browser attribute-injection probe; broad role rendering. Legacy templates have changed-section, not complete manual, coverage."
admin/dashboards/groups.php,application-source,39587,684,1f2a40947546e496e55eac89261f61181ded9a4b47c85e43d30c7643caf3d29a,inventoried; automated checks where applicable,No individual manual sign-off; see audit limitations.
admin/dashboards/hr-dept.php,application-source,237354,4311,9c6273bad7845a06dc6f8946aed3fb3f11ac02ec373fef14826899589047a555,inventoried; automated checks where applicable,No individual manual sign-off; see audit limitations.
admin/dashboards/info-dept.php,application-source,278289,4714,8cd7b33e00c0516f93b547dc2cb193319793021cacd57a258582ea8cecf53347,inventoried; automated checks where applicable,No individual manual sign-off; see audit limitations.
admin/dashboards/material_department.php,application-source,35897,237,5965ac05c007174d8549c983ca71435c312d1cbbd40861c93de07fbc10ff19ad,Changed sections manually reviewed; syntax/static checks; targeted verification only,"F06: Synthetic </script> name survives as data; focused browser attribute-injection probe; broad role rendering. Legacy templates have changed-section, not complete manual, coverage."
admin/dashboards/school_admin.php,application-source,149883,1319,ae5e602e97475f94f09f917ef3c0af4bdd001e5d0e0d33b99ae810177a89da1e,Changed sections manually reviewed; syntax/static checks; targeted verification only,"F06: Synthetic </script> name survives as data; focused browser attribute-injection probe; broad role rendering. Legacy templates have changed-section, not complete manual, coverage."
admin/dashboards/sections/identity_codes_section.php,application-source,29489,463,e0d831a222393985849aea55972eedfb8eff40c911be8c07eebd7493ee3e16bb,inventoried; automated checks where applicable,No individual manual sign-off; see audit limitations.
admin/dashboards/super-admin.php,application-source,127318,1724,03bc818195ccef0548bb23891ea8cf3fdfca77fe98d57d9789471fa94b06c228,inventoried; automated checks where applicable,No individual manual sign-off; see audit limitations.
admin/dashboards/teacher.php,application-source,80367,1274,a374ac2f88d7c43edf83147f8323ff87b91e13847839626bedcc3ef2807a7ce3,Changed sections manually reviewed; syntax/static checks; targeted verification only,F23: No-assignment teacher navigation has no null-element exception.
admin/export_class_report.php,application-source,1322,46,5589194b054ece30027e9597ba4a863605c42be76e63b517485ed7773b1fe035,inventoried; automated checks where applicable,No individual manual sign-off; see audit limitations.
admin/export_pdf.php,application-source,5546,158,f06fbe96f3e3265a488cf3f27d7ba944daefa6ec5a53e246faa5e3cf85388883,inventoried; automated checks where applicable,No individual manual sign-off; see audit limitations.
admin/get_schema.php,application-source,508,15,d16d063822d063201829b4aa3aee579e100cf6c16a491bbc2631213a0959d5e8,inventoried; automated checks where applicable,No individual manual sign-off; see audit limitations.
admin/groups.php,application-source,60424,444,368e1b3b7df0b4a5586cb9dd98ae182b96d225f6cdde7b5570bcebdd94bc234c,inventoried; automated checks where applicable,No individual manual sign-off; see audit limitations.
admin/id_cards/assets/backgrounds/id_card_bg.jpg,asset/configuration,237204,,bd6ca3b33e304be61ba5b6a1de6a707b9a95f307f974291aecb6c601506bd437,inventoried; automated checks where applicable,No individual manual sign-off; see audit limitations.
admin/id_cards/assets/logos/school_logo.png,asset/configuration,375397,,5f700db6e000e42a74a59a1200b3dd3313788c4430122626075aca382e8cba34,inventoried; automated checks where applicable,No individual manual sign-off; see audit limitations.
admin/id_cards/generate_id_card.php,application-source,5869,168,ff742472da2bf86dfeb1ffd94468bb3182546ddfd4430d0bc80b6611c0727742,inventoried; automated checks where applicable,No individual manual sign-off; see audit limitations.
admin/id_cards/id_card_template_layout.php,application-source,8918,122,04661b99b098fbd6795ff2aafa13b6dfe9ed193631f33904ffc39c11f80a4671,inventoried; automated checks where applicable,No individual manual sign-off; see audit limitations.
admin/id_cards/libs/eth_date_helper.php,application-source,2225,61,dd8e489f7cb8c52fb9283b7acbbc6d8f66d81dd8f8d38cd55341cbb76d41a5fc,inventoried; automated checks where applicable,No individual manual sign-off; see audit limitations.
admin/id_cards/libs/phpqrcode/CHANGELOG,third-party/bundled,1223,38,d65d1224f7069c256e1b1a61f0080f6dc4eb86612c645cc3a6a19e287bb4abcb,inventoried; automated checks where applicable,No individual manual sign-off; see audit limitations.
admin/id_cards/libs/phpqrcode/INSTALL,third-party/bundled,1975,67,914dac56b8674237ba113e5f7431008f3d57c978b8aa935e13642bebc286db4a,inventoried; automated checks where applicable,No individual manual sign-off; see audit limitations.
admin/id_cards/libs/phpqrcode/LICENSE,third-party/bundled,7650,165,f3834b4a6b6e7c112207c84a11e87d4255bee0310b90338b5aaccd849fab1afb,inventoried; automated checks where applicable,No individual manual sign-off; see audit limitations.
admin/id_cards/libs/phpqrcode/README,third-party/bundled,1590,45,2f1b062a37715611447f6d6432ae992f2a06a10a63bb4c009b0ec8dddaa9937e,inventoried; automated checks where applicable,No individual manual sign-off; see audit limitations.
admin/id_cards/libs/phpqrcode/VERSION,third-party/bundled,16,2,fdf90f98bdc9a4496602fadba2dd3531d5d142b8506983cf0a75b2343260b20d,inventoried; automated checks where applicable,No individual manual sign-off; see audit limitations.
admin/id_cards/libs/phpqrcode/bindings/tcpdf/qrcode.php,third-party/bundled,82952,2875,74a281421414fccbfe77a1228afae7324c0f057140000cbf95ccefe18b9e9c82,inventoried; automated checks where applicable,No individual manual sign-off; see audit limitations.
admin/id_cards/libs/phpqrcode/cache/frame_1.dat,third-party/bundled,97,,8c8981db67e5e74988766e69974bb054780eb2bc3e019272c187d2472a61ab00,inventoried; automated checks where applicable,No individual manual sign-off; see audit limitations.
admin/id_cards/libs/phpqrcode/cache/frame_1.png,third-party/bundled,126,,d0b2344c8092575bb90969bab22345137cd88d90710e564f77c3b109cea282c9,inventoried; automated checks where applicable,No individual manual sign-off; see audit limitations.
admin/id_cards/libs/phpqrcode/cache/frame_10.dat,third-party/bundled,204,,88d66fd8ff84c3c04e8c4455036033af7a4b2714eac32057dbd6f48fac89eb23,inventoried; automated checks where applicable,No individual manual sign-off; see audit limitations.
admin/id_cards/libs/phpqrcode/cache/frame_10.png,third-party/bundled,202,,b229daa0c0799fe8235023ef7d0a4fe76adb8c3d0151a6904b741c18185d0b21,inventoried; automated checks where applicable,No individual manual sign-off; see audit limitations.
admin/id_cards/libs/phpqrcode/cache/frame_11.dat,third-party/bundled,210,,7643787daae76f7956a9f89f1385f529ce6468fb936da822cef027cfa19406c9,inventoried; automated checks where applicable,No individual manual sign-off; see audit limitations.
admin/id_cards/libs/phpqrcode/cache/frame_11.png,third-party/bundled,205,,88e65de3770fe495e1771c632d073dca16da33070c12123745be77281011e097,inventoried; automated checks where applicable,No individual manual sign-off; see audit limitations.
admin/id_cards/libs/phpqrcode/cache/frame_12.dat,third-party/bundled,222,,0df6d59e13aa6c14ef9d3002e3bbdce323ba83f6b361186f2e289273ef88a122,inventoried; automated checks where applicable,No individual manual sign-off; see audit limitations.
admin/id_cards/libs/phpqrcode/cache/frame_12.png,third-party/bundled,216,,e4fe84e6720f57fa39061b2a4c9946213e560d99d5ae2e0f7a20813e3f7f6437,inventoried; automated checks where applicable,No individual manual sign-off; see audit limitations.
admin/id_cards/libs/phpqrcode/cache/frame_13.dat,third-party/bundled,223,,a47ef1e94dd7c5a217bb3bb8943855a163b656eff6c386dcda391924bd346c2d,inventoried; automated checks where applicable,No individual manual sign-off; see audit limitations.
admin/id_cards/libs/phpqrcode/cache/frame_13.png,third-party/bundled,210,,fdc46cde95f8fb2cc37151b2a6e588df107346007533fec1cd81950ff01818f7,inventoried; automated checks where applicable,No individual manual sign-off; see audit limitations.
admin/id_cards/libs/phpqrcode/cache/frame_14.dat,third-party/bundled,227,,e04d6fd0bc336a3f5b5ac3e5c896005271b33c8a3c2aa1e815e985a9a5ba8fc7,inventoried; automated checks where applicable,No individual manual sign-off; see audit limitations.
admin/id_cards/libs/phpqrcode/cache/frame_14.png,third-party/bundled,213,,f18ddc8218e7cbeee6b9afe4ea75688aca924849b059a37526d8804ee0cc9961,inventoried; automated checks where applicable,No individual manual sign-off; see audit limitations.
admin/id_cards/libs/phpqrcode/cache/frame_15.dat,third-party/bundled,242,,f7348eb029ac5e16e7f0b9005f9bf00ca55577ca0deff1bb9bc112b53d2e8658,inventoried; automated checks where applicable,No individual manual sign-off; see audit limitations.
admin/id_cards/libs/phpqrcode/cache/frame_15.png,third-party/bundled,219,,6c8e079365594fd62fbe43a2fc6c4db3365909e3b422f1d99b9958f08ce2a398,inventoried; automated checks where applicable,No individual manual sign-off; see audit limitations.
admin/id_cards/libs/phpqrcode/cache/frame_16.dat,third-party/bundled,242,,8e9f135e5772b7253dab7402a0a06a04e0dc60deae6c8109cd52ce3f793c1c15,inventoried; automated checks where applicable,No individual manual sign-off; see audit limitations.
admin/id_cards/libs/phpqrcode/cache/frame_16.png,third-party/bundled,211,,9bac06f66a4527ea17a72a30ac143228b8b39a9c048de6a60408bf86c4086c61,inventoried; automated checks where applicable,No individual manual sign-off; see audit limitations.
admin/id_cards/libs/phpqrcode/cache/frame_17.dat,third-party/bundled,237,,f5535de7d1b86e8ca6918fc32d7f010521a0d716b6b15c1a763711216972b682,inventoried; automated checks where applicable,No individual manual sign-off; see audit limitations.
admin/id_cards/libs/phpqrcode/cache/frame_17.png,third-party/bundled,211,,4980219ccdd9641495d107c098c63149fe8072eaa5ec2f1792327d2d61cb635a,inventoried; automated checks where applicable,No individual manual sign-off; see audit limitations.
admin/id_cards/libs/phpqrcode/cache/frame_18.dat,third-party/bundled,251,,9b27d866df4f1f2eae35fec31c0e38d80611edc0cd7e19dce07902d5b79a05c3,inventoried; automated checks where applicable,No individual manual sign-off; see audit limitations.
admin/id_cards/libs/phpqrcode/cache/frame_18.png,third-party/bundled,228,,1d1b4e0e97378821f881187e7ec1aba9da4c83006795f7dc7d6a53149911d814,inventoried; automated checks where applicable,No individual manual sign-off; see audit limitations.
admin/id_cards/libs/phpqrcode/cache/frame_19.dat,third-party/bundled,259,,d3335c3308541d52a94b4ebb266a79292d13137d2b56c7e139019b9d5498ce94,inventoried; automated checks where applicable,No individual manual sign-off; see audit limitations.
admin/id_cards/libs/phpqrcode/cache/frame_19.png,third-party/bundled,225,,486b2a802fb0f2e335e6f37ae4e31ee2beca149794d273c35ef44f66f5b80dc1,inventoried; automated checks where applicable,No individual manual sign-off; see audit limitations.
admin/id_cards/libs/phpqrcode/cache/frame_2.dat,third-party/bundled,119,,0666f283c20720db3b6b4b04720d34fa029052ec9144c75d6635575582b53eae,inventoried; automated checks where applicable,No individual manual sign-off; see audit limitations.
admin/id_cards/libs/phpqrcode/cache/frame_2.png,third-party/bundled,144,,ad578cf2496a8aeea6b590ca49b335c95a1ac05d6e57d43bec7c17fc9da88241,inventoried; automated checks where applicable,No individual manual sign-off; see audit limitations.
admin/id_cards/libs/phpqrcode/cache/frame_20.dat,third-party/bundled,250,,b55fdc2513bbdd05cda9a957675c2faa0a4dc07f002f7fcbb31bf28108cc3ac3,inventoried; automated checks where applicable,No individual manual sign-off; see audit limitations.
admin/id_cards/libs/phpqrcode/cache/frame_20.png,third-party/bundled,225,,a123617e8a2c670ae8c30be8aae64e5b371cd0d5a6b5494e26d3a4194bd69685,inventoried; automated checks where applicable,No individual manual sign-off; see audit limitations.
admin/id_cards/libs/phpqrcode/cache/frame_21.dat,third-party/bundled,260,,72c06f006b1fbd619f67c06bcc22e6dd07614123ee38cb68f66970d9dc4663a9,inventoried; automated checks where applicable,No individual manual sign-off; see audit limitations.
admin/id_cards/libs/phpqrcode/cache/frame_21.png,third-party/bundled,235,,71729cb5acfeb14282b77e7d55bf36727bad920cbe6b170318ade7a24b41c436,inventoried; automated checks where applicable,No individual manual sign-off; see audit limitations.
admin/id_cards/libs/phpqrcode/cache/frame_22.dat,third-party/bundled,274,,6d26b45476ac4c4078ee8baeed3f179b893f744a0a7f19df69ce2506f45627b4,inventoried; automated checks where applicable,No individual manual sign-off; see audit limitations.
admin/id_cards/libs/phpqrcode/cache/frame_22.png,third-party/bundled,226,,71c9491fa3703561f00f8e2ce2dc6106ff0b9860d6be5c97590f4ff71bc25724,inventoried; automated checks where applicable,No individual manual sign-off; see audit limitations.
admin/id_cards/libs/phpqrcode/cache/frame_23.dat,third-party/bundled,264,,314e3714100f3b97e08d9bb40460faea41198d23e99a05dc7ac387b4261ae7ee,inventoried; automated checks where applicable,No individual manual sign-off; see audit limitations.
admin/id_cards/libs/phpqrcode/cache/frame_23.png,third-party/bundled,220,,bc272d7ea2f3320e2dd419687d9eb518f0fece1cbe798665a1c5e19ef6c872df,inventoried; automated checks where applicable,No individual manual sign-off; see audit limitations.
admin/id_cards/libs/phpqrcode/cache/frame_24.dat,third-party/bundled,287,,9f54be487b3d2ef6db164e5ea6423f00e48db8e0920322f3db4cd61524c62188,inventoried; automated checks where applicable,No individual manual sign-off; see audit limitations.
admin/id_cards/libs/phpqrcode/cache/frame_24.png,third-party/bundled,242,,c4de58a5b1f99b603c871c586e6a2861aac9cb02a3cd397173111eeb817333e1,inventoried; automated checks where applicable,No individual manual sign-off; see audit limitations.
admin/id_cards/libs/phpqrcode/cache/frame_25.dat,third-party/bundled,278,,bdd2e605755e67af99ad6a573aabb0c70047a54f84d733fa3d641254f6f0c363,inventoried; automated checks where applicable,No individual manual sign-off; see audit limitations.
admin/id_cards/libs/phpqrcode/cache/frame_25.png,third-party/bundled,242,,6702beb60132f89b6e4900b1cf7866cee048f0732ac8e93b71d05640a6288d6e,inventoried; automated checks where applicable,No individual manual sign-off; see audit limitations.
admin/id_cards/libs/phpqrcode/cache/frame_26.dat,third-party/bundled,296,,aa06110f1d7d00bd48b30a79d08c98469dc9be75c022e9cc92be81f7425b604a,inventoried; automated checks where applicable,No individual manual sign-off; see audit limitations.
admin/id_cards/libs/phpqrcode/cache/frame_26.png,third-party/bundled,244,,2870e7ca9e7cc5aa44ed5dc82e36f3ba0cef0fdfaaa75e2ae8afd25d704ad2c1,inventoried; automated checks where applicable,No individual manual sign-off; see audit limitations.
admin/id_cards/libs/phpqrcode/cache/frame_27.dat,third-party/bundled,284,,056566d1ba0c8a1ffbb6465ac75b27dd8ed4f0583bd05863c90b7244b0b75592,inventoried; automated checks where applicable,No individual manual sign-off; see audit limitations.
admin/id_cards/libs/phpqrcode/cache/frame_27.png,third-party/bundled,237,,f105df5d501caa4c2c66497d8afacd9ad5f3adca51c30d76fbe543e071faf39a,inventoried; automated checks where applicable,No individual manual sign-off; see audit limitations.
admin/id_cards/libs/phpqrcode/cache/frame_28.dat,third-party/bundled,318,,19c04c04f738c0939cbde616efb9332c26aab123d49adb3317e97547d805e363,inventoried; automated checks where applicable,No individual manual sign-off; see audit limitations.
admin/id_cards/libs/phpqrcode/cache/frame_28.png,third-party/bundled,234,,e162a7011430fb76b2edb0502e2fceaaa905e6d77075a068409f6f0ce9fb1da9,inventoried; automated checks where applicable,No individual manual sign-off; see audit limitations.
admin/id_cards/libs/phpqrcode/cache/frame_29.dat,third-party/bundled,309,,ae5387b47bcc0f088afbdd6109ed934bb3098abbd805247457be4e2f4cc07217,inventoried; automated checks where applicable,No individual manual sign-off; see audit limitations.
admin/id_cards/libs/phpqrcode/cache/frame_29.png,third-party/bundled,232,,a25feb77bbda70f0dc2aa3d9d240ef40f0b96a9865b4d353418220b0d6e7ff78,inventoried; automated checks where applicable,No individual manual sign-off; see audit limitations.
admin/id_cards/libs/phpqrcode/cache/frame_3.dat,third-party/bundled,124,,981b47986e884204ce7bec4125a2d3824cbeba3f4f622fca4f77a07b0957379c,inventoried; automated checks where applicable,No individual manual sign-off; see audit limitations.
admin/id_cards/libs/phpqrcode/cache/frame_3.png,third-party/bundled,147,,8e64edebe455d3a5fe7b78f8d99982028c1bea2911358c6ccb7083f414275ab0,inventoried; automated checks where applicable,No individual manual sign-off; see audit limitations.
admin/id_cards/libs/phpqrcode/cache/frame_30.dat,third-party/bundled,324,,dc8c28fd7b340c9c57e5ee0584c3a060b7c40582ef1d061b3520177f3cbe5083,inventoried; automated checks where applicable,No individual manual sign-off; see audit limitations.
admin/id_cards/libs/phpqrcode/cache/frame_30.png,third-party/bundled,255,,5634ffb5395af7888123021b289eb9cadc13da20e7166921b82c69b647a5ae2c,inventoried; automated checks where applicable,No individual manual sign-off; see audit limitations.
admin/id_cards/libs/phpqrcode/cache/frame_31.dat,third-party/bundled,328,,638a654e5212f4d8723b5441f3f29e09c97e62b878021aa88264799be11dc728,inventoried; automated checks where applicable,No individual manual sign-off; see audit limitations.
admin/id_cards/libs/phpqrcode/cache/frame_31.png,third-party/bundled,260,,55440df62f8617458a6a07eabafa93a17526f1a7617ebb32aec27551c4443092,inventoried; automated checks where applicable,No individual manual sign-off; see audit limitations.
admin/id_cards/libs/phpqrcode/cache/frame_32.dat,third-party/bundled,329,,175a6266e9114bed3cdcf40e1853b63866059f22c4c42c5ca57801af03394475,inventoried; automated checks where applicable,No individual manual sign-off; see audit limitations.
admin/id_cards/libs/phpqrcode/cache/frame_32.png,third-party/bundled,262,,2f801b435fd0b196e7e676627d28abca378b7893d771a35d88bceba3e683aca1,inventoried; automated checks where applicable,No individual manual sign-off; see audit limitations.
admin/id_cards/libs/phpqrcode/cache/frame_33.dat,third-party/bundled,343,,806e4f1da9fcf70de51425aff33154a810e707f04c3d8d0e1bb5fe3261c007e4,inventoried; automated checks where applicable,No individual manual sign-off; see audit limitations.
admin/id_cards/libs/phpqrcode/cache/frame_33.png,third-party/bundled,253,,a8046e9bdd083a964c313e5d1f20bcaf04483a536559d00eb10ee356233f7308,inventoried; automated checks where applicable,No individual manual sign-off; see audit limitations.
admin/id_cards/libs/phpqrcode/cache/frame_34.dat,third-party/bundled,331,,376eacb5c176933ffd1360ad7c4e2e631d243c4682728af87515574363d1be9b,inventoried; automated checks where applicable,No individual manual sign-off; see audit limitations.
admin/id_cards/libs/phpqrcode/cache/frame_34.png,third-party/bundled,256,,3e129d84199f5d9382fdd115a673061378338299c6691c4258133425435332ed,inventoried; automated checks where applicable,No individual manual sign-off; see audit limitations.
admin/id_cards/libs/phpqrcode/cache/frame_35.dat,third-party/bundled,342,,8ed0a8b7626f8a4e7e6a84eb77935e6138f087491175ee0929b4f8541676ab55,inventoried; automated checks where applicable,No individual manual sign-off; see audit limitations.
admin/id_cards/libs/phpqrcode/cache/frame_35.png,third-party/bundled,243,,31b42dc9b9ae00f07ee479e49cdccef5292562f9316be27f87e08bb91a8ef029,inventoried; automated checks where applicable,No individual manual sign-off; see audit limitations.
admin/id_cards/libs/phpqrcode/cache/frame_36.dat,third-party/bundled,370,,6861253753fcf22beb236d24105e73be2254b82f81dae8a122e0b377ad1922f6,inventoried; automated checks where applicable,No individual manual sign-off; see audit limitations.
admin/id_cards/libs/phpqrcode/cache/frame_36.png,third-party/bundled,272,,48061001cda00185758e3b4376b631f0f9f7b7ce8e210888c97d3f083bb6b10a,inventoried; automated checks where applicable,No individual manual sign-off; see audit limitations.
admin/id_cards/libs/phpqrcode/cache/frame_37.dat,third-party/bundled,376,,4666cfd8eb4a3b363215b3287c2565e326ecf8059a99e7d5d5e8ff2c6bd5eca0,inventoried; automated checks where applicable,No individual manual sign-off; see audit limitations.
admin/id_cards/libs/phpqrcode/cache/frame_37.png,third-party/bundled,279,,0583969b868607a1a8b47875219967956e18738a0c57f07eb9744c2819a7934f,inventoried; automated checks where applicable,No individual manual sign-off; see audit limitations.
admin/id_cards/libs/phpqrcode/cache/frame_38.dat,third-party/bundled,358,,3582fea8c00092c50c6eaa2ff4ce5e98e8b3b78233e37d075c7a4ec920447909,inventoried; automated checks where applicable,No individual manual sign-off; see audit limitations.
admin/id_cards/libs/phpqrcode/cache/frame_38.png,third-party/bundled,279,,916f0075179e353dbde86dc293113b8d09604e6443516d43dfffbdb203ab7ea8,inventoried; automated checks where applicable,No individual manual sign-off; see audit limitations.
admin/id_cards/libs/phpqrcode/cache/frame_39.dat,third-party/bundled,404,,6047118c7c9ca3a49a0cc39b80d52163884be0320e4031852014d756614b0ada,inventoried; automated checks where applicable,No individual manual sign-off; see audit limitations.
admin/id_cards/libs/phpqrcode/cache/frame_39.png,third-party/bundled,264,,5651d7b1d58b355f50c80a523f688adcdc4916098e4d7ef94aaf79e0131d110f,inventoried; automated checks where applicable,No individual manual sign-off; see audit limitations.
admin/id_cards/libs/phpqrcode/cache/frame_4.dat,third-party/bundled,129,,fd4367a1d8821d9a1075de8ed496b03eae66b61a4a22991c6d06db47c04834fe,inventoried; automated checks where applicable,No individual manual sign-off; see audit limitations.
admin/id_cards/libs/phpqrcode/cache/frame_4.png,third-party/bundled,149,,34b775ae89341641ee76c5b6d82882139b56076bdc28bd0d5178b46762e3e4a5,inventoried; automated checks where applicable,No individual manual sign-off; see audit limitations.
admin/id_cards/libs/phpqrcode/cache/frame_40.dat,third-party/bundled,406,,5f29d0d501bb5e5b3b9845c9e9a657242fcce734e64740939c2542ab326e7e99,inventoried; automated checks where applicable,No individual manual sign-off; see audit limitations.
admin/id_cards/libs/phpqrcode/cache/frame_40.png,third-party/bundled,267,,ac9177a39a8b75be07894e765877c4bcf512d8d06ebd5fe7291ff5838a0a433c,inventoried; automated checks where applicable,No individual manual sign-off; see audit limitations.
admin/id_cards/libs/phpqrcode/cache/frame_5.dat,third-party/bundled,131,,017d7ada96ae5071c624b89a9e72133e3c2aad1a570906e83054102a59fb228a,inventoried; automated checks where applicable,No individual manual sign-off; see audit limitations.
admin/id_cards/libs/phpqrcode/cache/frame_5.png,third-party/bundled,150,,00768a085805d3875892c1fcd3765125687f6d5000ba0dbbfe7456926cc24f10,inventoried; automated checks where applicable,No individual manual sign-off; see audit limitations.
admin/id_cards/libs/phpqrcode/cache/frame_6.dat,third-party/bundled,132,,690ab8b41a6c0028d4334b3353836d586c21e160668d28ecec44be9f4bddf38e,inventoried; automated checks where applicable,No individual manual sign-off; see audit limitations.
admin/id_cards/libs/phpqrcode/cache/frame_6.png,third-party/bundled,151,,8b42715fbdfa56ccf2b6ce9a05191ddb4c0175cda7a1ce4608b5a6414324153d,inventoried; automated checks where applicable,No individual manual sign-off; see audit limitations.
admin/id_cards/libs/phpqrcode/cache/frame_7.dat,third-party/bundled,196,,3e28951e3ab071cff65cc24be0099f5eb1c79f80519d70e04dc51961f30250e8,inventoried; automated checks where applicable,No individual manual sign-off; see audit limitations.
admin/id_cards/libs/phpqrcode/cache/frame_7.png,third-party/bundled,189,,6ad9393791ecc4330fa5dfa43b2269eed5edb4b518c5b40f3ae459d5e1ca94f3,inventoried; automated checks where applicable,No individual manual sign-off; see audit limitations.
admin/id_cards/libs/phpqrcode/cache/frame_8.dat,third-party/bundled,201,,d99ed897de04bde9d77f92599cba83e6e12e991fa6d857b3e96bea2d09d6d105,inventoried; automated checks where applicable,No individual manual sign-off; see audit limitations.
admin/id_cards/libs/phpqrcode/cache/frame_8.png,third-party/bundled,204,,50db552388526f547fce04069925c399e2b8777d205b0d254fcca8945f527f4b,inventoried; automated checks where applicable,No individual manual sign-off; see audit limitations.
admin/id_cards/libs/phpqrcode/cache/frame_9.dat,third-party/bundled,206,,703e7478eabf5eca2ca65f0434b385c3802b2a50269674a3dc61d282aa9703e2,inventoried; automated checks where applicable,No individual manual sign-off; see audit limitations.
admin/id_cards/libs/phpqrcode/cache/frame_9.png,third-party/bundled,199,,2dd76183a75ff31323c97fc588c07347c37a6594f7439277e76206ef83459879,inventoried; automated checks where applicable,No individual manual sign-off; see audit limitations.
admin/id_cards/libs/phpqrcode/cache/mask_0/mask_101_0.dat,third-party/bundled,157,,16c7f2da7b69085ecaf20041fc3f779218ade7f5e6a3f70f55c2832a671bfc25,inventoried; automated checks where applicable,No individual manual sign-off; see audit limitations.
admin/id_cards/libs/phpqrcode/cache/mask_0/mask_105_0.dat,third-party/bundled,162,,9aae3b015d0d36d1abcb728b68d69301192b52e4434e7abe9f45d42d2f4393fe,inventoried; automated checks where applicable,No individual manual sign-off; see audit limitations.
admin/id_cards/libs/phpqrcode/cache/mask_0/mask_109_0.dat,third-party/bundled,161,,42bc7b68b6c6b17b6f58db87bce8d625dd44480c7a6a9598be6786b0db3f8fea,inventoried; automated checks where applicable,No individual manual sign-off; see audit limitations.
admin/id_cards/libs/phpqrcode/cache/mask_0/mask_113_0.dat,third-party/bundled,171,,3b301d4b572e89abe91391ef1983e3f62be361f18e314cf47ddcc9ef6bef75b8,inventoried; automated checks where applicable,No individual manual sign-off; see audit limitations.
admin/id_cards/libs/phpqrcode/cache/mask_0/mask_117_0.dat,third-party/bundled,170,,6e3088a8b73b085bcdfdcce7a2a4dfdcafce142ec92a72c2a18605bf0f8a4b46,inventoried; automated checks where applicable,No individual manual sign-off; see audit limitations.
admin/id_cards/libs/phpqrcode/cache/mask_0/mask_121_0.dat,third-party/bundled,181,,041d4c2dbe3d7c76e386e7fd92a72c18514984c263542351cda4a8c23b996bfa,inventoried; automated checks where applicable,No individual manual sign-off; see audit limitations.
admin/id_cards/libs/phpqrcode/cache/mask_0/mask_125_0.dat,third-party/bundled,178,,cfed030996c82a8abb104c07397d6e1b7879d900e8977ed73ba247b7b89ff0bd,inventoried; automated checks where applicable,No individual manual sign-off; see audit limitations.
admin/id_cards/libs/phpqrcode/cache/mask_0/mask_129_0.dat,third-party/bundled,196,,83b0d48a05e9f1f4160ad0f5e9aba7a91cb322cae338ed63a17941a4a6a032dd,inventoried; automated checks where applicable,No individual manual sign-off; see audit limitations.
admin/id_cards/libs/phpqrcode/cache/mask_0/mask_133_0.dat,third-party/bundled,196,,95804f0b921ede3396a42cbd4966a9215d1eff6443d702044e4e47d0b8a307bd,inventoried; automated checks where applicable,No individual manual sign-off; see audit limitations.
admin/id_cards/libs/phpqrcode/cache/mask_0/mask_137_0.dat,third-party/bundled,206,,ab3ed24b8d1fe24cb1895e6a161c0b2d4b430e966ad0191f03d174b25a541df3,inventoried; automated checks where applicable,No individual manual sign-off; see audit limitations.
admin/id_cards/libs/phpqrcode/cache/mask_0/mask_141_0.dat,third-party/bundled,211,,474487d58620bdf13c10fba76e679936e408c1897cf270e8c4f8e3ae462fad2f,inventoried; automated checks where applicable,No individual manual sign-off; see audit limitations.
admin/id_cards/libs/phpqrcode/cache/mask_0/mask_145_0.dat,third-party/bundled,215,,aa5cefa1ae65184b3104f97285fb61dfce840816bef73f1111b349cd622c52d4,inventoried; automated checks where applicable,No individual manual sign-off; see audit limitations.
admin/id_cards/libs/phpqrcode/cache/mask_0/mask_149_0.dat,third-party/bundled,223,,1e47b4665593a782a55577f018aad7cfbc5cac19e277547890d10ce4f3a39afa,inventoried; automated checks where applicable,No individual manual sign-off; see audit limitations.
admin/id_cards/libs/phpqrcode/cache/mask_0/mask_153_0.dat,third-party/bundled,222,,b5cc44d4377c80fdafaac2f16f4b073ebe3e2b06a3c87e875c5f5d7c337336a2,inventoried; automated checks where applicable,No individual manual sign-off; see audit limitations.
admin/id_cards/libs/phpqrcode/cache/mask_0/mask_157_0.dat,third-party/bundled,227,,8b2aa514e271adcf911119965bcb605b19e31c7fd1e9d17a4b359680ef2d11b4,inventoried; automated checks where applicable,No individual manual sign-off; see audit limitations.
admin/id_cards/libs/phpqrcode/cache/mask_0/mask_161_0.dat,third-party/bundled,241,,a671f2f83dab2241c362c0d729379906b2f2a8ec893ecdacf8d986b90451bb7c,inventoried; automated checks where applicable,No individual manual sign-off; see audit limitations.
admin/id_cards/libs/phpqrcode/cache/mask_0/mask_165_0.dat,third-party/bundled,246,,91883997bd647016f7e781bfe6e7a8aa03f2db02874a568f3f1ef62e088d0c7a,inventoried; automated checks where applicable,No individual manual sign-off; see audit limitations.
admin/id_cards/libs/phpqrcode/cache/mask_0/mask_169_0.dat,third-party/bundled,245,,e007c9c5cf14f8c4c3dd86c1cff87cb5c48324511e2367f7b8f521b76d7e8e0c,inventoried; automated checks where applicable,No individual manual sign-off; see audit limitations.
admin/id_cards/libs/phpqrcode/cache/mask_0/mask_173_0.dat,third-party/bundled,261,,e6b18d8a9d04814df21c8b2e62bc8d0b84c014f1b81ecf7e89b807a83bdda346,inventoried; automated checks where applicable,No individual manual sign-off; see audit limitations.
admin/id_cards/libs/phpqrcode/cache/mask_0/mask_177_0.dat,third-party/bundled,264,,74443672ba5ecab90dba1c0f409347841fa4da9c425911dea7fcb7091fd72501,inventoried; automated checks where applicable,No individual manual sign-off; see audit limitations.
admin/id_cards/libs/phpqrcode/cache/mask_0/mask_21_0.dat,third-party/bundled,48,,76d38d01e6a2ee50c19f3763dce0d34877e0d040a2d1a185655bb6a4c07d620c,inventoried; automated checks where applicable,No individual manual sign-off; see audit limitations.
admin/id_cards/libs/phpqrcode/cache/mask_0/mask_25_0.dat,third-party/bundled,57,,7ff2e2f4a1cc94b145bc675b66bd0bc270e9a4513205c06704c0849546f0ea6f,inventoried; automated checks where applicable,No individual manual sign-off; see audit limitations.
admin/id_cards/libs/phpqrcode/cache/mask_0/mask_29_0.dat,third-party/bundled,59,,91f62b38f4b58726689374bd09afdff23d254a3aca69fb3b50fd298804e59cf1,inventoried; automated checks where applicable,No individual manual sign-off; see audit limitations.
admin/id_cards/libs/phpqrcode/cache/mask_0/mask_33_0.dat,third-party/bundled,62,,07d364521268a5832eb283a32bc82568e72d5c1afe774d574ca9cc3828e0ae85,inventoried; automated checks where applicable,No individual manual sign-off; see audit limitations.
admin/id_cards/libs/phpqrcode/cache/mask_0/mask_37_0.dat,third-party/bundled,65,,254193e416aff3daae231fddc79327277d2d1062450a766f4bd9f92b4122064b,inventoried; automated checks where applicable,No individual manual sign-off; see audit limitations.
admin/id_cards/libs/phpqrcode/cache/mask_0/mask_41_0.dat,third-party/bundled,68,,20c8dd719a41a570d341063c4da2a448fe75ba1fabbde82befb1eb7c746356c5,inventoried; automated checks where applicable,No individual manual sign-off; see audit limitations.
admin/id_cards/libs/phpqrcode/cache/mask_0/mask_45_0.dat,third-party/bundled,106,,49f17d79e9c44a6a423642dbb7d86c134c4eea20a49e8babe480ed7ae417fb7a,inventoried; automated checks where applicable,No individual manual sign-off; see audit limitations.
admin/id_cards/libs/phpqrcode/cache/mask_0/mask_49_0.dat,third-party/bundled,112,,2cb412327cdeeb4965122864069e4bf70c5d9dc3d0eb24b905b672bdccc80c36,inventoried; automated checks where applicable,No individual manual sign-off; see audit limitations.
admin/id_cards/libs/phpqrcode/cache/mask_0/mask_53_0.dat,third-party/bundled,113,,3363862623a5e134b66f58ae7ef5ffe0596db4796c220af08292b7e3f5ef4935,inventoried; automated checks where applicable,No individual manual sign-off; see audit limitations.
admin/id_cards/libs/phpqrcode/cache/mask_0/mask_57_0.dat,third-party/bundled,117,,ac4cb8fd229b07623bf70b18f345ac71e5253c02d09c076f3b7e3b39548d9161,inventoried; automated checks where applicable,No individual manual sign-off; see audit limitations.
admin/id_cards/libs/phpqrcode/cache/mask_0/mask_61_0.dat,third-party/bundled,119,,492742e8a8f7009a0c1cf1d00319c5b4b039e1216c6c885b9eae3039e43da661,inventoried; automated checks where applicable,No individual manual sign-off; see audit limitations.
admin/id_cards/libs/phpqrcode/cache/mask_0/mask_65_0.dat,third-party/bundled,123,,89db728417ba5250e16018a428cfaa094a8dd6333305b51c7f50ca5de2637d27,inventoried; automated checks where applicable,No individual manual sign-off; see audit limitations.
admin/id_cards/libs/phpqrcode/cache/mask_0/mask_69_0.dat,third-party/bundled,126,,bd9bac2535a318676485cacce821ec820a2ee852d69f16d8220e3674819d4b50,inventoried; automated checks where applicable,No individual manual sign-off; see audit limitations.
admin/id_cards/libs/phpqrcode/cache/mask_0/mask_73_0.dat,third-party/bundled,130,,bd05051c20ed240312f516c3294bf9f15a3f406e65110976fe7fc6bb3c8343ed,inventoried; automated checks where applicable,No individual manual sign-off; see audit limitations.
admin/id_cards/libs/phpqrcode/cache/mask_0/mask_77_0.dat,third-party/bundled,139,,7ee23ba06fe3ba74fea441ea262870f4c1336434a989d8e88794d741a3479afb,inventoried; automated checks where applicable,No individual manual sign-off; see audit limitations.
admin/id_cards/libs/phpqrcode/cache/mask_0/mask_81_0.dat,third-party/bundled,139,,a60f14f001ce490d219f6e493fdcadf5ca5e0e25f60351856c40a8a4cf78adad,inventoried; automated checks where applicable,No individual manual sign-off; see audit limitations.
admin/id_cards/libs/phpqrcode/cache/mask_0/mask_85_0.dat,third-party/bundled,136,,6b95c56804f3958af8ca2e0dd309eae4acf52cfef21d4c1535b6665a7455fa25,inventoried; automated checks where applicable,No individual manual sign-off; see audit limitations.
admin/id_cards/libs/phpqrcode/cache/mask_0/mask_89_0.dat,third-party/bundled,148,,81437d8bbaa1085cfad03a1673b6cbbd096d06ea2e6a1e6c1c10cfb3145ff2ca,inventoried; automated checks where applicable,No individual manual sign-off; see audit limitations.
admin/id_cards/libs/phpqrcode/cache/mask_0/mask_93_0.dat,third-party/bundled,153,,7dd118fda4443ff2b5e8c1280ec1d82f118e4571820644a697cedbeb3db95f3c,inventoried; automated checks where applicable,No individual manual sign-off; see audit limitations.
admin/id_cards/libs/phpqrcode/cache/mask_0/mask_97_0.dat,third-party/bundled,150,,4fc017055a07109ef3c7278fe74ff453c76b7b8ca448e912bde7fee1a42cef48,inventoried; automated checks where applicable,No individual manual sign-off; see audit limitations.
admin/id_cards/libs/phpqrcode/cache/mask_1/mask_101_1.dat,third-party/bundled,123,,c0a04d9ad876945b03ae487d9775a04855ff0b29285d06ba84080979979d8751,inventoried; automated checks where applicable,No individual manual sign-off; see audit limitations.
admin/id_cards/libs/phpqrcode/cache/mask_1/mask_105_1.dat,third-party/bundled,130,,df8168e5688e15b0a3132d002f21bf26707b9351d29693ce63006ed63fffc725,inventoried; automated checks where applicable,No individual manual sign-off; see audit limitations.
admin/id_cards/libs/phpqrcode/cache/mask_1/mask_109_1.dat,third-party/bundled,130,,ff73f49315071c4914c17f99b6cda67e3ca12723dfc88ad833ee9cfa54aec5cf,inventoried; automated checks where applicable,No individual manual sign-off; see audit limitations.
admin/id_cards/libs/phpqrcode/cache/mask_1/mask_113_1.dat,third-party/bundled,137,,d3127ce01942dcff6928e2b70c8ace051a0d81be71a3d85288918f45ca47506c,inventoried; automated checks where applicable,No individual manual sign-off; see audit limitations.
admin/id_cards/libs/phpqrcode/cache/mask_1/mask_117_1.dat,third-party/bundled,134,,fd63b99500c24001f786fdece4645770a646148d553da99b6f4170babc52b2ae,inventoried; automated checks where applicable,No individual manual sign-off; see audit limitations.
admin/id_cards/libs/phpqrcode/cache/mask_1/mask_121_1.dat,third-party/bundled,146,,6effc24ba853f9a7dce422d81d128f69a6c8dd1a0320c62419e01ca21a552633,inventoried; automated checks where applicable,No individual manual sign-off; see audit limitations.
admin/id_cards/libs/phpqrcode/cache/mask_1/mask_125_1.dat,third-party/bundled,144,,10289440d8aed0c102419d3c2b1159edf6be081165c3fb90be87ff892380d38a,inventoried; automated checks where applicable,No individual manual sign-off; see audit limitations.
admin/id_cards/libs/phpqrcode/cache/mask_1/mask_129_1.dat,third-party/bundled,164,,04c7059f630ae9090d0d1a12d6eb4eff32db81675e8c617b32ac6cda78457acc,inventoried; automated checks where applicable,No individual manual sign-off; see audit limitations.
admin/id_cards/libs/phpqrcode/cache/mask_1/mask_133_1.dat,third-party/bundled,164,,f95f3bb82fae0c47eb95a8773ff062dca06ac836fa0722100f1b88f33467ee76,inventoried; automated checks where applicable,No individual manual sign-off; see audit limitations.
admin/id_cards/libs/phpqrcode/cache/mask_1/mask_137_1.dat,third-party/bundled,173,,46a3c9094dfb95c3f8ca3b41cba8daa85fe11ac671b3e37979b513e2bcf7aee8,inventoried; automated checks where applicable,No individual manual sign-off; see audit limitations.
admin/id_cards/libs/phpqrcode/cache/mask_1/mask_141_1.dat,third-party/bundled,176,,c43fd9351aa0837e1de96ee302439e22435abda84c6e67924b3befba024bddc4,inventoried; automated checks where applicable,No individual manual sign-off; see audit limitations.
admin/id_cards/libs/phpqrcode/cache/mask_1/mask_145_1.dat,third-party/bundled,179,,398624de94b7028cd013354e4d17c9e78de32efe129fd30125d144e48820961e,inventoried; automated checks where applicable,No individual manual sign-off; see audit limitations.
admin/id_cards/libs/phpqrcode/cache/mask_1/mask_149_1.dat,third-party/bundled,186,,a6dbff05764ad52c5ba77a41e884c14a7815914a3345b7c87dd1c33e2b42380e,inventoried; automated checks where applicable,No individual manual sign-off; see audit limitations.
admin/id_cards/libs/phpqrcode/cache/mask_1/mask_153_1.dat,third-party/bundled,187,,e041d8680c2c7b790474be3e0e130d886e01f1a4d335a4bc50b746d58ef4afc0,inventoried; automated checks where applicable,No individual manual sign-off; see audit limitations.
admin/id_cards/libs/phpqrcode/cache/mask_1/mask_157_1.dat,third-party/bundled,193,,ea0420d12ffc9c6aafe46dffe9c0f283e3f05698439dccd7b7aa2ccd78cd749c,inventoried; automated checks where applicable,No individual manual sign-off; see audit limitations.
admin/id_cards/libs/phpqrcode/cache/mask_1/mask_161_1.dat,third-party/bundled,202,,e4034fa42a9b67c7f16d9f429ea366f3c70aa168e7c4f88073c278d174eff084,inventoried; automated checks where applicable,No individual manual sign-off; see audit limitations.
admin/id_cards/libs/phpqrcode/cache/mask_1/mask_165_1.dat,third-party/bundled,208,,74e0a9d22dfcffd1be759a13eb8a2fe05d34c659a754a16ac40de499a728c2c0,inventoried; automated checks where applicable,No individual manual sign-off; see audit limitations.
admin/id_cards/libs/phpqrcode/cache/mask_1/mask_169_1.dat,third-party/bundled,212,,2116708e2c599865a6e3150f060a2ddfe0531ecd8e9a2e06b9e61b0340a4c48c,inventoried; automated checks where applicable,No individual manual sign-off; see audit limitations.
admin/id_cards/libs/phpqrcode/cache/mask_1/mask_173_1.dat,third-party/bundled,218,,b0eade351b2449fa5e4d2be6d3db565e2cf3c06d179d4f5da00e7d224c1d91c0,inventoried; automated checks where applicable,No individual manual sign-off; see audit limitations.
admin/id_cards/libs/phpqrcode/cache/mask_1/mask_177_1.dat,third-party/bundled,226,,e971a64c0e2b63aa527af2623170263907b7646b8c38641d89480550c7de313a,inventoried; automated checks where applicable,No individual manual sign-off; see audit limitations.
admin/id_cards/libs/phpqrcode/cache/mask_1/mask_21_1.dat,third-party/bundled,42,,0fd2ba868a6e663f6afd96d66aeb553e05721e25b1a5997a9a0d368a700906b8,inventoried; automated checks where applicable,No individual manual sign-off; see audit limitations.
admin/id_cards/libs/phpqrcode/cache/mask_1/mask_25_1.dat,third-party/bundled,48,,9d36de013b5348aa4738d4cd5217b9207fb16baf8d07e3a14bb258428af09589,inventoried; automated checks where applicable,No individual manual sign-off; see audit limitations.
admin/id_cards/libs/phpqrcode/cache/mask_1/mask_29_1.dat,third-party/bundled,50,,3495aa94ec22eb4dada7d816ed49719ee5317cc4b1461955d7bb6c37018abf0e,inventoried; automated checks where applicable,No individual manual sign-off; see audit limitations.
admin/id_cards/libs/phpqrcode/cache/mask_1/mask_33_1.dat,third-party/bundled,53,,c244b049eefcec77345acea027c5de198af774fdb1f673ce7bbd771d617d4485,inventoried; automated checks where applicable,No individual manual sign-off; see audit limitations.
admin/id_cards/libs/phpqrcode/cache/mask_1/mask_37_1.dat,third-party/bundled,56,,dfc610ee5631c7079a64f614c6f8db63d80b631b9c235e00c06a90f045777258,inventoried; automated checks where applicable,No individual manual sign-off; see audit limitations.
admin/id_cards/libs/phpqrcode/cache/mask_1/mask_41_1.dat,third-party/bundled,58,,9c72107be4723be46aa8edb8ae7149e6d15b3a2361105de90f72a8b633a0a84d,inventoried; automated checks where applicable,No individual manual sign-off; see audit limitations.
admin/id_cards/libs/phpqrcode/cache/mask_1/mask_45_1.dat,third-party/bundled,82,,d42ec36ece664b25fc10794e9c334bddc85ed8e552791dca822b4c63dd8f33f1,inventoried; automated checks where applicable,No individual manual sign-off; see audit limitations.
admin/id_cards/libs/phpqrcode/cache/mask_1/mask_49_1.dat,third-party/bundled,84,,7ed919eb541f3ef843a6efc2bb59680ff4762e49b064fa6f4070321cd4c031fa,inventoried; automated checks where applicable,No individual manual sign-off; see audit limitations.
admin/id_cards/libs/phpqrcode/cache/mask_1/mask_53_1.dat,third-party/bundled,87,,15198c1f6fc5c451ee29802548d7a134dc1b295da4dfbebd197655d64ade9443,inventoried; automated checks where applicable,No individual manual sign-off; see audit limitations.
admin/id_cards/libs/phpqrcode/cache/mask_1/mask_57_1.dat,third-party/bundled,92,,37d65065e261ede4b0a5fdd02801e6dfbdfc8ed800edb3d5f7a1f44eeff0d752,inventoried; automated checks where applicable,No individual manual sign-off; see audit limitations.
admin/id_cards/libs/phpqrcode/cache/mask_1/mask_61_1.dat,third-party/bundled,93,,757c6bf419e423d7ad37ca253b8119a5b627e35050b2f05314342d6f43b76ad0,inventoried; automated checks where applicable,No individual manual sign-off; see audit limitations.
admin/id_cards/libs/phpqrcode/cache/mask_1/mask_65_1.dat,third-party/bundled,99,,5a228f6058b0a4ad1a51cf11aa0719ff914de695166f2716fe14346c67921bc8,inventoried; automated checks where applicable,No individual manual sign-off; see audit limitations.
admin/id_cards/libs/phpqrcode/cache/mask_1/mask_69_1.dat,third-party/bundled,102,,24491cd93631f9fd2a01d52055920261c41e70217d37b26879700686c42336e1,inventoried; automated checks where applicable,No individual manual sign-off; see audit limitations.
admin/id_cards/libs/phpqrcode/cache/mask_1/mask_73_1.dat,third-party/bundled,104,,fc6417a4aaf841944a36e4baa1575bc265fe035b0d98eb3250d98453b1155eca,inventoried; automated checks where applicable,No individual manual sign-off; see audit limitations.
admin/id_cards/libs/phpqrcode/cache/mask_1/mask_77_1.dat,third-party/bundled,110,,19948ef74891a872e9d129b1c80e4feb886d741eddce37c6f9f3496f95ccb151,inventoried; automated checks where applicable,No individual manual sign-off; see audit limitations.
admin/id_cards/libs/phpqrcode/cache/mask_1/mask_81_1.dat,third-party/bundled,114,,d51db0b712b9f733c6fefc7d6903ed8f64727a8164d27118f3e8c2b6418d1e9b,inventoried; automated checks where applicable,No individual manual sign-off; see audit limitations.
admin/id_cards/libs/phpqrcode/cache/mask_1/mask_85_1.dat,third-party/bundled,114,,3797047572a98748cebff5746f5b223b7abf9d4aa9ba65b28b584b933454b108,inventoried; automated checks where applicable,No individual manual sign-off; see audit limitations.
admin/id_cards/libs/phpqrcode/cache/mask_1/mask_89_1.dat,third-party/bundled,121,,7e8583709697054f99c0cd38fae2a44f25b66656888ff67ed6ba74dab7757d63,inventoried; automated checks where applicable,No individual manual sign-off; see audit limitations.
admin/id_cards/libs/phpqrcode/cache/mask_1/mask_93_1.dat,third-party/bundled,125,,7566d1f2dcce009e59e1df7c82455e6685bbd1449dcb3a5dcb8c73a89fc7ba65,inventoried; automated checks where applicable,No individual manual sign-off; see audit limitations.
admin/id_cards/libs/phpqrcode/cache/mask_1/mask_97_1.dat,third-party/bundled,120,,d9f562d52ac4f941868f5eeca7ee83b314207ec3fc05481b52753477951739f6,inventoried; automated checks where applicable,No individual manual sign-off; see audit limitations.
admin/id_cards/libs/phpqrcode/cache/mask_2/mask_101_2.dat,third-party/bundled,116,,4c5ba41affabdedfb35e630a64c4a71b7ed90c2a4826af979159f2d86ca371cf,inventoried; automated checks where applicable,No individual manual sign-off; see audit limitations.
admin/id_cards/libs/phpqrcode/cache/mask_2/mask_105_2.dat,third-party/bundled,119,,1950746ff85ec10cc1be065e2173117d12bf7c6627561a0e0d24a43372372193,inventoried; automated checks where applicable,No individual manual sign-off; see audit limitations.
admin/id_cards/libs/phpqrcode/cache/mask_2/mask_109_2.dat,third-party/bundled,116,,746e8dc3a1948cd0a8c3ef48f40a987c03e744fb75a2b120c90142e9b6c663cb,inventoried; automated checks where applicable,No individual manual sign-off; see audit limitations.
admin/id_cards/libs/phpqrcode/cache/mask_2/mask_113_2.dat,third-party/bundled,125,,e8982f757e7838d63da9e697e40270c5a112ebbe79337479be7b7f59745139b4,inventoried; automated checks where applicable,No individual manual sign-off; see audit limitations.
admin/id_cards/libs/phpqrcode/cache/mask_2/mask_117_2.dat,third-party/bundled,125,,8fddb9d833e0a5e22fbe250c2c78e69ef9155873ec3cedb850f130bb5cc5225e,inventoried; automated checks where applicable,No individual manual sign-off; see audit limitations.
admin/id_cards/libs/phpqrcode/cache/mask_2/mask_121_2.dat,third-party/bundled,127,,c0f2b7f782c8a4ee0e4d869633de55a8729ed24fbe4eacfc88dc07d8c1bc3176,inventoried; automated checks where applicable,No individual manual sign-off; see audit limitations.
admin/id_cards/libs/phpqrcode/cache/mask_2/mask_125_2.dat,third-party/bundled,130,,8ad68daf8cba59b55ca0056696d5caccf8bdaef38b309f4ef87fd5ace204ad31,inventoried; automated checks where applicable,No individual manual sign-off; see audit limitations.
admin/id_cards/libs/phpqrcode/cache/mask_2/mask_129_2.dat,third-party/bundled,145,,070568c56a5cb9fb07c68918b6657913859efc15198b7572b2eed9bb3ba10f18,inventoried; automated checks where applicable,No individual manual sign-off; see audit limitations.
admin/id_cards/libs/phpqrcode/cache/mask_2/mask_133_2.dat,third-party/bundled,150,,ee08bfcdabb95d0857d4564cdae520c054117ac6ba33100b65e8c449495c4a03,inventoried; automated checks where applicable,No individual manual sign-off; see audit limitations.
admin/id_cards/libs/phpqrcode/cache/mask_2/mask_137_2.dat,third-party/bundled,158,,6219789127a653d66802dc61e4f45891cf938ffa2ebff3c536290e9b39622ec8,inventoried; automated checks where applicable,No individual manual sign-off; see audit limitations.
admin/id_cards/libs/phpqrcode/cache/mask_2/mask_141_2.dat,third-party/bundled,160,,15dbeb383fb42b06fefaa179d1cf94b576ae02dde5247271424d3fd3a307fe55,inventoried; automated checks where applicable,No individual manual sign-off; see audit limitations.
admin/id_cards/libs/phpqrcode/cache/mask_2/mask_145_2.dat,third-party/bundled,165,,14cef9072908f1cb548fba9a0928402a72f3cf04b47d36516a638ddf563b1a98,inventoried; automated checks where applicable,No individual manual sign-off; see audit limitations.
admin/id_cards/libs/phpqrcode/cache/mask_2/mask_149_2.dat,third-party/bundled,174,,ad3f4461380e101412cf35a87846297a8d515f23d97763d0d334fd740a0029c6,inventoried; automated checks where applicable,No individual manual sign-off; see audit limitations.
admin/id_cards/libs/phpqrcode/cache/mask_2/mask_153_2.dat,third-party/bundled,177,,03c38f8184a9dc0d24b2bb44f34e526cceff7fe7efbe23824f121477a8fd9315,inventoried; automated checks where applicable,No individual manual sign-off; see audit limitations.
admin/id_cards/libs/phpqrcode/cache/mask_2/mask_157_2.dat,third-party/bundled,178,,cc80b37d04b3afaf26c8b749aaf7ce0b913a30892a8ed969a09c0b92d0f619d5,inventoried; automated checks where applicable,No individual manual sign-off; see audit limitations.
admin/id_cards/libs/phpqrcode/cache/mask_2/mask_161_2.dat,third-party/bundled,190,,90d787c85e181fde593207ed1798feff8f589a907bf890f41e465d691f352795,inventoried; automated checks where applicable,No individual manual sign-off; see audit limitations.
admin/id_cards/libs/phpqrcode/cache/mask_2/mask_165_2.dat,third-party/bundled,197,,ee0d8ba9dafac3217d1f200c76788962a10bf5a569ce8c2d541273e746b8aab1,inventoried; automated checks where applicable,No individual manual sign-off; see audit limitations.
admin/id_cards/libs/phpqrcode/cache/mask_2/mask_169_2.dat,third-party/bundled,196,,645f0f9abd300f9895ade6776b3f05426c11420029da8f3678a2cdb58d6b8739,inventoried; automated checks where applicable,No individual manual sign-off; see audit limitations.
admin/id_cards/libs/phpqrcode/cache/mask_2/mask_173_2.dat,third-party/bundled,207,,ff43a903f9f2d42ee0711418725452c312966450dfa432ff8b7c360914386438,inventoried; automated checks where applicable,No individual manual sign-off; see audit limitations.
admin/id_cards/libs/phpqrcode/cache/mask_2/mask_177_2.dat,third-party/bundled,209,,69ed8753043120c774d466e8ab4da7324146b90ffe9297abb5913bb1ebf9fc29,inventoried; automated checks where applicable,No individual manual sign-off; see audit limitations.
admin/id_cards/libs/phpqrcode/cache/mask_2/mask_21_2.dat,third-party/bundled,35,,613368b13dd93d2934d6aa4df14e6d5fe4119eb0c9de5110c351aacdfe6565eb,inventoried; automated checks where applicable,No individual manual sign-off; see audit limitations.
admin/id_cards/libs/phpqrcode/cache/mask_2/mask_25_2.dat,third-party/bundled,41,,c4ff9f9036434b0b0453f6373dc4824d49b0b31ad8494602bd3a55850c07ae71,inventoried; automated checks where applicable,No individual manual sign-off; see audit limitations.
admin/id_cards/libs/phpqrcode/cache/mask_2/mask_29_2.dat,third-party/bundled,45,,5acdc9c77ab1cdb3af42845971f8307277114201e5dacf156b566b6ca692e6b7,inventoried; automated checks where applicable,No individual manual sign-off; see audit limitations.
admin/id_cards/libs/phpqrcode/cache/mask_2/mask_33_2.dat,third-party/bundled,47,,46aed8d6b0f8e52aba70140cf4aa5a440948df96dd7334b669dde898612e5e35,inventoried; automated checks where applicable,No individual manual sign-off; see audit limitations.
admin/id_cards/libs/phpqrcode/cache/mask_2/mask_37_2.dat,third-party/bundled,47,,d3d96a8a025aed173e7bba44af4ff4d837c040fd3a187debdbce4a7f64a852a3,inventoried; automated checks where applicable,No individual manual sign-off; see audit limitations.
admin/id_cards/libs/phpqrcode/cache/mask_2/mask_41_2.dat,third-party/bundled,51,,02be9a914994b679a6ce31291ee5e45151df3a053dbdc725347b23a4e8afc9ed,inventoried; automated checks where applicable,No individual manual sign-off; see audit limitations.
admin/id_cards/libs/phpqrcode/cache/mask_2/mask_45_2.dat,third-party/bundled,68,,8b5b6af4622033102c71f9b27de042f602c9e6eb96b14d1121a59dff44bba66b,inventoried; automated checks where applicable,No individual manual sign-off; see audit limitations.
admin/id_cards/libs/phpqrcode/cache/mask_2/mask_49_2.dat,third-party/bundled,70,,1caccfb9515244219f40a87e6ef9f5c60f7875ee405cb223a4336443af736197,inventoried; automated checks where applicable,No individual manual sign-off; see audit limitations.
admin/id_cards/libs/phpqrcode/cache/mask_2/mask_53_2.dat,third-party/bundled,73,,1caaa44c150dd5861e6a55e03f4a0b586ae946b285f6a5e71626d654f6fe209a,inventoried; automated checks where applicable,No individual manual sign-off; see audit limitations.
admin/id_cards/libs/phpqrcode/cache/mask_2/mask_57_2.dat,third-party/bundled,76,,67538e50cb2b7ff374f93c0e7510477dde3ebb598d396a119fc706296357cc3f,inventoried; automated checks where applicable,No individual manual sign-off; see audit limitations.
admin/id_cards/libs/phpqrcode/cache/mask_2/mask_61_2.dat,third-party/bundled,78,,ce99d61436532d64df3c187af23ddcaf742f5c68c1441338e2917061aadcc7b8,inventoried; automated checks where applicable,No individual manual sign-off; see audit limitations.
admin/id_cards/libs/phpqrcode/cache/mask_2/mask_65_2.dat,third-party/bundled,89,,a1ab64745aec353791864e6b55d7dd3e1b05b86d672c4da7e4dbd5db587f872f,inventoried; automated checks where applicable,No individual manual sign-off; see audit limitations.
admin/id_cards/libs/phpqrcode/cache/mask_2/mask_69_2.dat,third-party/bundled,88,,37c465f1ef0266dde8d08ef90f599d02228ea1b6db77d3312b5584126f9ad4ee,inventoried; automated checks where applicable,No individual manual sign-off; see audit limitations.
admin/id_cards/libs/phpqrcode/cache/mask_2/mask_73_2.dat,third-party/bundled,94,,087ecb2dfdea86596f4a891c7c2d5fe9f30cb575743002de3c5575a563eeff33,inventoried; automated checks where applicable,No individual manual sign-off; see audit limitations.
admin/id_cards/libs/phpqrcode/cache/mask_2/mask_77_2.dat,third-party/bundled,98,,c72279af85f460fd55919a52668b21f414dcc48d85d66ccf03859b61b67dd2c9,inventoried; automated checks where applicable,No individual manual sign-off; see audit limitations.
admin/id_cards/libs/phpqrcode/cache/mask_2/mask_81_2.dat,third-party/bundled,100,,6d053cf8f4245d82a58e0a503a1269909eefd72fea97c9b3b21f19ff5cc8636c,inventoried; automated checks where applicable,No individual manual sign-off; see audit limitations.
admin/id_cards/libs/phpqrcode/cache/mask_2/mask_85_2.dat,third-party/bundled,101,,b5731b8af6c0d0d95685fc7f44b6211747e47fe192af3b740d2a1615dc8830f5,inventoried; automated checks where applicable,No individual manual sign-off; see audit limitations.
admin/id_cards/libs/phpqrcode/cache/mask_2/mask_89_2.dat,third-party/bundled,102,,6e515f42da4fba4577c733faa439efa6028cc3f5393b04c7125637dca4397188,inventoried; automated checks where applicable,No individual manual sign-off; see audit limitations.
admin/id_cards/libs/phpqrcode/cache/mask_2/mask_93_2.dat,third-party/bundled,103,,d6643ba35e3e7050724daf9fe2a12bb4600c6b77796d1a2e03b5e62b2b7a4f68,inventoried; automated checks where applicable,No individual manual sign-off; see audit limitations.
admin/id_cards/libs/phpqrcode/cache/mask_2/mask_97_2.dat,third-party/bundled,111,,7ff1e398250e777ab387025c92f07138a538d5cd76966abe098d0ebfc1d0ccc2,inventoried; automated checks where applicable,No individual manual sign-off; see audit limitations.
admin/id_cards/libs/phpqrcode/cache/mask_3/mask_101_3.dat,third-party/bundled,184,,72da15a58b76c3044987209574182b7bbe58182c747dadebf62089201ab4b125,inventoried; automated checks where applicable,No individual manual sign-off; see audit limitations.
admin/id_cards/libs/phpqrcode/cache/mask_3/mask_105_3.dat,third-party/bundled,179,,79f6647dbdcce8aee691c3553d395fb60ae8b71dd5fda0d628d1271155f131ed,inventoried; automated checks where applicable,No individual manual sign-off; see audit limitations.
admin/id_cards/libs/phpqrcode/cache/mask_3/mask_109_3.dat,third-party/bundled,182,,05476b3de1fe2b8f35499bdb2e58a1636db80186cb92ce54ea924da5fbf9c271,inventoried; automated checks where applicable,No individual manual sign-off; see audit limitations.
admin/id_cards/libs/phpqrcode/cache/mask_3/mask_113_3.dat,third-party/bundled,200,,f4825f26cdaf88e56b3da402b8828ffe2f1a4df784578655a83a96f48d6eb0ef,inventoried; automated checks where applicable,No individual manual sign-off; see audit limitations.
admin/id_cards/libs/phpqrcode/cache/mask_3/mask_117_3.dat,third-party/bundled,199,,bc390fd2ac1fc34b9697fa229bdc7b020fecb61c30e110b108dc8959335eceee,inventoried; automated checks where applicable,No individual manual sign-off; see audit limitations.
admin/id_cards/libs/phpqrcode/cache/mask_3/mask_121_3.dat,third-party/bundled,212,,bcdd042aaa32e13378b85b06175f7dcaba3b004e06ecf7887d39c2c5d55b8380,inventoried; automated checks where applicable,No individual manual sign-off; see audit limitations.
admin/id_cards/libs/phpqrcode/cache/mask_3/mask_125_3.dat,third-party/bundled,207,,69369ec3ef667dbd1a642c963d45b6a9c634a59274a81de26e71825f578284ba,inventoried; automated checks where applicable,No individual manual sign-off; see audit limitations.
admin/id_cards/libs/phpqrcode/cache/mask_3/mask_129_3.dat,third-party/bundled,206,,0380fec1740d0917e66e0149a846ad17f3728bd9a2dc347b9979ff8efe0d8405,inventoried; automated checks where applicable,No individual manual sign-off; see audit limitations.
admin/id_cards/libs/phpqrcode/cache/mask_3/mask_133_3.dat,third-party/bundled,216,,aa09b43d2419e8370510b3e2d2c087908cc6d531ed4f59c58c2d04453412355b,inventoried; automated checks where applicable,No individual manual sign-off; see audit limitations.
admin/id_cards/libs/phpqrcode/cache/mask_3/mask_137_3.dat,third-party/bundled,239,,8032e4067d241710c65ea76ff5bca7d121554a02e86dae71f91a82fdb29fc90a,inventoried; automated checks where applicable,No individual manual sign-off; see audit limitations.
admin/id_cards/libs/phpqrcode/cache/mask_3/mask_141_3.dat,third-party/bundled,238,,6b7900b92c86a1ce9ff8d85ec3c1750660f149f49e1a1c211ae9b3004368f0c0,inventoried; automated checks where applicable,No individual manual sign-off; see audit limitations.
admin/id_cards/libs/phpqrcode/cache/mask_3/mask_145_3.dat,third-party/bundled,245,,6ece3a26e4a9cd37f2250eeea3c7dd9d4a0480782b85e8bd2c001eb573432f7f,inventoried; automated checks where applicable,No individual manual sign-off; see audit limitations.
admin/id_cards/libs/phpqrcode/cache/mask_3/mask_149_3.dat,third-party/bundled,250,,456279bb27eb4d6f0257373eae433cbae9f69363ffe264b2f693a30c4bb101bd,inventoried; automated checks where applicable,No individual manual sign-off; see audit limitations.
admin/id_cards/libs/phpqrcode/cache/mask_3/mask_153_3.dat,third-party/bundled,251,,016ce1652f9d36d81d283694c755189fe5cef68dd51186fc23ebe2a69c9e483e,inventoried; automated checks where applicable,No individual manual sign-off; see audit limitations.
admin/id_cards/libs/phpqrcode/cache/mask_3/mask_157_3.dat,third-party/bundled,248,,b5e103268e50b0e4ef2b7326ada804f5fdaa45354465e4d4783f0c3bba6b9bbc,inventoried; automated checks where applicable,No individual manual sign-off; see audit limitations.
admin/id_cards/libs/phpqrcode/cache/mask_3/mask_161_3.dat,third-party/bundled,277,,88c14e984f8b04a71707bf63bb13e5f68c4e6e6df00f9d30b38f27c40aaf233c,inventoried; automated checks where applicable,No individual manual sign-off; see audit limitations.
admin/id_cards/libs/phpqrcode/cache/mask_3/mask_165_3.dat,third-party/bundled,277,,288cc5f6824331d5f8e995c6ebc3df9e7ac9d64f9d3a3811bd832173eeb44b11,inventoried; automated checks where applicable,No individual manual sign-off; see audit limitations.
admin/id_cards/libs/phpqrcode/cache/mask_3/mask_169_3.dat,third-party/bundled,286,,350671a92a10488cf1b0b641e720f209369f81a3f4e7f6ae65b7b117fbc47df5,inventoried; automated checks where applicable,No individual manual sign-off; see audit limitations.
admin/id_cards/libs/phpqrcode/cache/mask_3/mask_173_3.dat,third-party/bundled,307,,fa2ca8f02bca83430f61d97bac6f6343751b7715bf310204c24ad002158a7390,inventoried; automated checks where applicable,No individual manual sign-off; see audit limitations.
admin/id_cards/libs/phpqrcode/cache/mask_3/mask_177_3.dat,third-party/bundled,312,,359890c5ed9f23771cb01971e7eeb98f91116deab6472cd6d335cdaff79ba1c1,inventoried; automated checks where applicable,No individual manual sign-off; see audit limitations.
admin/id_cards/libs/phpqrcode/cache/mask_3/mask_21_3.dat,third-party/bundled,60,,56248bc62eed1bf1361a8e45766ce6689ce0ef2607b6153ee86fbf7616eded6f,inventoried; automated checks where applicable,No individual manual sign-off; see audit limitations.
admin/id_cards/libs/phpqrcode/cache/mask_3/mask_25_3.dat,third-party/bundled,75,,6e3c20a3072633786308ebd7bce7ca891134460e06a935386e56a06469c6e193,inventoried; automated checks where applicable,No individual manual sign-off; see audit limitations.
admin/id_cards/libs/phpqrcode/cache/mask_3/mask_29_3.dat,third-party/bundled,75,,15b304f7a22c62cee35df03a977ed3ad23d4908bc580832ff6355e1a161d739e,inventoried; automated checks where applicable,No individual manual sign-off; see audit limitations.
admin/id_cards/libs/phpqrcode/cache/mask_3/mask_33_3.dat,third-party/bundled,79,,6defca65833d0f054ac8bfec23407e81010ba53572b14a8448bb02a2e1cfab0e,inventoried; automated checks where applicable,No individual manual sign-off; see audit limitations.
admin/id_cards/libs/phpqrcode/cache/mask_3/mask_37_3.dat,third-party/bundled,83,,3ccb39862fab54806a3a560e46e4c577967e8e9501d1f54ffce7f16fcff849fa,inventoried; automated checks where applicable,No individual manual sign-off; see audit limitations.
admin/id_cards/libs/phpqrcode/cache/mask_3/mask_41_3.dat,third-party/bundled,85,,ec07f7428773d3103ddc01275e75368abd35ea97a5a919686ed67154aab7aff1,inventoried; automated checks where applicable,No individual manual sign-off; see audit limitations.
admin/id_cards/libs/phpqrcode/cache/mask_3/mask_45_3.dat,third-party/bundled,119,,5abb7de6bcaa590c325fe1e192d699aede043ea09c8178acf9ef5f5bc6c81783,inventoried; automated checks where applicable,No individual manual sign-off; see audit limitations.
admin/id_cards/libs/phpqrcode/cache/mask_3/mask_49_3.dat,third-party/bundled,127,,6b76517e0b5f93a4e443ca905366c00c52f249ecf9087d1f08f3fe62202de259,inventoried; automated checks where applicable,No individual manual sign-off; see audit limitations.
admin/id_cards/libs/phpqrcode/cache/mask_3/mask_53_3.dat,third-party/bundled,128,,6cf2d99cc8ba085f9079ffd2b8516d457fbd8e1186ddfda665a12ff7cc66aebf,inventoried; automated checks where applicable,No individual manual sign-off; see audit limitations.
admin/id_cards/libs/phpqrcode/cache/mask_3/mask_57_3.dat,third-party/bundled,126,,8bf9ee0bd728f0e602362441a60c6addab40d9fad452fb0f22e46665c3a25e75,inventoried; automated checks where applicable,No individual manual sign-off; see audit limitations.
admin/id_cards/libs/phpqrcode/cache/mask_3/mask_61_3.dat,third-party/bundled,134,,4b1f88ea1dbc9fd395e2c6589c010260462be84eff1b6854cf624942bb7bd689,inventoried; automated checks where applicable,No individual manual sign-off; see audit limitations.
admin/id_cards/libs/phpqrcode/cache/mask_3/mask_65_3.dat,third-party/bundled,135,,3268c1d5fce6109b93f4fd236214c587599936d4359c62f9899e1981e8dbe0ca,inventoried; automated checks where applicable,No individual manual sign-off; see audit limitations.
admin/id_cards/libs/phpqrcode/cache/mask_3/mask_69_3.dat,third-party/bundled,137,,1835ba4184a1ac77399cd3a0571e37565a3fa57b5df0448861aa88b09bf2dfee,inventoried; automated checks where applicable,No individual manual sign-off; see audit limitations.
admin/id_cards/libs/phpqrcode/cache/mask_3/mask_73_3.dat,third-party/bundled,153,,329458bb01f224ab79af991e38659ff85970c169797975b526a62063bc9c8682,inventoried; automated checks where applicable,No individual manual sign-off; see audit limitations.
admin/id_cards/libs/phpqrcode/cache/mask_3/mask_77_3.dat,third-party/bundled,157,,17b75ea43f668f6257884f8ac3b44415bd805cede983dd38079f0cef6bbb8964,inventoried; automated checks where applicable,No individual manual sign-off; see audit limitations.
admin/id_cards/libs/phpqrcode/cache/mask_3/mask_81_3.dat,third-party/bundled,146,,e79ea65bbeb6a4e073d0cf62c8e475864fcc210d31f225371f86d11e5514a4a6,inventoried; automated checks where applicable,No individual manual sign-off; see audit limitations.
admin/id_cards/libs/phpqrcode/cache/mask_3/mask_85_3.dat,third-party/bundled,160,,5d9353cf3f46d56e130f2717cdde858e40132cbd7b6eee68dac7b13fd7f7b4d2,inventoried; automated checks where applicable,No individual manual sign-off; see audit limitations.
admin/id_cards/libs/phpqrcode/cache/mask_3/mask_89_3.dat,third-party/bundled,165,,df6bae34dc163e84f314edca81145ad3bc9f8e67fb83fdc89c393ab337be9d0c,inventoried; automated checks where applicable,No individual manual sign-off; see audit limitations.
admin/id_cards/libs/phpqrcode/cache/mask_3/mask_93_3.dat,third-party/bundled,167,,9673dad430f347cae5d636f00ab6fbec6bc72e2a22f240bf2661d937826149e5,inventoried; automated checks where applicable,No individual manual sign-off; see audit limitations.
admin/id_cards/libs/phpqrcode/cache/mask_3/mask_97_3.dat,third-party/bundled,175,,4d98a6939bbd19230a9a661f9289410a4ed4f9614473eb9ebcffd4d1be43bd0d,inventoried; automated checks where applicable,No individual manual sign-off; see audit limitations.
admin/id_cards/libs/phpqrcode/cache/mask_4/mask_101_4.dat,third-party/bundled,190,,de525790994edbdcbf853d2a8ca2a8e945a7c8d1e4ec91d2f7a6d845d02f6bd8,inventoried; automated checks where applicable,No individual manual sign-off; see audit limitations.
admin/id_cards/libs/phpqrcode/cache/mask_4/mask_105_4.dat,third-party/bundled,184,,f01dbc4aa0e9f87c186758384f98d81e321c0033c6683e2328516f493a562f10,inventoried; automated checks where applicable,No individual manual sign-off; see audit limitations.
admin/id_cards/libs/phpqrcode/cache/mask_4/mask_109_4.dat,third-party/bundled,182,,a5b0b369cfa1987d79d236b46892cbc1e4edda620e20da1a2a553233535fd44b,inventoried; automated checks where applicable,No individual manual sign-off; see audit limitations.
admin/id_cards/libs/phpqrcode/cache/mask_4/mask_113_4.dat,third-party/bundled,202,,e2d36676c8b48af06108b02fa8bbd0ae86654f51f09fa8cd5ce5d654d8c03897,inventoried; automated checks where applicable,No individual manual sign-off; see audit limitations.
admin/id_cards/libs/phpqrcode/cache/mask_4/mask_117_4.dat,third-party/bundled,207,,19dfa4d81ad05f66fcbe200649c3d7b0a9cbf407c475833b5b450673621ef6bb,inventoried; automated checks where applicable,No individual manual sign-off; see audit limitations.
admin/id_cards/libs/phpqrcode/cache/mask_4/mask_121_4.dat,third-party/bundled,208,,8c540704500ffdf5615ca8ee88ff67a16834c024a48b7e0693377453851e3d9f,inventoried; automated checks where applicable,No individual manual sign-off; see audit limitations.
admin/id_cards/libs/phpqrcode/cache/mask_4/mask_125_4.dat,third-party/bundled,213,,c4cbdaf3fabf4f374183898f6af865c7a7b64514dea26213ffa636cbc4fcc785,inventoried; automated checks where applicable,No individual manual sign-off; see audit limitations.
admin/id_cards/libs/phpqrcode/cache/mask_4/mask_129_4.dat,third-party/bundled,220,,89f3a7fcb5548610e66f8f364733cd64bef1989104ee523a2e48f2550239fe16,inventoried; automated checks where applicable,No individual manual sign-off; see audit limitations.
admin/id_cards/libs/phpqrcode/cache/mask_4/mask_133_4.dat,third-party/bundled,220,,4c6efb32c59ce66c323c5efe1dd5bec7397eff7a21200e00d3d9269c81892781,inventoried; automated checks where applicable,No individual manual sign-off; see audit limitations.
admin/id_cards/libs/phpqrcode/cache/mask_4/mask_137_4.dat,third-party/bundled,248,,851824ccdc07a110078aa6058f21d2ab28c146b5dcaf03157e153e84c9914be2,inventoried; automated checks where applicable,No individual manual sign-off; see audit limitations.
admin/id_cards/libs/phpqrcode/cache/mask_4/mask_141_4.dat,third-party/bundled,254,,94bac531a898eab6d089d41e294499984d39200b8b003e92392811ec7eb0a313,inventoried; automated checks where applicable,No individual manual sign-off; see audit limitations.
admin/id_cards/libs/phpqrcode/cache/mask_4/mask_145_4.dat,third-party/bundled,255,,b9396c7a9f11376cefcabfa58eda730521fa1997dc0eabe69144c393430dc29d,inventoried; automated checks where applicable,No individual manual sign-off; see audit limitations.
admin/id_cards/libs/phpqrcode/cache/mask_4/mask_149_4.dat,third-party/bundled,259,,42f378194daa0f6db33b50f76f3601117c7bf88010e8d4d7cc21c117a8060db9,inventoried; automated checks where applicable,No individual manual sign-off; see audit limitations.
admin/id_cards/libs/phpqrcode/cache/mask_4/mask_153_4.dat,third-party/bundled,262,,c3619a9ec6cd4c8d14d81ea020e82ac0a8d0d8247a135ec9d5d020a01b43ee48,inventoried; automated checks where applicable,No individual manual sign-off; see audit limitations.
admin/id_cards/libs/phpqrcode/cache/mask_4/mask_157_4.dat,third-party/bundled,255,,0d2af6b59546c2c2d898adfd6930edd698d7f6ce620aa82ab22e2b1673b49cbb,inventoried; automated checks where applicable,No individual manual sign-off; see audit limitations.
admin/id_cards/libs/phpqrcode/cache/mask_4/mask_161_4.dat,third-party/bundled,292,,11418c26bd42957731dc4ac8c5e485c7e84a882862ee8e032cc35ea4207de400,inventoried; automated checks where applicable,No individual manual sign-off; see audit limitations.
admin/id_cards/libs/phpqrcode/cache/mask_4/mask_165_4.dat,third-party/bundled,292,,6d905ed1ed676635cf47de4977986d65b3cd532212fc8e560e2ee90baf10ec8a,inventoried; automated checks where applicable,No individual manual sign-off; see audit limitations.
admin/id_cards/libs/phpqrcode/cache/mask_4/mask_169_4.dat,third-party/bundled,297,,35f97a54634c0b786fdab0ecbeca866f7f0e368326f904d7461d236d29120059,inventoried; automated checks where applicable,No individual manual sign-off; see audit limitations.
admin/id_cards/libs/phpqrcode/cache/mask_4/mask_173_4.dat,third-party/bundled,299,,702d47a6be12d8076377e329a80e43557b9488656cb88960f97f755735b68807,inventoried; automated checks where applicable,No individual manual sign-off; see audit limitations.
admin/id_cards/libs/phpqrcode/cache/mask_4/mask_177_4.dat,third-party/bundled,300,,f538f4e1b160d62620f95bc9b92cb3cb58f954bf934ca07df72dfadd344ff33a,inventoried; automated checks where applicable,No individual manual sign-off; see audit limitations.
admin/id_cards/libs/phpqrcode/cache/mask_4/mask_21_4.dat,third-party/bundled,57,,17bd1bb030db8c2ba4d1d1838500cfe9c18f36bd756c93659d73dc93cea026be,inventoried; automated checks where applicable,No individual manual sign-off; see audit limitations.
admin/id_cards/libs/phpqrcode/cache/mask_4/mask_25_4.dat,third-party/bundled,76,,5f84190b2a56bff8222e1c264d5f0cd71e130005b98923754d2945b5e2e36efb,inventoried; automated checks where applicable,No individual manual sign-off; see audit limitations.
admin/id_cards/libs/phpqrcode/cache/mask_4/mask_29_4.dat,third-party/bundled,78,,d12d79a49ede74929e953d3236f775d833e508bf0f23b55baed6444ddaf4e588,inventoried; automated checks where applicable,No individual manual sign-off; see audit limitations.
admin/id_cards/libs/phpqrcode/cache/mask_4/mask_33_4.dat,third-party/bundled,89,,c567ad815ba1fcc5e0a918efe311acd9dd22ceabebe4b997259066f839e7e43e,inventoried; automated checks where applicable,No individual manual sign-off; see audit limitations.
admin/id_cards/libs/phpqrcode/cache/mask_4/mask_37_4.dat,third-party/bundled,86,,ee248dd9bfb681698ecc67f4a0b78493b3e3f7da51e682159349d2ba8de95cc1,inventoried; automated checks where applicable,No individual manual sign-off; see audit limitations.
admin/id_cards/libs/phpqrcode/cache/mask_4/mask_41_4.dat,third-party/bundled,89,,64e1b098c7a03c6a027542969ee79537d3359eb2179c44751a49b546f2f34b88,inventoried; automated checks where applicable,No individual manual sign-off; see audit limitations.
admin/id_cards/libs/phpqrcode/cache/mask_4/mask_45_4.dat,third-party/bundled,120,,449d3eb7778b6aacf9d96ca65faf1050beafe3ed93bde3a2a65c050f081910dd,inventoried; automated checks where applicable,No individual manual sign-off; see audit limitations.
admin/id_cards/libs/phpqrcode/cache/mask_4/mask_49_4.dat,third-party/bundled,124,,9d10a2a16236f195876c453be9e558345fb8903abdb961024060d17b7b6abb3a,inventoried; automated checks where applicable,No individual manual sign-off; see audit limitations.
admin/id_cards/libs/phpqrcode/cache/mask_4/mask_53_4.dat,third-party/bundled,128,,8881e9291743360bccc522f9a856e594fce915518fe83e2cce075640f0a7cd12,inventoried; automated checks where applicable,No individual manual sign-off; see audit limitations.
admin/id_cards/libs/phpqrcode/cache/mask_4/mask_57_4.dat,third-party/bundled,130,,9be721ae843db086da3d216d22e8938472d5e585f86a3f02b2925430f6bb4ff4,inventoried; automated checks where applicable,No individual manual sign-off; see audit limitations.
admin/id_cards/libs/phpqrcode/cache/mask_4/mask_61_4.dat,third-party/bundled,132,,6cac819392af135ba28fd2278869e11e365f9b82b9fcacf643ae10285704e342,inventoried; automated checks where applicable,No individual manual sign-off; see audit limitations.
admin/id_cards/libs/phpqrcode/cache/mask_4/mask_65_4.dat,third-party/bundled,140,,ad99347fde2be6b5d2ba223be25b2f833684b876c7fc1ed454cb3b48338908ea,inventoried; automated checks where applicable,No individual manual sign-off; see audit limitations.
admin/id_cards/libs/phpqrcode/cache/mask_4/mask_69_4.dat,third-party/bundled,142,,442878a4043f4cf20b502fc3dc123459b02c9bb44d37130a4a43ca907efb32f6,inventoried; automated checks where applicable,No individual manual sign-off; see audit limitations.
admin/id_cards/libs/phpqrcode/cache/mask_4/mask_73_4.dat,third-party/bundled,149,,a4d498607c8eebf7937258830e9c462af7f4d63572296f06a0b6b09971693587,inventoried; automated checks where applicable,No individual manual sign-off; see audit limitations.
admin/id_cards/libs/phpqrcode/cache/mask_4/mask_77_4.dat,third-party/bundled,162,,8d4c23d7772d853dba92271263d2fbda219eeed04ee3e0ef9c6e1892059bd5e4,inventoried; automated checks where applicable,No individual manual sign-off; see audit limitations.
admin/id_cards/libs/phpqrcode/cache/mask_4/mask_81_4.dat,third-party/bundled,153,,508b88e2719422b5f0b8bb8b6c118e4b465d4d0e3312a61fe2f71dd564062454,inventoried; automated checks where applicable,No individual manual sign-off; see audit limitations.
admin/id_cards/libs/phpqrcode/cache/mask_4/mask_85_4.dat,third-party/bundled,154,,b2bbb550f283062f1384454212d9cb7b270650d6809c672fc329064598128969,inventoried; automated checks where applicable,No individual manual sign-off; see audit limitations.
admin/id_cards/libs/phpqrcode/cache/mask_4/mask_89_4.dat,third-party/bundled,164,,ccd4a47b9f72ce0666b37357c5d99df6ec190ed9e895da1fbae8a887258e56ce,inventoried; automated checks where applicable,No individual manual sign-off; see audit limitations.
admin/id_cards/libs/phpqrcode/cache/mask_4/mask_93_4.dat,third-party/bundled,168,,7a3029f35f9278a928f44cbd8791a86e1db4cd83a4beb815105bd26f6bbc4124,inventoried; automated checks where applicable,No individual manual sign-off; see audit limitations.
admin/id_cards/libs/phpqrcode/cache/mask_4/mask_97_4.dat,third-party/bundled,176,,48b4c8b8d6630b8b8ec4a05f89d1f3895a1fbd74d71ff06d2faba646d77695c8,inventoried; automated checks where applicable,No individual manual sign-off; see audit limitations.
admin/id_cards/libs/phpqrcode/cache/mask_5/mask_101_5.dat,third-party/bundled,224,,d101fc76e17fd95556b3be378116cda46e4dc57324ce77226034c8515c946f3d,inventoried; automated checks where applicable,No individual manual sign-off; see audit limitations.
admin/id_cards/libs/phpqrcode/cache/mask_5/mask_105_5.dat,third-party/bundled,224,,3e2d9131535ba36f5ac68993dd673b0853287ce281af03f79be979003d2fa4d3,inventoried; automated checks where applicable,No individual manual sign-off; see audit limitations.
admin/id_cards/libs/phpqrcode/cache/mask_5/mask_109_5.dat,third-party/bundled,211,,77995c96410dbe3939142f3de4cb5dca5c8041e701653461b8f7491b022e449f,inventoried; automated checks where applicable,No individual manual sign-off; see audit limitations.
admin/id_cards/libs/phpqrcode/cache/mask_5/mask_113_5.dat,third-party/bundled,245,,3445fe2d72450d79d5b7a2499961295164a90d90512b43e442d8e4cada61b313,inventoried; automated checks where applicable,No individual manual sign-off; see audit limitations.
admin/id_cards/libs/phpqrcode/cache/mask_5/mask_117_5.dat,third-party/bundled,243,,a9b0b911ba4f17660ea81073e3ff912fb9616385e104b03005f142c7fdfd111c,inventoried; automated checks where applicable,No individual manual sign-off; see audit limitations.
admin/id_cards/libs/phpqrcode/cache/mask_5/mask_121_5.dat,third-party/bundled,256,,aeca8d0ae7f47964089308a38e836aea14507ede168e59dac1d55a7c7072704b,inventoried; automated checks where applicable,No individual manual sign-off; see audit limitations.
admin/id_cards/libs/phpqrcode/cache/mask_5/mask_125_5.dat,third-party/bundled,257,,84af7ce09dc0fa1952d33c5f4b9b9a470bd5ea54bf5db851db0b07308cae0a2e,inventoried; automated checks where applicable,No individual manual sign-off; see audit limitations.
admin/id_cards/libs/phpqrcode/cache/mask_5/mask_129_5.dat,third-party/bundled,259,,20216899b071c75d6a79c5422ef1efd89a09e79147cea56c9f14c42cbff4ffe7,inventoried; automated checks where applicable,No individual manual sign-off; see audit limitations.
admin/id_cards/libs/phpqrcode/cache/mask_5/mask_133_5.dat,third-party/bundled,251,,39b0ba40de8d8b799074357ae7ea25c1302295aba8531e2cbf1ab714750b0e3d,inventoried; automated checks where applicable,No individual manual sign-off; see audit limitations.
admin/id_cards/libs/phpqrcode/cache/mask_5/mask_137_5.dat,third-party/bundled,292,,49c7d8f0c128956a02e44c7a429f7fe44f3dd9d7b8e419fce2feb1b51ef3d03e,inventoried; automated checks where applicable,No individual manual sign-off; see audit limitations.
admin/id_cards/libs/phpqrcode/cache/mask_5/mask_141_5.dat,third-party/bundled,297,,5087858f3df17babbf1ecb37bdc64c03844cd5dbe63db08e891dbd6b3dc636c9,inventoried; automated checks where applicable,No individual manual sign-off; see audit limitations.
admin/id_cards/libs/phpqrcode/cache/mask_5/mask_145_5.dat,third-party/bundled,300,,31e00f5386cdcbab35ad1e934f7f8e97717c934ec69625905932f6c8a76741f1,inventoried; automated checks where applicable,No individual manual sign-off; see audit limitations.
admin/id_cards/libs/phpqrcode/cache/mask_5/mask_149_5.dat,third-party/bundled,306,,41708e5e2370075c4b0e7496bab8eefbdc0f2385ae68d4aa8210ec249941f85f,inventoried; automated checks where applicable,No individual manual sign-off; see audit limitations.
admin/id_cards/libs/phpqrcode/cache/mask_5/mask_153_5.dat,third-party/bundled,307,,8e6b1a9e48b1077eecc6a70e1d602fb2c8f70fd6b957f5db9af1795461f0d857,inventoried; automated checks where applicable,No individual manual sign-off; see audit limitations.
admin/id_cards/libs/phpqrcode/cache/mask_5/mask_157_5.dat,third-party/bundled,280,,4cf5d83b905e6aad3d6c10d22ff45c588ec68fdc34901c55dbd8e2cbf41a4e3e,inventoried; automated checks where applicable,No individual manual sign-off; see audit limitations.
admin/id_cards/libs/phpqrcode/cache/mask_5/mask_161_5.dat,third-party/bundled,328,,f09ef325b529cda1598b70a0e01c1416f11d8bbf9f5bbeab1ab2567fd0c66390,inventoried; automated checks where applicable,No individual manual sign-off; see audit limitations.
admin/id_cards/libs/phpqrcode/cache/mask_5/mask_165_5.dat,third-party/bundled,332,,1b07cfee917a3c28204d0c44a455f4a280ca62b4580c0b45cda830d12b227772,inventoried; automated checks where applicable,No individual manual sign-off; see audit limitations.
admin/id_cards/libs/phpqrcode/cache/mask_5/mask_169_5.dat,third-party/bundled,336,,17ad94b4bc35b189402534b53aa662067da4f19903aca0ff17e67aa513179e91,inventoried; automated checks where applicable,No individual manual sign-off; see audit limitations.
admin/id_cards/libs/phpqrcode/cache/mask_5/mask_173_5.dat,third-party/bundled,362,,800b67335dbdf53dd72a1afb8624bfc5489a32de6ed8b7f7b2947a6842aa2cca,inventoried; automated checks where applicable,No individual manual sign-off; see audit limitations.
admin/id_cards/libs/phpqrcode/cache/mask_5/mask_177_5.dat,third-party/bundled,369,,f20ec90f3ec14131a6e4cb9dd658719475655510dfa71b15155b0505b6a5b6d8,inventoried; automated checks where applicable,No individual manual sign-off; see audit limitations.
admin/id_cards/libs/phpqrcode/cache/mask_5/mask_21_5.dat,third-party/bundled,74,,980da971a0c51c990594c5bde8046aaf7b127df4bf99bb3e2596f93cae8d904a,inventoried; automated checks where applicable,No individual manual sign-off; see audit limitations.
admin/id_cards/libs/phpqrcode/cache/mask_5/mask_25_5.dat,third-party/bundled,94,,ebbd002748646dd14693f8d531451ead4ac552bac7fc969580af697b5d544935,inventoried; automated checks where applicable,No individual manual sign-off; see audit limitations.
admin/id_cards/libs/phpqrcode/cache/mask_5/mask_29_5.dat,third-party/bundled,104,,c19322ffcc0facb8aff45bf7e363ca484e00eb297e1c81a12aba35b6860a2b70,inventoried; automated checks where applicable,No individual manual sign-off; see audit limitations.
admin/id_cards/libs/phpqrcode/cache/mask_5/mask_33_5.dat,third-party/bundled,106,,702230366bef4604972d83557e16e3331ae572dcc683fd8e1ead0d987dd8c353,inventoried; automated checks where applicable,No individual manual sign-off; see audit limitations.
admin/id_cards/libs/phpqrcode/cache/mask_5/mask_37_5.dat,third-party/bundled,103,,dda1be56cb365bbd59b701100962f55137dc93a3fa45bab2ad7b62913d323dbd,inventoried; automated checks where applicable,No individual manual sign-off; see audit limitations.
admin/id_cards/libs/phpqrcode/cache/mask_5/mask_41_5.dat,third-party/bundled,111,,dd4dbc8925f733f8347acb8581da2984990b43816fa213ee728b4f2c6302da0a,inventoried; automated checks where applicable,No individual manual sign-off; see audit limitations.
admin/id_cards/libs/phpqrcode/cache/mask_5/mask_45_5.dat,third-party/bundled,144,,74a7bb7b92255a358e4e86df3cb8e91754f2b5c225d18248695a888e9af7e9be,inventoried; automated checks where applicable,No individual manual sign-off; see audit limitations.
admin/id_cards/libs/phpqrcode/cache/mask_5/mask_49_5.dat,third-party/bundled,146,,dd9b8a2261dbb38fe7567ecc00f1626ad006a56ea63da6492e84256cf143c2af,inventoried; automated checks where applicable,No individual manual sign-off; see audit limitations.
admin/id_cards/libs/phpqrcode/cache/mask_5/mask_53_5.dat,third-party/bundled,153,,7cc3674b7fffe767c05cf21d9e382732807968135d0ebe372d4e39d9eba71f9f,inventoried; automated checks where applicable,No individual manual sign-off; see audit limitations.
admin/id_cards/libs/phpqrcode/cache/mask_5/mask_57_5.dat,third-party/bundled,155,,2fec6d4cf5e4e71382f45fe9dd39e81a8c00a021d5a7676ac5879e48fccccda3,inventoried; automated checks where applicable,No individual manual sign-off; see audit limitations.
admin/id_cards/libs/phpqrcode/cache/mask_5/mask_61_5.dat,third-party/bundled,156,,0b34e9bf4562b299325f7135726782cfb3dbb9a29c9eb80a24dd51935732b658,inventoried; automated checks where applicable,No individual manual sign-off; see audit limitations.
admin/id_cards/libs/phpqrcode/cache/mask_5/mask_65_5.dat,third-party/bundled,163,,dbefd2d27b45dd4ec3ca20c301d6017cee404463f78a521d056bfbfcca97867c,inventoried; automated checks where applicable,No individual manual sign-off; see audit limitations.
admin/id_cards/libs/phpqrcode/cache/mask_5/mask_69_5.dat,third-party/bundled,167,,3926fa5aff870a8f8674518eefcaf1aa569a899584e536594ffe18fbeb1cc492,inventoried; automated checks where applicable,No individual manual sign-off; see audit limitations.
admin/id_cards/libs/phpqrcode/cache/mask_5/mask_73_5.dat,third-party/bundled,184,,959972cfee9823fe7cfc6ef3797abba7374263318ee984f997cae917267a2d37,inventoried; automated checks where applicable,No individual manual sign-off; see audit limitations.
admin/id_cards/libs/phpqrcode/cache/mask_5/mask_77_5.dat,third-party/bundled,193,,931fd8b8f26fd1fbd14ab178f75fe7a23528152737db4919a69c6a33ca4152a5,inventoried; automated checks where applicable,No individual manual sign-off; see audit limitations.
admin/id_cards/libs/phpqrcode/cache/mask_5/mask_81_5.dat,third-party/bundled,188,,9c6e7ac04c660c80fdd759ec2b8cf3a2f714d2f7787d046bc6a8700650ab3dd4,inventoried; automated checks where applicable,No individual manual sign-off; see audit limitations.
admin/id_cards/libs/phpqrcode/cache/mask_5/mask_85_5.dat,third-party/bundled,186,,641bd9528f6957b2e98cf70c93f04177405687f6e8d1dd2f71a889ddd0560b41,inventoried; automated checks where applicable,No individual manual sign-off; see audit limitations.
admin/id_cards/libs/phpqrcode/cache/mask_5/mask_89_5.dat,third-party/bundled,212,,d2b7035088de389b140c26215fbec2f606404d12444721c9aa3d1c32532bff07,inventoried; automated checks where applicable,No individual manual sign-off; see audit limitations.
admin/id_cards/libs/phpqrcode/cache/mask_5/mask_93_5.dat,third-party/bundled,215,,1deeacc5bafeabfe5bffa090b37b9e1d014b406f8e722fb52b0818da4372fb5c,inventoried; automated checks where applicable,No individual manual sign-off; see audit limitations.
admin/id_cards/libs/phpqrcode/cache/mask_5/mask_97_5.dat,third-party/bundled,216,,bf2ff101a7fd2b32976e7e90266f728376ccc2eeb55d75e1cfff412e40c0ce10,inventoried; automated checks where applicable,No individual manual sign-off; see audit limitations.
admin/id_cards/libs/phpqrcode/cache/mask_6/mask_101_6.dat,third-party/bundled,275,,9c67cdf1df5f8baa3cea99f14996ed402a62921fbde97cba551613b54864ce56,inventoried; automated checks where applicable,No individual manual sign-off; see audit limitations.
admin/id_cards/libs/phpqrcode/cache/mask_6/mask_105_6.dat,third-party/bundled,272,,e232aa75c2863176fac119ce22efd7ae0476bbafa6bf84159bb093d40dc7ae9c,inventoried; automated checks where applicable,No individual manual sign-off; see audit limitations.
admin/id_cards/libs/phpqrcode/cache/mask_6/mask_109_6.dat,third-party/bundled,257,,a36e83a7ac5fe68a204dcfbe82bac9c44b6c4a3289bc522a40dca5e72433d153,inventoried; automated checks where applicable,No individual manual sign-off; see audit limitations.
admin/id_cards/libs/phpqrcode/cache/mask_6/mask_113_6.dat,third-party/bundled,303,,c578e4ac8a95a176831a3565b2b78b0cece16660ac2090a95f2dcf2adcbe5c89,inventoried; automated checks where applicable,No individual manual sign-off; see audit limitations.
admin/id_cards/libs/phpqrcode/cache/mask_6/mask_117_6.dat,third-party/bundled,300,,ec27bfc8edef6d3a84e2d32a0f61a417709884bf2e4221b1bbc5416df2ec5ada,inventoried; automated checks where applicable,No individual manual sign-off; see audit limitations.
admin/id_cards/libs/phpqrcode/cache/mask_6/mask_121_6.dat,third-party/bundled,309,,dfb311e398184967f0cebc9bb9c0a3b9e009e5a53803bc37760be50408db51fb,inventoried; automated checks where applicable,No individual manual sign-off; see audit limitations.
admin/id_cards/libs/phpqrcode/cache/mask_6/mask_125_6.dat,third-party/bundled,305,,caaca47009ca490bea3c29d044f177c8e3c86fb5b82d4543d1327fff8b1c3270,inventoried; automated checks where applicable,No individual manual sign-off; see audit limitations.
admin/id_cards/libs/phpqrcode/cache/mask_6/mask_129_6.dat,third-party/bundled,310,,8ab4ee088b3296a5f4ef46b1f2fa2cbe231459a85eb3776f1bdfafaf004d462e,inventoried; automated checks where applicable,No individual manual sign-off; see audit limitations.
admin/id_cards/libs/phpqrcode/cache/mask_6/mask_133_6.dat,third-party/bundled,296,,167625c5378c260b503129dff85c067d0f559b7e63d7f9d9cbdcc6ffdbc826a8,inventoried; automated checks where applicable,No individual manual sign-off; see audit limitations.
admin/id_cards/libs/phpqrcode/cache/mask_6/mask_137_6.dat,third-party/bundled,355,,da5adcef9ce73718249fa86100135fdf1b567a9e362832e25bc32b60ef553078,inventoried; automated checks where applicable,No individual manual sign-off; see audit limitations.
admin/id_cards/libs/phpqrcode/cache/mask_6/mask_141_6.dat,third-party/bundled,357,,97aa706277cdaad2aeaa1bfcd2d653391f3109e8304f49d270a24c9c2727e63a,inventoried; automated checks where applicable,No individual manual sign-off; see audit limitations.
admin/id_cards/libs/phpqrcode/cache/mask_6/mask_145_6.dat,third-party/bundled,357,,f57d1456d571e0616fafffa1d377c90ecab69899cb259719709c7525c87ae143,inventoried; automated checks where applicable,No individual manual sign-off; see audit limitations.
admin/id_cards/libs/phpqrcode/cache/mask_6/mask_149_6.dat,third-party/bundled,370,,15dca500d922d779c3cb21a9c18248b4403ccd567cb3a5bd537fdb77d76262ec,inventoried; automated checks where applicable,No individual manual sign-off; see audit limitations.
admin/id_cards/libs/phpqrcode/cache/mask_6/mask_153_6.dat,third-party/bundled,367,,3b696387a7d8fa5df41e550aeabab247d0f1d3ed1893407dd85511198f292cc7,inventoried; automated checks where applicable,No individual manual sign-off; see audit limitations.
admin/id_cards/libs/phpqrcode/cache/mask_6/mask_157_6.dat,third-party/bundled,331,,c549a27f5491a8c22ae3ab4beab7e4581539601e330b984eb50456821ef2b955,inventoried; automated checks where applicable,No individual manual sign-off; see audit limitations.
admin/id_cards/libs/phpqrcode/cache/mask_6/mask_161_6.dat,third-party/bundled,399,,384f71c51202067223a415f3c7d48df307b1011a826339bb2f9c4c0ec8561e6e,inventoried; automated checks where applicable,No individual manual sign-off; see audit limitations.
admin/id_cards/libs/phpqrcode/cache/mask_6/mask_165_6.dat,third-party/bundled,400,,95c7d2827f85110b9b10993a9d208768f22ae17c6d7afd73ec487d198e49b4ce,inventoried; automated checks where applicable,No individual manual sign-off; see audit limitations.
admin/id_cards/libs/phpqrcode/cache/mask_6/mask_169_6.dat,third-party/bundled,391,,f2e939a70d4925a8d0e094673b51ee384ffe56c2714a4be07c218f3757e34aed,inventoried; automated checks where applicable,No individual manual sign-off; see audit limitations.
admin/id_cards/libs/phpqrcode/cache/mask_6/mask_173_6.dat,third-party/bundled,429,,fd0b186d279f11d8af33ef354859c6c173ec5c4f721458a34713dee27c1024e6,inventoried; automated checks where applicable,No individual manual sign-off; see audit limitations.
admin/id_cards/libs/phpqrcode/cache/mask_6/mask_177_6.dat,third-party/bundled,441,,ea2b42dd9a9213b43c861ec2a4ff481ed2b5639a2ad91c2d8038b3be5017797f,inventoried; automated checks where applicable,No individual manual sign-off; see audit limitations.
admin/id_cards/libs/phpqrcode/cache/mask_6/mask_21_6.dat,third-party/bundled,87,,e5d7ff6d52cf08c3cb4500e20fc41ead17c88a6d469fc6e59602cea9a55afea0,inventoried; automated checks where applicable,No individual manual sign-off; see audit limitations.
admin/id_cards/libs/phpqrcode/cache/mask_6/mask_25_6.dat,third-party/bundled,113,,97fff2dc6e19a055def568f0780d769c7bb2dea37d9f63ef97595fff3bfc8c07,inventoried; automated checks where applicable,No individual manual sign-off; see audit limitations.
admin/id_cards/libs/phpqrcode/cache/mask_6/mask_29_6.dat,third-party/bundled,118,,8493c78c5bd190112f98a54600b5a11c8e48f956f28027c4d07620c54fe14279,inventoried; automated checks where applicable,No individual manual sign-off; see audit limitations.
admin/id_cards/libs/phpqrcode/cache/mask_6/mask_33_6.dat,third-party/bundled,124,,a337a7647cb6d7be3f718d5efbf975197025c019dd6f9031fb2742298d740642,inventoried; automated checks where applicable,No individual manual sign-off; see audit limitations.
admin/id_cards/libs/phpqrcode/cache/mask_6/mask_37_6.dat,third-party/bundled,128,,be80b90dfdf6c82531d6688b0927d49bf48ae56edcca3460457d845d3c344530,inventoried; automated checks where applicable,No individual manual sign-off; see audit limitations.
admin/id_cards/libs/phpqrcode/cache/mask_6/mask_41_6.dat,third-party/bundled,132,,fe076e53e66e5e3bf1cc67b3525fcd0a7819e806f1c88f2d4c980045e60bd23a,inventoried; automated checks where applicable,No individual manual sign-off; see audit limitations.
admin/id_cards/libs/phpqrcode/cache/mask_6/mask_45_6.dat,third-party/bundled,189,,debad95b74659efcb0c4aaf4afda9ff4849d1bbed90acb926ff673754a1407c6,inventoried; automated checks where applicable,No individual manual sign-off; see audit limitations.
admin/id_cards/libs/phpqrcode/cache/mask_6/mask_49_6.dat,third-party/bundled,185,,7c17da7fad18cbef4c305e150a671e3afd66f64ea235f41826b9582585c6035c,inventoried; automated checks where applicable,No individual manual sign-off; see audit limitations.
admin/id_cards/libs/phpqrcode/cache/mask_6/mask_53_6.dat,third-party/bundled,195,,154f4877b06d8dc405e7f60f3a259ac23c9138f0765b60240fdd71667649342f,inventoried; automated checks where applicable,No individual manual sign-off; see audit limitations.
admin/id_cards/libs/phpqrcode/cache/mask_6/mask_57_6.dat,third-party/bundled,203,,2cae17f20b2b5cb5eb33aefa5bcb2f5c83d2f5f4cf7e59ac616becc05375c406,inventoried; automated checks where applicable,No individual manual sign-off; see audit limitations.
admin/id_cards/libs/phpqrcode/cache/mask_6/mask_61_6.dat,third-party/bundled,195,,06ca60bafe0f38e53a26ee6411b74dfedf750f31c7980783354fb524dedf85c3,inventoried; automated checks where applicable,No individual manual sign-off; see audit limitations.
admin/id_cards/libs/phpqrcode/cache/mask_6/mask_65_6.dat,third-party/bundled,206,,a77583dd70f1209c0429a7a4b0f07862472949ada32ff98a71f718f703d02b11,inventoried; automated checks where applicable,No individual manual sign-off; see audit limitations.
admin/id_cards/libs/phpqrcode/cache/mask_6/mask_69_6.dat,third-party/bundled,217,,8ffc25e7c043fbae617b2e54b4c72a39150f32042ca8697c9d6795b1f4dbfb56,inventoried; automated checks where applicable,No individual manual sign-off; see audit limitations.
admin/id_cards/libs/phpqrcode/cache/mask_6/mask_73_6.dat,third-party/bundled,230,,7958a50b9c9cc27ad76dbf63ca4634ea07988848490c61eccd744d883d8cb23b,inventoried; automated checks where applicable,No individual manual sign-off; see audit limitations.
admin/id_cards/libs/phpqrcode/cache/mask_6/mask_77_6.dat,third-party/bundled,248,,dbf4afe8bf29fafdeb7e9e47dd68276461a4a306afae2ddb77a29b30fbbe0b11,inventoried; automated checks where applicable,No individual manual sign-off; see audit limitations.
admin/id_cards/libs/phpqrcode/cache/mask_6/mask_81_6.dat,third-party/bundled,238,,ea4de2c030551cdf050d789e10b30884ca14db15c74bd5175bcce761ce88dfd0,inventoried; automated checks where applicable,No individual manual sign-off; see audit limitations.
admin/id_cards/libs/phpqrcode/cache/mask_6/mask_85_6.dat,third-party/bundled,229,,83ef003a770ae670f201e31e8e81fdea8268ef37b49b6af620749be5c42f6ffc,inventoried; automated checks where applicable,No individual manual sign-off; see audit limitations.
admin/id_cards/libs/phpqrcode/cache/mask_6/mask_89_6.dat,third-party/bundled,263,,b7dec6809fd901becfc7f141aa5be976d3680c4af58d1a1f9ceaff5c90d0ecfc,inventoried; automated checks where applicable,No individual manual sign-off; see audit limitations.
admin/id_cards/libs/phpqrcode/cache/mask_6/mask_93_6.dat,third-party/bundled,276,,4499aeb7f2f01207487bfe5cfb65668724ce48450f724972021cfc7f0cd73483,inventoried; automated checks where applicable,No individual manual sign-off; see audit limitations.
admin/id_cards/libs/phpqrcode/cache/mask_6/mask_97_6.dat,third-party/bundled,263,,382fa594b3003200df6348d52a7f356aa0ab19b8c0d5472869d9cc761cfa1df7,inventoried; automated checks where applicable,No individual manual sign-off; see audit limitations.
admin/id_cards/libs/phpqrcode/cache/mask_7/mask_101_7.dat,third-party/bundled,259,,511d428ecba695ff02f0965bd2921b4ee343a43e40854ce5570a5bdf8c14978d,inventoried; automated checks where applicable,No individual manual sign-off; see audit limitations.
admin/id_cards/libs/phpqrcode/cache/mask_7/mask_105_7.dat,third-party/bundled,248,,ca5011c86b85337e785e4d303d6fa18b059fda47aa5105a40981ce7148cd33ba,inventoried; automated checks where applicable,No individual manual sign-off; see audit limitations.
admin/id_cards/libs/phpqrcode/cache/mask_7/mask_109_7.dat,third-party/bundled,242,,5fab5c9e108e5f2246a3775145ce88fdc8d847d289a8386d38e2a5bd41baf365,inventoried; automated checks where applicable,No individual manual sign-off; see audit limitations.
admin/id_cards/libs/phpqrcode/cache/mask_7/mask_113_7.dat,third-party/bundled,283,,a2c5e89b63ddbafe8bf226fae986540bb3fa28039128d166b3319780c71265bc,inventoried; automated checks where applicable,No individual manual sign-off; see audit limitations.
admin/id_cards/libs/phpqrcode/cache/mask_7/mask_117_7.dat,third-party/bundled,280,,ea5bfb3c88296d7f887f16b0b63371545cb53abe60e73cba399cdc5079765079,inventoried; automated checks where applicable,No individual manual sign-off; see audit limitations.
admin/id_cards/libs/phpqrcode/cache/mask_7/mask_121_7.dat,third-party/bundled,301,,391b65ac3e6e434b4756c70ca7af1cb8d8da57cfb2cc89e0bbf95bc8f4a7b69d,inventoried; automated checks where applicable,No individual manual sign-off; see audit limitations.
admin/id_cards/libs/phpqrcode/cache/mask_7/mask_125_7.dat,third-party/bundled,288,,e5ebc341f1e7dffe7d394bfba1275014ceaf18da22f38a41833d04afdea996bf,inventoried; automated checks where applicable,No individual manual sign-off; see audit limitations.
admin/id_cards/libs/phpqrcode/cache/mask_7/mask_129_7.dat,third-party/bundled,282,,2d3b210fa83f5a3a5e7326c117ba2ea7f87130b81f6e21fc59239aeca036c313,inventoried; automated checks where applicable,No individual manual sign-off; see audit limitations.
admin/id_cards/libs/phpqrcode/cache/mask_7/mask_133_7.dat,third-party/bundled,281,,70b15bda840467bc4964a4ea6719a4633c3437c819d297d909cb1813b4fd6c97,inventoried; automated checks where applicable,No individual manual sign-off; see audit limitations.
admin/id_cards/libs/phpqrcode/cache/mask_7/mask_137_7.dat,third-party/bundled,331,,0b10ac9c43925b9443e9275e98df3626c601d06f85063fba2c080ef24e14464a,inventoried; automated checks where applicable,No individual manual sign-off; see audit limitations.
admin/id_cards/libs/phpqrcode/cache/mask_7/mask_141_7.dat,third-party/bundled,330,,0b2048e9e0277b6bca616ecc04a7a14f1930ff7d2642aa52e749aac24e4b93f8,inventoried; automated checks where applicable,No individual manual sign-off; see audit limitations.
admin/id_cards/libs/phpqrcode/cache/mask_7/mask_145_7.dat,third-party/bundled,349,,e3deaca050795a00e1582e977477f4590cd1b91aa2800d8a4311e1cf5545b826,inventoried; automated checks where applicable,No individual manual sign-off; see audit limitations.
admin/id_cards/libs/phpqrcode/cache/mask_7/mask_149_7.dat,third-party/bundled,351,,4001da84a06995a45c4925cff850c0bb5e8613b05eb920ac488d1a3a4083c1d2,inventoried; automated checks where applicable,No individual manual sign-off; see audit limitations.
admin/id_cards/libs/phpqrcode/cache/mask_7/mask_153_7.dat,third-party/bundled,351,,3b9e360ae787c924788b87e1ea0f076b4f341a2c351a9a49ebac137240286957,inventoried; automated checks where applicable,No individual manual sign-off; see audit limitations.
admin/id_cards/libs/phpqrcode/cache/mask_7/mask_157_7.dat,third-party/bundled,316,,8886040344e3cd488d26d585c39c77f62d40877e7c8d0646bc845fd5cc00630d,inventoried; automated checks where applicable,No individual manual sign-off; see audit limitations.
admin/id_cards/libs/phpqrcode/cache/mask_7/mask_161_7.dat,third-party/bundled,376,,d89f59946cadbca0cd5fcae7a2a97e00840ffb2af1c8f320971d6e55156f1c81,inventoried; automated checks where applicable,No individual manual sign-off; see audit limitations.
admin/id_cards/libs/phpqrcode/cache/mask_7/mask_165_7.dat,third-party/bundled,375,,e9daa35ff1cd2e5c454a2abe8213e81af31ebab17de244d1cffb7be3a4ff16ee,inventoried; automated checks where applicable,No individual manual sign-off; see audit limitations.
admin/id_cards/libs/phpqrcode/cache/mask_7/mask_169_7.dat,third-party/bundled,383,,bdf88684a66368e7a98ae3993e6199a5493f06d2b32f43693404a4bf27f008cf,inventoried; automated checks where applicable,No individual manual sign-off; see audit limitations.
admin/id_cards/libs/phpqrcode/cache/mask_7/mask_173_7.dat,third-party/bundled,405,,6e258e6f9a491cde6ac2dda2ab7d0554cee486edc4b6eea36d47ac9117b97b7d,inventoried; automated checks where applicable,No individual manual sign-off; see audit limitations.
admin/id_cards/libs/phpqrcode/cache/mask_7/mask_177_7.dat,third-party/bundled,407,,9b253e17ab77c686dc04b7b5330e06d1f8d4e32d782fc07d8fed9813017e7a0a,inventoried; automated checks where applicable,No individual manual sign-off; see audit limitations.
admin/id_cards/libs/phpqrcode/cache/mask_7/mask_21_7.dat,third-party/bundled,88,,dfce08ae4f3c8cab125f2bed5f8a7b5c8c361bfb9d1fa6923fd4a6ec621e5a11,inventoried; automated checks where applicable,No individual manual sign-off; see audit limitations.
admin/id_cards/libs/phpqrcode/cache/mask_7/mask_25_7.dat,third-party/bundled,111,,8e09d958ebf3cbf522a339281d5ddd9172f078a3caae17fdeefc197897ace42a,inventoried; automated checks where applicable,No individual manual sign-off; see audit limitations.
admin/id_cards/libs/phpqrcode/cache/mask_7/mask_29_7.dat,third-party/bundled,113,,a39df7430692a9ce9b1607c343d1cbadaedc43ee7b0e1eefcaceaf7c9dd96a16,inventoried; automated checks where applicable,No individual manual sign-off; see audit limitations.
admin/id_cards/libs/phpqrcode/cache/mask_7/mask_33_7.dat,third-party/bundled,116,,6e0a5191421a883f7a5acf88b6087e26508dfb174af296f6468d20aa3405e9eb,inventoried; automated checks where applicable,No individual manual sign-off; see audit limitations.
admin/id_cards/libs/phpqrcode/cache/mask_7/mask_37_7.dat,third-party/bundled,122,,f6362a24b510ec017b8091c20da269b4b063419153f9fbd28035c29c1d8503f0,inventoried; automated checks where applicable,No individual manual sign-off; see audit limitations.
admin/id_cards/libs/phpqrcode/cache/mask_7/mask_41_7.dat,third-party/bundled,123,,790ef0adbd6c86eeb4bc985ef4f758402e0aea804383a886d2d24af0e5cd80e5,inventoried; automated checks where applicable,No individual manual sign-off; see audit limitations.
admin/id_cards/libs/phpqrcode/cache/mask_7/mask_45_7.dat,third-party/bundled,173,,891e0ac6bbe35efc8762c78174910228c61227c74455f3eefdcd7ea126521abe,inventoried; automated checks where applicable,No individual manual sign-off; see audit limitations.
admin/id_cards/libs/phpqrcode/cache/mask_7/mask_49_7.dat,third-party/bundled,172,,fef5ff0474f167f1d1cda0955cfa6848bdc0ae9f1570f3ba798a241074ccad8d,inventoried; automated checks where applicable,No individual manual sign-off; see audit limitations.
admin/id_cards/libs/phpqrcode/cache/mask_7/mask_53_7.dat,third-party/bundled,176,,04a784bc3191ffb65a73350f4b6937bd0720b39699e69bab6e0954dddeeaf0b1,inventoried; automated checks where applicable,No individual manual sign-off; see audit limitations.
admin/id_cards/libs/phpqrcode/cache/mask_7/mask_57_7.dat,third-party/bundled,188,,fbfc18fbf85452d31fd326af77ab1b83b8c20835337128624d8b83e73c09f072,inventoried; automated checks where applicable,No individual manual sign-off; see audit limitations.
admin/id_cards/libs/phpqrcode/cache/mask_7/mask_61_7.dat,third-party/bundled,183,,fd3dc5dab49b874aea20a97e9bc23b35b6df879680ca49b60b1514ba3f7902f7,inventoried; automated checks where applicable,No individual manual sign-off; see audit limitations.
admin/id_cards/libs/phpqrcode/cache/mask_7/mask_65_7.dat,third-party/bundled,187,,fea6de4e7c6ac28d6f9afadd767ed2d560c6c09ee1ba62f4f2a6ef20f501a39f,inventoried; automated checks where applicable,No individual manual sign-off; see audit limitations.
admin/id_cards/libs/phpqrcode/cache/mask_7/mask_69_7.dat,third-party/bundled,202,,ce8944b4dc7b266055d59333e4c38950e4497544509b31a6c588ef47d5ce9458,inventoried; automated checks where applicable,No individual manual sign-off; see audit limitations.
admin/id_cards/libs/phpqrcode/cache/mask_7/mask_73_7.dat,third-party/bundled,221,,5859dbdfa1dad2eba35343b5a1fa497decec3eff9270c1fc09084e2cbc548482,inventoried; automated checks where applicable,No individual manual sign-off; see audit limitations.
admin/id_cards/libs/phpqrcode/cache/mask_7/mask_77_7.dat,third-party/bundled,226,,dced619cc1763c33d22d41ad98b0c76839c83458c2595501e9b0086f65cea464,inventoried; automated checks where applicable,No individual manual sign-off; see audit limitations.
admin/id_cards/libs/phpqrcode/cache/mask_7/mask_81_7.dat,third-party/bundled,213,,34e89d0c3c30460f471e0d0afca32dc753f8c50b77b1764069240658e41d978d,inventoried; automated checks where applicable,No individual manual sign-off; see audit limitations.
admin/id_cards/libs/phpqrcode/cache/mask_7/mask_85_7.dat,third-party/bundled,213,,4fc232b2e7a64185923b29411d669804fdbeb9246872d588a1e9af4110eeabef,inventoried; automated checks where applicable,No individual manual sign-off; see audit limitations.
admin/id_cards/libs/phpqrcode/cache/mask_7/mask_89_7.dat,third-party/bundled,244,,92bf5175c9691ab3f658584c4cac1114da338f27607cdb7b812372b4ee562469,inventoried; automated checks where applicable,No individual manual sign-off; see audit limitations.
admin/id_cards/libs/phpqrcode/cache/mask_7/mask_93_7.dat,third-party/bundled,248,,9855fda95b8d82c3d2246ab12c98d9be687c61dfabaff364d9c18614d9790ad9,inventoried; automated checks where applicable,No individual manual sign-off; see audit limitations.
admin/id_cards/libs/phpqrcode/cache/mask_7/mask_97_7.dat,third-party/bundled,254,,d13d04dff6e4b8bd4332f4d9da5cf1f4c8b164f91392a4be1d6caa157a4f5d30,inventoried; automated checks where applicable,No individual manual sign-off; see audit limitations.
admin/id_cards/libs/phpqrcode/index.php,third-party/bundled,3579,94,ccd0a5ece760966402ac334cb29163330c62bd489a79e3c7e5522e2de54a1a97,inventoried; automated checks where applicable,No individual manual sign-off; see audit limitations.
admin/id_cards/libs/phpqrcode/phpqrcode.php,third-party/bundled,118563,3312,20e7231b044ac44a504316500193c9ca4a53bb12500f54c675f008e433c3270f,inventoried; automated checks where applicable,No individual manual sign-off; see audit limitations.
admin/id_cards/libs/phpqrcode/qrbitstream.php,third-party/bundled,5206,180,7e1ecdcfc58f574dfeabdf8055c803fb24cc436fe33e40cb842acd543a59a407,inventoried; automated checks where applicable,No individual manual sign-off; see audit limitations.
admin/id_cards/libs/phpqrcode/qrconfig.php,third-party/bundled,1430,17,c8e28eed3a0289279cefaa180e553a134595721ab7203003bc2b56f7c304569b,inventoried; automated checks where applicable,No individual manual sign-off; see audit limitations.
admin/id_cards/libs/phpqrcode/qrconst.php,third-party/bundled,1708,54,33721bcf7c1e07bd23071c2fdcfcfaaa3bcdab57dfd044ee4b3b06d1c1ed2d13,inventoried; automated checks where applicable,No individual manual sign-off; see audit limitations.
admin/id_cards/libs/phpqrcode/qrencode.php,third-party/bundled,17004,502,ea8918b9b5f03a86afa1d2611a025174f27d106976447186a7c285491cd4100a,inventoried; automated checks where applicable,No individual manual sign-off; see audit limitations.
admin/id_cards/libs/phpqrcode/qrimage.php,third-party/bundled,3531,95,f02bdbdce007572177f2c37cf1885356e1615440c2fce87228c94fe64e649fc0,inventoried; automated checks where applicable,No individual manual sign-off; see audit limitations.
admin/id_cards/libs/phpqrcode/qrinput.php,third-party/bundled,24075,729,1ba352f5608b98a1aecbf18b192a83a0811b493aa74de268c6fb37f421ad0293,inventoried; automated checks where applicable,No individual manual sign-off; see audit limitations.
admin/id_cards/libs/phpqrcode/qrlib.php,third-party/bundled,1559,43,57126f0abb1b98043f8b028c6ec483b8d6a9f24946b48c91860bb0d329b3bd53,inventoried; automated checks where applicable,No individual manual sign-off; see audit limitations.
admin/id_cards/libs/phpqrcode/qrmask.php,third-party/bundled,12256,328,15f29740ad3bdf17fdfa742dcae2b92bf5232bc6b6e390e6ec7d7699fef5fba3,inventoried; automated checks where applicable,No individual manual sign-off; see audit limitations.
admin/id_cards/libs/phpqrcode/qrrscode.php,third-party/bundled,8276,210,21a3b82b15cacfda2247f708d24198d81f3773594546e4c85f5bc5b6a4286fab,inventoried; automated checks where applicable,No individual manual sign-off; see audit limitations.
admin/id_cards/libs/phpqrcode/qrspec.php,third-party/bundled,26021,592,f8db612b5adcec1fd39a215a8874dfe5985a8436fbcdee22acd91c09939c8c6b,inventoried; automated checks where applicable,No individual manual sign-off; see audit limitations.
admin/id_cards/libs/phpqrcode/qrsplit.php,third-party/bundled,11071,311,6e1ed8553deb880bf91ef0e8ab36dc7dacdf533f4932e896d4fae34a607a89f8,inventoried; automated checks where applicable,No individual manual sign-off; see audit limitations.
admin/id_cards/libs/phpqrcode/qrtools.php,third-party/bundled,6161,172,7524be6600862ae7f5a1b43faac637875bfc876cdae16a352db03887df5fe37e,inventoried; automated checks where applicable,No individual manual sign-off; see audit limitations.
admin/id_cards/libs/phpqrcode/tools/merge.bat,third-party/bundled,21,2,385f976ee931541c512b3260f7d437cf89b61a1b5f118279bc28bdac8f84b258,inventoried; automated checks where applicable,No individual manual sign-off; see audit limitations.
admin/id_cards/libs/phpqrcode/tools/merge.php,third-party/bundled,2535,70,e25beab2db2219a28d04bf1b821a9bf8e485d5a7f35d1c7c423ad650d2ec35b0,inventoried; automated checks where applicable,No individual manual sign-off; see audit limitations.
admin/id_cards/libs/phpqrcode/tools/merge.sh,third-party/bundled,25,2,99aec4dbfe15e53b144d42a20f96a77266f8e233a028c8a0ce6bca0fce9ea748,inventoried; automated checks where applicable,No individual manual sign-off; see audit limitations.
admin/id_cards/libs/phpqrcode/tools/merged_config.php,third-party/bundled,1268,17,6d2c600b9a5369dec727099f29c763b177e73380a6d21cb1a388668be1aed7d7,inventoried; automated checks where applicable,No individual manual sign-off; see audit limitations.
admin/id_cards/libs/phpqrcode/tools/merged_header.php,third-party/bundled,1366,36,66dffd8c9ebbe9ce42af74ff35f411c9f38c7a97c2785e3e890e2d659dd90744,inventoried; automated checks where applicable,No individual manual sign-off; see audit limitations.
admin/id_cards/libs/qr_loader.php,application-source,959,28,44f1d24c8b985ccaeef8e72f1768f5796063171e14dfe5e1c7cba1f9129fb6af,inventoried; automated checks where applicable,No individual manual sign-off; see audit limitations.
admin/id_cards/preview.php,application-source,5369,148,4e743ab903678d8956101df933202c3f323b79b10f957ac06fa1e259d8d8689c,inventoried; automated checks where applicable,No individual manual sign-off; see audit limitations.
admin/id_cards/qr_diagnostic.php,application-source,4797,116,9423490ad22eb7edd0c60db6ad8407589f83a6876947e43ee80c029a48d93b52,inventoried; automated checks where applicable,No individual manual sign-off; see audit limitations.
admin/id_cards/view_id_card.php,application-source,16977,384,5b321b5d74a1ff3cbb6c1621898527706c03209b1b03b3910b84959bbd553f95,inventoried; automated checks where applicable,No individual manual sign-off; see audit limitations.
admin/index.php,application-source,10051,360,39021a216871db5a50e864ab374ba86c271576bf9f2c792036dcd2784aa6aa96,inventoried; automated checks where applicable,No individual manual sign-off; see audit limitations.
admin/info_archive_member.php,application-source,3440,95,4f7e52ead12174a28224c465693b0aa16025909135759c04d2d476866c3c3745,inventoried; automated checks where applicable,No individual manual sign-off; see audit limitations.
admin/info_get_archived_members.php,application-source,1816,53,1ea9181fdf270b8607cd9ea40109ea2147d81b583cfc7665ea22dcc8dd3837dc,inventoried; automated checks where applicable,No individual manual sign-off; see audit limitations.
admin/info_manage_member.php,application-source,57841,993,65a5e02c35cb5a8932995b5c52d5ca5c2d457a0941004e8eff5b1cb9879ba8fa,inventoried; automated checks where applicable,No individual manual sign-off; see audit limitations.
admin/info_restore_member.php,application-source,2488,77,491751ad55538e287299b4a4a39e5f2ce5ab7785cb82785ad66f1c6c4368f433,inventoried; automated checks where applicable,No individual manual sign-off; see audit limitations.
admin/js/all-members.js,application-source,7299,166,813a73e6caa1b4035d2b1f4ad952734dac0c408f4afb80ff8746eafc3d92e8af,Changed sections manually reviewed; syntax/static checks; targeted verification only,"F06: Synthetic </script> name survives as data; focused browser attribute-injection probe; broad role rendering. Legacy templates have changed-section, not complete manual, coverage."
admin/js/archive-members.js,application-source,6182,124,879c70a49eed164b5a458f0a0e89802e6500ea3c637deb078d2338ad74c0feba,inventoried; automated checks where applicable,No individual manual sign-off; see audit limitations.
admin/js/attendance-sheet.js,application-source,2868,86,2f3740701876560db42c0f1a6cd5557d08baf56b0e3b2493ef42ae8f274a4d43,inventoried; automated checks where applicable,No individual manual sign-off; see audit limitations.
admin/js/chart.umd.min.js,third-party/bundled,205125,14,74401d738dd3e03ee5dfb3b6841210fe2c4ead8a960c4011ca4ba0b78a9fd8f3,inventoried; automated checks where applicable,No individual manual sign-off; see audit limitations.
admin/js/content_editor.js,application-source,37359,544,36807362b59f1fe58b538b712593a61c4a367154fb7353be5b3c34db4cd711f9,Changed sections manually reviewed; syntax/static checks; targeted verification only,"F06: Synthetic </script> name survives as data; focused browser attribute-injection probe; broad role rendering. Legacy templates have changed-section, not complete manual, coverage."
admin/js/hr_data_sync.js,application-source,3560,76,ffeb8c18833c2da24e4345aa9f9b1e1637086afe4472e79e4e151077b6e9fdf0,inventoried; automated checks where applicable,No individual manual sign-off; see audit limitations.
admin/js/id-card-directory.js,application-source,5298,112,ddc12b59598db0d37f690681f78162bd522bcb05b2e4e0b423ee12305849065e,inventoried; automated checks where applicable,No individual manual sign-off; see audit limitations.
admin/js/id_card_designer.js,application-source,10668,291,8a3d29c36c44c636dfa195990af64bd7f41127501f4563544cfac46faa61a3ff,inventoried; automated checks where applicable,No individual manual sign-off; see audit limitations.
admin/js/manage-members.js,application-source,6376,147,eddfdca785085c8e3f7d325999bf335d74b0c873d6a0c5c31cb3f7a6434dd32a,inventoried; automated checks where applicable,No individual manual sign-off; see audit limitations.
admin/js/paginated-list.js,application-source,10157,241,11783567b521388976a6547cb8a86f666417b2caf63d441a23cb35688a032f60,inventoried; automated checks where applicable,No individual manual sign-off; see audit limitations.
admin/js/report-format.js,application-source,2248,71,1637ec28d10d6efeb0b748b7a90c5ab1b977cb70b82a672939f89a4e048a6430,inventoried; automated checks where applicable,No individual manual sign-off; see audit limitations.
admin/js/report_card.js,application-source,11942,235,03d2cc006843fd7ee83f770f3f19d941c2b1e77065ed35aa2bf5ce9a7a490ac8,inventoried; automated checks where applicable,No individual manual sign-off; see audit limitations.
admin/js/request-id.js,application-source,1487,34,ad944198863f442e8414e4b5d6942a0815185dc0aa29af470b7e2c1a292f7780,inventoried; automated checks where applicable,No individual manual sign-off; see audit limitations.
admin/js/super_admin.js,application-source,3116,88,48fcb2b86b3151c2c84044f87563c202f9455decef7791b943f6de48be1f91a1,inventoried; automated checks where applicable,No individual manual sign-off; see audit limitations.
admin/js/wbws-calendar.js,application-source,23025,423,0ccb460d43c47409f59142cb6cdef187238a577e1cfe121c025116b074d72ef9,Changed sections manually reviewed; syntax/static checks; targeted verification only,F22: All role page errors eliminated for calendar; dedicated head/duplicate/value/disabled/Gregorian browser contracts.
admin/leak_detector.php,application-source,13947,319,264d42ff0c259632e6ccbdf11e12444e66906bd57bb13111b6c654f185894e9e,inventoried; automated checks where applicable,No individual manual sign-off; see audit limitations.
admin/logout.php,application-source,588,12,3df83aeb7c508260761edd21f838dc6d6a7d9b1f2cd1ac66d67c2e9ac496481a,Changed sections manually reviewed; syntax/static checks; targeted verification only,F01: Baseline Location header + supplied 404 screenshot; HTTP tests 20–21; actual Mezmur/logout browser clicks.
admin/member_file.php,application-source,2257,69,f3db633d27f5d259ebf383c4d945d4e94ac64f67a6e5be4e800b4c6f51546861,inventoried; automated checks where applicable,No individual manual sign-off; see audit limitations.
admin/migrations/002_add_academic_attendance_workflow.php,application-source,27958,593,ee865935d79f2f95b87a5da5328adb5cda58513031b28af05c48ee75ec1d62ea,inventoried; automated checks where applicable,No individual manual sign-off; see audit limitations.
admin/migrations/002_migration.php,application-source,27958,593,ee865935d79f2f95b87a5da5328adb5cda58513031b28af05c48ee75ec1d62ea,inventoried; automated checks where applicable,No individual manual sign-off; see audit limitations.
admin/migrations/003_add_assessments.php,application-source,9476,218,0077ad860a4dfa2fe95b9fa9c1970eb98a3be42bb62abe0956f94e48d8a3fcb0,inventoried; automated checks where applicable,No individual manual sign-off; see audit limitations.
admin/migrations/003_migration.php,application-source,9476,218,0077ad860a4dfa2fe95b9fa9c1970eb98a3be42bb62abe0956f94e48d8a3fcb0,inventoried; automated checks where applicable,No individual manual sign-off; see audit limitations.
admin/migrations/004_add_finance_material_tables.php,application-source,7649,183,bed9767ac127d213ba040ac3a529efe7e5f59edf210d794a24d4e4c8fe8912b6,inventoried; automated checks where applicable,No individual manual sign-off; see audit limitations.
admin/migrations/005_create_system_branding.php,application-source,4324,114,754acca870c71149faca0d8c2384e39029d213b84af8ee898558049d3258fe16,inventoried; automated checks where applicable,No individual manual sign-off; see audit limitations.
admin/migrations/005_optimize_database.php,application-source,11944,251,4734bf098c8cc75e88356aa39bfaa8ee9b154b7b6a057e2db598e8c6263a1c2d,inventoried; automated checks where applicable,No individual manual sign-off; see audit limitations.
admin/migrations/006_add_temporary_members_tier.php,application-source,2032,60,9fbafb586bda3e58bbe1ede84b017e27ae41c3322041add2021a7ce0d28cf60c,inventoried; automated checks where applicable,No individual manual sign-off; see audit limitations.
admin/migrations/add_archive_columns.php,application-source,3022,81,3e634953c8d60fb8b5511cf6968964d37bc847970b62f89d0c61bdcbe1de2bc9,inventoried; automated checks where applicable,No individual manual sign-off; see audit limitations.
admin/migrations/auto_fix_database.php,application-source,26457,596,294f1f66593455b2e78f71b2e9f40c4e2d0f633d7a610644d7765406d838d280,inventoried; automated checks where applicable,No individual manual sign-off; see audit limitations.
admin/print_member.php,application-source,22970,682,575aac0c4386e6e8fae48d17e86bfb91aa8a77b7119fcea545220929f7aa246d,inventoried; automated checks where applicable,No individual manual sign-off; see audit limitations.
admin/reports.php,application-source,36191,362,685537859e93a3569014e59f1f93ded20c394d9d0e3cf7cebb614910ccf7a2ee,Changed sections manually reviewed; syntax/static checks; targeted verification only,"F30: PHP lint/static check; broad role and report smoke coverage, not every legacy report template."
admin/system_health.php,application-source,30976,554,40daebed926fc310ad023cd3146b178e29c3abc9c3b20af6a281da02dba1134f,inventoried; automated checks where applicable,No individual manual sign-off; see audit limitations.
admin/theme.php,application-source,14144,274,580dd2e0b54b86f66daa4a95130c4c29c9fe3d36590e6050233dbc17e5b8af00,inventoried; automated checks where applicable,No individual manual sign-off; see audit limitations.
admin/tools/backup.php,application-source,4669,125,7d79279712570e13768f8eae1ead94f5996ab3bb2b053d1594b530ca90b86b1e,inventoried; automated checks where applicable,No individual manual sign-off; see audit limitations.
admin/tools/download_backup.php,application-source,2414,81,fb679034372ff06c0a9440c0265f06380bac95934a5b13b93ea3541f4006b4ed,inventoried; automated checks where applicable,No individual manual sign-off; see audit limitations.
admin/tools/health_check.php,application-source,7959,202,c5b7890d6fb26cdf5c2f2c587ed113f23249cf60a107dbac0f5abe0134d578fe,inventoried; automated checks where applicable,No individual manual sign-off; see audit limitations.
admin/tools/migrate_identity_codes.php,application-source,2325,68,b65cebc7adb4fd7c8e3bc90745352363fa08507e1ae22f9360fdc0f5238c5d72,inventoried; automated checks where applicable,No individual manual sign-off; see audit limitations.
admin/tools/repair_user_role.php,application-source,5686,159,dcc5bde2d83c7787441d5eab484fb14598c74f3794d30bb79aed5f3724c1239b,inventoried; automated checks where applicable,No individual manual sign-off; see audit limitations.
admin/tools/year_rollover.php,application-source,11895,266,f32bb03e094bf5e343eca051593ddfe407a59d53a5be2fdec75948e44d8b8884,inventoried; automated checks where applicable,No individual manual sign-off; see audit limitations.
admin/uploads/.htaccess,application-source,1711,60,394f77b41e7896b29c64bf11272c22c4cad2cb7bc20a953b166c3283d92e0ace,Changed sections manually reviewed; syntax/static checks; targeted verification only,"F09: Harmless temporary .php8, .php.jpg and .phar files return 403; normal private PDF streaming still works."
admin/uploads/members/docs/.htaccess,application-source,220,9,525ebc8230ce658ac8c01f5f1f3200303caae0df1c81ed71c1068faef1988b8a,inventoried; automated checks where applicable,No individual manual sign-off; see audit limitations.
admin/uploads/members/guardian_photos/.htaccess,application-source,219,9,2d4366a00c53369f976629a6d9d3378d6d1800fee270cf03aa7ad23e6afb1ad6,inventoried; automated checks where applicable,No individual manual sign-off; see audit limitations.
admin/users.php,application-source,23334,701,e52ba5344f102302027af781fdede0b9d69d3fc828cac0a46b4c423537d308ac,Changed sections manually reviewed; syntax/static checks; targeted verification only,"F05: Cookie headers, source/CGI checks, and both PHP HTTP suites. F25: Self-disable/demotion rejected; authenticated delete and canonical redirect checked. Full account-lifecycle atomicity remains open."
api/v1/.htaccess,application-source,701,21,349fb37ddb850d7f6b879f48e39ea3701e38290036fa296d2bfffdd0d99daa95,inventoried; automated checks where applicable,No individual manual sign-off; see audit limitations.
api/v1/app_release.example.php,application-source,1846,43,2d967cbaab8ab4933c4b3315f7ca8d7dd36d4707c23ea287b4f14efd04ebd81d,inventoried; automated checks where applicable,No individual manual sign-off; see audit limitations.
api/v1/core/acl.php,application-source,5889,190,3f71b030e97c71c444ef5771d615bf575967f1971fb379a15a285caf3ccdfdb0,inventoried; automated checks where applicable,No individual manual sign-off; see audit limitations.
api/v1/core/app_release.php,application-source,6483,179,c783426c30e565497ac5a86b6bfc0dd63eeaef98a47ef07b10d962a3dc8e2aa3,inventoried; automated checks where applicable,No individual manual sign-off; see audit limitations.
api/v1/core/auth.php,application-source,4901,146,ed3ea95d6c1354ca32ae7de6ee4db72b88e70700fc038353f403579b3c6ea004,inventoried; automated checks where applicable,No individual manual sign-off; see audit limitations.
api/v1/core/database.php,application-source,2669,77,894ef2362f952cd1e92d8c99ecccb9344b0db7eb97e1d701c160e6e3ac90e84f,Changed sections manually reviewed; syntax/static checks; targeted verification only,F29: Malformed-route and REST role tests; independent PHP 8.2/8.4 CGI bootstrap tests with initial display_errors=1 return clean JSON.
api/v1/core/middleware.php,application-source,8201,236,95fab6b59b4fdcc12f6819a6e20b8b2c4591b538af7bbb2663044a5e67918adc,inventoried; automated checks where applicable,No individual manual sign-off; see audit limitations.
api/v1/core/response.php,application-source,2764,93,233cbdff15be040cc6fa88fc41fa1376ba7589499601ba81037d46aad15a76e9,inventoried; automated checks where applicable,No individual manual sign-off; see audit limitations.
api/v1/index.php,application-source,5735,165,268ae66d32034cc704eff86d890d3497b1fe3ef5421bf3aeedb945870b690eff,Changed sections manually reviewed; syntax/static checks; targeted verification only,F29: Malformed-route and REST role tests; independent PHP 8.2/8.4 CGI bootstrap tests with initial display_errors=1 return clean JSON.
api/v1/routes/app.php,application-source,3668,95,34d5fb3df62f03f9abe95bc2fbf005811072f6fc79880c0f24171a0ab8cb181c,inventoried; automated checks where applicable,No individual manual sign-off; see audit limitations.
api/v1/routes/attendance.php,application-source,17381,454,2319de15a07d27533c2003b0555c36f0e98d5a5b0684f690d46140715d7694b1,inventoried; automated checks where applicable,No individual manual sign-off; see audit limitations.
api/v1/routes/auth.php,application-source,6111,156,6e2e0ed84ee90e21423d161cf38a6ebdff9b3ce3d054275d2770c3c9a7019022,inventoried; automated checks where applicable,No individual manual sign-off; see audit limitations.
api/v1/routes/classes.php,application-source,11098,256,4f36d22e6eb9a45854a43a5adb81615206734c753ec6c34dd4d56f9126f959b7,inventoried; automated checks where applicable,No individual manual sign-off; see audit limitations.
api/v1/routes/dashboard.php,application-source,9892,237,bc87b2870bd901f3efabe4c88d5330598a7d62bbafed17f240e91b48bd0b843b,inventoried; automated checks where applicable,No individual manual sign-off; see audit limitations.
api/v1/routes/enrollment.php,application-source,4786,137,db08fc451db49682fe32e95c79817d7c757a8c9775ce0d9f7783d086977e599d,inventoried; automated checks where applicable,No individual manual sign-off; see audit limitations.
api/v1/routes/grades.php,application-source,39085,913,90f4f2c79d198c30f46ffc2d135b49178ebfeca0c135c4078cdf9aa52df32d84,inventoried; automated checks where applicable,No individual manual sign-off; see audit limitations.
api/v1/routes/hr.php,application-source,9244,203,63014b7e9594b1c83cd67a2af0c27aba685194e94aaca90515e839a6c842ff3d,inventoried; automated checks where applicable,No individual manual sign-off; see audit limitations.
api/v1/routes/members.php,application-source,10892,275,81b13da2ace4b12b0ce39f5ae6b2163cf335f3c45f329a343d04174d84e86c9a,inventoried; automated checks where applicable,No individual manual sign-off; see audit limitations.
api/v1/routes/mezmur.php,application-source,31246,649,78e19cf0ef0a3603646a5cdd5c858ea54300317ee8307def28b5e5a19e2f6dc8,inventoried; automated checks where applicable,No individual manual sign-off; see audit limitations.
api/v1/routes/subjects.php,application-source,1115,35,02c77f7891fb2da02cba8465f3e2970b52652d94a1416192b459eb52f635a4e5,inventoried; automated checks where applicable,No individual manual sign-off; see audit limitations.
api/v1/routes/teachers.php,application-source,4675,123,373c4b775615d846476f5909c7f86a8e0f0f4a414b7ce45df8ba9da612f19a53,inventoried; automated checks where applicable,No individual manual sign-off; see audit limitations.
api/v1/routes/users.php,application-source,4623,113,4ec028335b371a68825f2acd1a923113f739f1c9f0588fb1329a60e5e0b6c66d,inventoried; automated checks where applicable,No individual manual sign-off; see audit limitations.
api/v1/tests/test_version.py,application-source,802,30,3d76654982f746e4bb114336500e86641f56dc8eaff1df84daa86aa442ef3392,inventoried; automated checks where applicable,No individual manual sign-off; see audit limitations.
app/.htaccess,application-source,478,14,3f744168a176c5cebf17b572ed98263c636197bae446c909057954ee758e7801,inventoried; automated checks where applicable,No individual manual sign-off; see audit limitations.
app/css/app.css,application-source,26817,616,2c6f27f31f55ac909ea412ff839034fb672eba1109d8d4bb732cb5e3bca4d7e6,inventoried; automated checks where applicable,No individual manual sign-off; see audit limitations.
app/icons/icon-192.svg,asset/configuration,432,5,574c30287f8179b9f594ff34f0888b8444115449be3562e0199a00a8cb2bc9ca,inventoried; automated checks where applicable,No individual manual sign-off; see audit limitations.
app/icons/icon-512.svg,asset/configuration,432,5,574c30287f8179b9f594ff34f0888b8444115449be3562e0199a00a8cb2bc9ca,inventoried; automated checks where applicable,No individual manual sign-off; see audit limitations.
app/icons/icon-maskable.svg,asset/configuration,692,7,c4cd3c62c749099ee1bc8788b126382bb0479d9d221fc439369ee45b1967d155,inventoried; automated checks where applicable,No individual manual sign-off; see audit limitations.
app/index.html,application-source,351,14,55caec036ac19a39ed18d4b031b5fcda5217791d9a7a8d416f5099c4527382c8,inventoried; automated checks where applicable,No individual manual sign-off; see audit limitations.
app/index.php,application-source,1967,43,057d849d9ced4f4c1dc6efb58775fea4e084c05841689d9328aa212816a68795,inventoried; automated checks where applicable,No individual manual sign-off; see audit limitations.
app/js/app.js,application-source,432,13,c445d44d0e52baba3493684b60cbfd5bed1240dff2b9587f8255af183ba803b0,inventoried; automated checks where applicable,No individual manual sign-off; see audit limitations.
app/manifest.json,asset/configuration,1421,49,598a44854237e76b4e07905334b3923b4511ffa04a255c3f094c4eb321183c91,inventoried; automated checks where applicable,No individual manual sign-off; see audit limitations.
app/manifest.php,application-source,509,14,71b6df015ef98a4bec5407b1409fc97c6b8271a2f408aa176a554991c32a19e7,inventoried; automated checks where applicable,No individual manual sign-off; see audit limitations.
app/sw.js,application-source,876,27,e801d21e22b703877f87a46e8ac723ace1150eaae244502392f35ff2fd7de4f9,inventoried; automated checks where applicable,No individual manual sign-off; see audit limitations.
backend/api/ai.php,application-source,264,7,12c6ac13ce7215b51ce5945fc0c841d3831838e6e6dc88bae8aa2e5360b9cf2e,inventoried; automated checks where applicable,No individual manual sign-off; see audit limitations.
backend/api/assignments.php,application-source,151,5,2138ee826185cb11200dddf317fcd96deb2a6f45d052e2c725e5de2bbe33fe08,inventoried; automated checks where applicable,No individual manual sign-off; see audit limitations.
backend/api/attendance.php,application-source,288,7,1e52bdfa994773806b36357bf3c750e647c15580278800595ff77fde43ce021b,inventoried; automated checks where applicable,No individual manual sign-off; see audit limitations.
backend/api/attendance_info.php,application-source,303,7,4fc6fb41a32326ec4915bfd3ff9e933e44d0da47a69842999bedba6fce334613,inventoried; automated checks where applicable,No individual manual sign-off; see audit limitations.
backend/api/branding.php,application-source,282,7,0d5bc985e9134f3f9eee835e13311fbd113a21aaf788f7d98c73b6888f23c780,inventoried; automated checks where applicable,No individual manual sign-off; see audit limitations.
backend/api/communication.php,application-source,297,7,686b9484773e25369b39543c5f465b72e91835713bdb11a8836cb9677da8012e,inventoried; automated checks where applicable,No individual manual sign-off; see audit limitations.
backend/api/education.php,application-source,285,7,89bb41372d04ae38c016ee9319a5bad2fa72d7fa1b11802cacd2bce8693e9f8e,inventoried; automated checks where applicable,No individual manual sign-off; see audit limitations.
backend/api/finance.php,application-source,279,7,dccca186cfc8ec58e770a8cd1527b0aad6e2be9f8a449fe71720af40f45c18e8,inventoried; automated checks where applicable,No individual manual sign-off; see audit limitations.
backend/api/groups.php,application-source,292,7,84b7003f70b76391e6466508a0ce6ad4057d1b3d4da5f32610ba4322bd6a5083,inventoried; automated checks where applicable,No individual manual sign-off; see audit limitations.
backend/api/impersonate.php,application-source,291,7,b6f91f820c2e463849107f75de5e98b3cfceeea03b4b7c31bb6118329a1bf3b0,inventoried; automated checks where applicable,No individual manual sign-off; see audit limitations.
backend/api/init.php,application-source,3289,81,f59a5127384fc48901a829951749a82fd579877a21d20532608e03c49ca231e8,inventoried; automated checks where applicable,No individual manual sign-off; see audit limitations.
backend/api/material.php,application-source,282,7,28b88e4df7745ae73f0f5ad594aecdca1449a495be401da89684787d6a3679f1,inventoried; automated checks where applicable,No individual manual sign-off; see audit limitations.
backend/api/members.php,application-source,289,7,e098fdccd594542ce7b1ec93aa4ff3a4a4adb4c327cabd096526ec4d9fd64df6,inventoried; automated checks where applicable,No individual manual sign-off; see audit limitations.
backend/api/members_check.php,application-source,301,7,13becfee10ffa7b39a75b2b7c9736bed25bcc0649fd278689a60a33a5f073fbe,inventoried; automated checks where applicable,No individual manual sign-off; see audit limitations.
backend/api/mezmur.php,application-source,10619,222,bbafc7ecfee508bb67f920dd5af09232f37bc31ce64a5808b2e889ba3b024684,inventoried; automated checks where applicable,No individual manual sign-off; see audit limitations.
backend/api/notifications.php,application-source,297,7,e6da5c48bc167e680674a1f8f9b398bf3f9a90c7a7934325f8f71599756dae9a,inventoried; automated checks where applicable,No individual manual sign-off; see audit limitations.
backend/api/reports.php,application-source,279,7,638e1b619b5d8d45d03ee167979926665487db29ef10fa216727aced9277228c,inventoried; automated checks where applicable,No individual manual sign-off; see audit limitations.
backend/api/settings.php,application-source,282,7,e7d09d2941c410cc28146d91a8f39a59afa27a6c3e6ce9b335356e034eead8ce,inventoried; automated checks where applicable,No individual manual sign-off; see audit limitations.
backend/api/subjects.php,application-source,282,7,2c44d1021d168bcb14c87018fb3527a7d3bc3c19fdd9038ac7f91397ed0b0b5c,inventoried; automated checks where applicable,No individual manual sign-off; see audit limitations.
backend/api/teachers.php,application-source,282,7,4e4c0ec64b2b0b0a305247735bfafd9293a3986a6cbce7624c4a9f82159830f2,inventoried; automated checks where applicable,No individual manual sign-off; see audit limitations.
backend/api/timetable.php,application-source,145,5,a740a4367ef510d1a92b79a8a5496866bddb3b4d6555f8ac448f70a5e7e08097,inventoried; automated checks where applicable,No individual manual sign-off; see audit limitations.
backend/auth/login.php,application-source,63,1,40aef5f4183d7e44b35fd0f9e3d2506b291ad7a81b6810758a414c8a978bf896,inventoried; automated checks where applicable,No individual manual sign-off; see audit limitations.
backend/auth/logout.php,application-source,56,1,4e87e85ca8c669621709a520c81ac8fd45e52be8b7e0148dc2c05939f32a4c29,inventoried; automated checks where applicable,No individual manual sign-off; see audit limitations.
backend/components/notification_bell.php,application-source,17887,513,000b2c149b6c20eb09f95a36072c664feb4fdea5edf8d7c85bf6ac81f8c56e0c,inventoried; automated checks where applicable,No individual manual sign-off; see audit limitations.
backend/config/.htaccess,application-source,19,1,fa28d421a28ed9b6f4b997d5119c2b8adbacff6e2dd119a179b71230f9664934,inventoried; automated checks where applicable,No individual manual sign-off; see audit limitations.
backend/config/loader.php,application-source,957,32,9910a7986d1547eec69092acb9f8aca23fab212e100f93a1e9543cfaea1564d5,inventoried; automated checks where applicable,No individual manual sign-off; see audit limitations.
backend/core/browser.php,application-source,2731,77,d780f2dfaed999bcaba89637ff255a960fb3ffc9bc3c2832eab4846a346afa2e,Changed sections manually reviewed; syntax/static checks; targeted verification only,"F01: Baseline Location header + supplied 404 screenshot; HTTP tests 20–21; actual Mezmur/logout browser clicks. F03: Controlled stale session: frontend request redirects within three seconds; login page publishes a fresh token. F05: Cookie headers, source/CGI checks, and both PHP HTTP suites."
backend/core/ethiopian_date.php,application-source,424,7,9004942cefd96cba65d2fe1b7e7178098263a8ac719dd1bcaa2ce7aaa1f9b1f4,inventoried; automated checks where applicable,No individual manual sign-off; see audit limitations.
backend/core/workflow.php,application-source,66,1,fd7f8fbc7ab8a889bc6c5ba97be90593aa2cbdd8d5edfc174c235f51292fb5e2,inventoried; automated checks where applicable,No individual manual sign-off; see audit limitations.
backend/id_cards/generate_id_card.php,application-source,75,1,9895aeab70e4533a631c1f06ede83ed0c9caf4c15605f6ebdaf1665378be840d,inventoried; automated checks where applicable,No individual manual sign-off; see audit limitations.
backend/id_cards/libs/eth_date_helper.php,application-source,2225,61,dd8e489f7cb8c52fb9283b7acbbc6d8f66d81dd8f8d38cd55341cbb76d41a5fc,inventoried; automated checks where applicable,No individual manual sign-off; see audit limitations.
backend/id_cards/libs/phpqrcode/CHANGELOG,third-party/bundled,1223,38,d65d1224f7069c256e1b1a61f0080f6dc4eb86612c645cc3a6a19e287bb4abcb,inventoried; automated checks where applicable,No individual manual sign-off; see audit limitations.
backend/id_cards/libs/phpqrcode/INSTALL,third-party/bundled,1975,67,914dac56b8674237ba113e5f7431008f3d57c978b8aa935e13642bebc286db4a,inventoried; automated checks where applicable,No individual manual sign-off; see audit limitations.
backend/id_cards/libs/phpqrcode/LICENSE,third-party/bundled,7650,165,f3834b4a6b6e7c112207c84a11e87d4255bee0310b90338b5aaccd849fab1afb,inventoried; automated checks where applicable,No individual manual sign-off; see audit limitations.
backend/id_cards/libs/phpqrcode/README,third-party/bundled,1590,45,2f1b062a37715611447f6d6432ae992f2a06a10a63bb4c009b0ec8dddaa9937e,inventoried; automated checks where applicable,No individual manual sign-off; see audit limitations.
backend/id_cards/libs/phpqrcode/VERSION,third-party/bundled,16,2,fdf90f98bdc9a4496602fadba2dd3531d5d142b8506983cf0a75b2343260b20d,inventoried; automated checks where applicable,No individual manual sign-off; see audit limitations.
backend/id_cards/libs/phpqrcode/bindings/tcpdf/qrcode.php,third-party/bundled,82952,2875,74a281421414fccbfe77a1228afae7324c0f057140000cbf95ccefe18b9e9c82,inventoried; automated checks where applicable,No individual manual sign-off; see audit limitations.
backend/id_cards/libs/phpqrcode/index.php,third-party/bundled,3579,94,ccd0a5ece760966402ac334cb29163330c62bd489a79e3c7e5522e2de54a1a97,inventoried; automated checks where applicable,No individual manual sign-off; see audit limitations.
backend/id_cards/libs/phpqrcode/phpqrcode.php,third-party/bundled,118563,3312,20e7231b044ac44a504316500193c9ca4a53bb12500f54c675f008e433c3270f,inventoried; automated checks where applicable,No individual manual sign-off; see audit limitations.
backend/id_cards/libs/phpqrcode/qrbitstream.php,third-party/bundled,5206,180,7e1ecdcfc58f574dfeabdf8055c803fb24cc436fe33e40cb842acd543a59a407,inventoried; automated checks where applicable,No individual manual sign-off; see audit limitations.
backend/id_cards/libs/phpqrcode/qrconfig.php,third-party/bundled,1430,17,c8e28eed3a0289279cefaa180e553a134595721ab7203003bc2b56f7c304569b,inventoried; automated checks where applicable,No individual manual sign-off; see audit limitations.
backend/id_cards/libs/phpqrcode/qrconst.php,third-party/bundled,1708,54,33721bcf7c1e07bd23071c2fdcfcfaaa3bcdab57dfd044ee4b3b06d1c1ed2d13,inventoried; automated checks where applicable,No individual manual sign-off; see audit limitations.
backend/id_cards/libs/phpqrcode/qrencode.php,third-party/bundled,17004,502,ea8918b9b5f03a86afa1d2611a025174f27d106976447186a7c285491cd4100a,inventoried; automated checks where applicable,No individual manual sign-off; see audit limitations.
backend/id_cards/libs/phpqrcode/qrimage.php,third-party/bundled,3531,95,f02bdbdce007572177f2c37cf1885356e1615440c2fce87228c94fe64e649fc0,inventoried; automated checks where applicable,No individual manual sign-off; see audit limitations.
backend/id_cards/libs/phpqrcode/qrinput.php,third-party/bundled,24075,729,1ba352f5608b98a1aecbf18b192a83a0811b493aa74de268c6fb37f421ad0293,inventoried; automated checks where applicable,No individual manual sign-off; see audit limitations.
backend/id_cards/libs/phpqrcode/qrlib.php,third-party/bundled,1559,43,57126f0abb1b98043f8b028c6ec483b8d6a9f24946b48c91860bb0d329b3bd53,inventoried; automated checks where applicable,No individual manual sign-off; see audit limitations.
backend/id_cards/libs/phpqrcode/qrmask.php,third-party/bundled,12256,328,15f29740ad3bdf17fdfa742dcae2b92bf5232bc6b6e390e6ec7d7699fef5fba3,inventoried; automated checks where applicable,No individual manual sign-off; see audit limitations.
backend/id_cards/libs/phpqrcode/qrrscode.php,third-party/bundled,8276,210,21a3b82b15cacfda2247f708d24198d81f3773594546e4c85f5bc5b6a4286fab,inventoried; automated checks where applicable,No individual manual sign-off; see audit limitations.
backend/id_cards/libs/phpqrcode/qrspec.php,third-party/bundled,26021,592,f8db612b5adcec1fd39a215a8874dfe5985a8436fbcdee22acd91c09939c8c6b,inventoried; automated checks where applicable,No individual manual sign-off; see audit limitations.
backend/id_cards/libs/phpqrcode/qrsplit.php,third-party/bundled,11071,311,6e1ed8553deb880bf91ef0e8ab36dc7dacdf533f4932e896d4fae34a607a89f8,inventoried; automated checks where applicable,No individual manual sign-off; see audit limitations.
backend/id_cards/libs/phpqrcode/qrtools.php,third-party/bundled,6161,172,7524be6600862ae7f5a1b43faac637875bfc876cdae16a352db03887df5fe37e,inventoried; automated checks where applicable,No individual manual sign-off; see audit limitations.
backend/id_cards/libs/phpqrcode/tools/merge.bat,third-party/bundled,21,2,385f976ee931541c512b3260f7d437cf89b61a1b5f118279bc28bdac8f84b258,inventoried; automated checks where applicable,No individual manual sign-off; see audit limitations.
backend/id_cards/libs/phpqrcode/tools/merge.php,third-party/bundled,2535,70,e25beab2db2219a28d04bf1b821a9bf8e485d5a7f35d1c7c423ad650d2ec35b0,inventoried; automated checks where applicable,No individual manual sign-off; see audit limitations.
backend/id_cards/libs/phpqrcode/tools/merge.sh,third-party/bundled,25,2,99aec4dbfe15e53b144d42a20f96a77266f8e233a028c8a0ce6bca0fce9ea748,inventoried; automated checks where applicable,No individual manual sign-off; see audit limitations.
backend/id_cards/libs/phpqrcode/tools/merged_config.php,third-party/bundled,1268,17,6d2c600b9a5369dec727099f29c763b177e73380a6d21cb1a388668be1aed7d7,inventoried; automated checks where applicable,No individual manual sign-off; see audit limitations.
backend/id_cards/libs/phpqrcode/tools/merged_header.php,third-party/bundled,1366,36,66dffd8c9ebbe9ce42af74ff35f411c9f38c7a97c2785e3e890e2d659dd90744,inventoried; automated checks where applicable,No individual manual sign-off; see audit limitations.
backend/id_cards/view_id_card.php,application-source,71,1,b70f1e1ef4b2d2ea928f9ce6b84c1b435282340ea5c56b6b4c4b4dd396ae7c6d,inventoried; automated checks where applicable,No individual manual sign-off; see audit limitations.
backend/migrations/002_add_academic_attendance_workflow.php,application-source,27958,593,ee865935d79f2f95b87a5da5328adb5cda58513031b28af05c48ee75ec1d62ea,inventoried; automated checks where applicable,No individual manual sign-off; see audit limitations.
backend/migrations/002_migration.php,application-source,27958,593,ee865935d79f2f95b87a5da5328adb5cda58513031b28af05c48ee75ec1d62ea,inventoried; automated checks where applicable,No individual manual sign-off; see audit limitations.
backend/migrations/003_add_assessments.php,application-source,9476,218,0077ad860a4dfa2fe95b9fa9c1970eb98a3be42bb62abe0956f94e48d8a3fcb0,inventoried; automated checks where applicable,No individual manual sign-off; see audit limitations.
backend/migrations/003_migration.php,application-source,9476,218,0077ad860a4dfa2fe95b9fa9c1970eb98a3be42bb62abe0956f94e48d8a3fcb0,inventoried; automated checks where applicable,No individual manual sign-off; see audit limitations.
backend/migrations/004_add_finance_material_tables.php,application-source,7649,183,bed9767ac127d213ba040ac3a529efe7e5f59edf210d794a24d4e4c8fe8912b6,inventoried; automated checks where applicable,No individual manual sign-off; see audit limitations.
backend/migrations/005_create_system_branding.php,application-source,4324,114,754acca870c71149faca0d8c2384e39029d213b84af8ee898558049d3258fe16,inventoried; automated checks where applicable,No individual manual sign-off; see audit limitations.
backend/migrations/005_optimize_database.php,application-source,11944,251,4734bf098c8cc75e88356aa39bfaa8ee9b154b7b6a057e2db598e8c6263a1c2d,inventoried; automated checks where applicable,No individual manual sign-off; see audit limitations.
backend/migrations/add_archive_columns.php,application-source,3022,81,3e634953c8d60fb8b5511cf6968964d37bc847970b62f89d0c61bdcbe1de2bc9,inventoried; automated checks where applicable,No individual manual sign-off; see audit limitations.
backend/migrations/auto_fix_database.php,application-source,26457,596,294f1f66593455b2e78f71b2e9f40c4e2d0f633d7a610644d7765406d838d280,inventoried; automated checks where applicable,No individual manual sign-off; see audit limitations.
backend/users/user-save.php,application-source,67,1,a76cb251cea5b216cf1f34b57a41fbcb2fc207eb2e1dd0afd7beb440254ffff7,inventoried; automated checks where applicable,No individual manual sign-off; see audit limitations.
branding_defaults.php,application-source,9603,130,09ab7097bebfa29e07975403fa8ca76dd1f9634591a91aad205cad34c78dd1cd,inventoried; automated checks where applicable,No individual manual sign-off; see audit limitations.
cgi-bin/.htaccess,application-source,17,1,74d7c0a057cc6a4e4b762757f8f69194a1249028bff3ede8ed80a66f06494d21,inventoried; automated checks where applicable,No individual manual sign-off; see audit limitations.
composer.json,asset/configuration,70,5,f8c33e4d6a44c684d3230a02177ff9a2e5848dc0a77cc167714cda015038c619,inventoried; automated checks where applicable,No individual manual sign-off; see audit limitations.
composer.lock,asset/configuration,16036,440,a1c1d65f0d16552b48a3c2b417ecdda21dcde9488a940457a6ea35a4d441d881,inventoried; automated checks where applicable,No individual manual sign-off; see audit limitations.
config.php,application-source,33547,890,20e115df02da27d456796983db27d1bb3e7f7c3f9ad07b54237d7c3b0fdd04aa,Changed sections manually reviewed; syntax/static checks; targeted verification only,F03: Controlled stale session: frontend request redirects within three seconds; login page publishes a fresh token. F04: Disabled synthetic Finance account rejected at the backend shim after forced revalidation. Interval remains 300 seconds. F19: Wrong-method matrix checks 405 + Allow: POST; missing/array CSRF rejected without fatal errors.
css/public_gallery.css,application-source,4417,42,2119a64426caa15b5bb61e5f646278127b3d4a1a7370eea3154ae666f2febfe4,inventoried; automated checks where applicable,No individual manual sign-off; see audit limitations.
database_schema.sql,application-source,12134,280,bc0fcff9e51f990462f4f5a82f50f9a424b1e4f6386f20117a4e96a9d4facad2,inventoried; automated checks where applicable,No individual manual sign-off; see audit limitations.
dns/cloudflare_import.txt,asset/configuration,14923,88,d8ae890d51454b590c586bdcce2eb8331a6d2fda604e226eed1b4a5cc62c26ee,inventoried; automated checks where applicable,No individual manual sign-off; see audit limitations.
dns/full_zone_decoded.txt,asset/configuration,30150,240,783b9b24b9901cd7f1570ad598fdd6ed121bece65a8dd08a31ac0c9a1b6b7ede,inventoried; automated checks where applicable,No individual manual sign-off; see audit limitations.
docs/audits/AUDIO_STORAGE_SETUP.md,documentation,13740,290,7106f369386cfea30f9f91b4d16548d837700e0fccc7727a94da05fb5bd2c43d,inventoried; automated checks where applicable,No individual manual sign-off; see audit limitations.
docs/audits/AUDIT_PHASE1_STRUCTURAL.md,documentation,40636,339,21fec23e98c94476731502daf97f89ac3ae9d60849914e23b589c81144d94db6,inventoried; automated checks where applicable,No individual manual sign-off; see audit limitations.
docs/audits/DEPLOYMENT_GUIDE.md,documentation,6167,134,c8dfde2bfdd25159dad38949df2c9520b12799dcd990831e595f6aa7fb0c5453,inventoried; automated checks where applicable,No individual manual sign-off; see audit limitations.
docs/audits/DEPLOYMENT_RUNBOOK.md,documentation,9591,208,a8932fc97d37014eef67991527c2875a6aeca9868917e75e76d3cdf8a51d9aab,inventoried; automated checks where applicable,No individual manual sign-off; see audit limitations.
docs/audits/FIXES_APPLIED.md,documentation,53262,964,fccfdf3a04bc99352653af87c01ca594b65823d9f3e03e21d4c51a10d63075b6,inventoried; automated checks where applicable,No individual manual sign-off; see audit limitations.
docs/audits/FOUNDATION_VERIFICATION.md,documentation,24132,318,1c2eff1895446bf645fc706c8a6c1a7dd319e17853b82bdc872e7c412d8d3f37,inventoried; automated checks where applicable,No individual manual sign-off; see audit limitations.
docs/audits/FUNCTIONAL_BUG_AUDIT.md,documentation,27707,286,1022f162e63aa1c2b196aed19b3c6f5cec215df5772b0c767f7275d7a6d427df,inventoried; automated checks where applicable,No individual manual sign-off; see audit limitations.
docs/audits/MEZMUR_DEEP_AUDIT.md,documentation,38372,468,a167bfc59741056f4a2ad4b6cdd726a2844a8d5e4762aa27d23c57d1d93e27c0,inventoried; automated checks where applicable,No individual manual sign-off; see audit limitations.
docs/audits/MEZMUR_WEB_AUDIT_P42.md,documentation,7772,181,d0d93c3714a501eaa3d44794d786d4978e8822ffa530bde5aa703747b7976ad9,inventoried; automated checks where applicable,No individual manual sign-off; see audit limitations.
docs/audits/PRODUCTION_HARDENING_PLAN.md,documentation,20666,251,66a952afccbf0e9b712d4823c6af7a98b69cda8af5ad995b72ff56b29ec42684,inventoried; automated checks where applicable,No individual manual sign-off; see audit limitations.
docs/audits/SEARCH_ROOT_CAUSE.md,documentation,6501,172,49c7f7f4aebe1be33d0b346b86ac9846b1b3612808e5c710318a2cd3286302de,inventoried; automated checks where applicable,No individual manual sign-off; see audit limitations.
docs/audits/SECURITY_AUDIT.md,documentation,29240,261,4691972a372b9af9d33d681956a73046ea70bf1ebd29ed390223ce4ccea2089d,inventoried; automated checks where applicable,No individual manual sign-off; see audit limitations.
docs/ci_cd/ARCHITECTURE.md,documentation,15696,398,2c9f6820a9366c64e914c28b9caa5bdd676a81c3679bd653da7b6bbe448a74aa,inventoried; automated checks where applicable,No individual manual sign-off; see audit limitations.
docs/ci_cd/GIT_CHEATSHEET.md,documentation,3516,141,625c6fbcc86e27605126f1f96525f6af084e72bd9d4ca5fa79ec64be125658c7,inventoried; automated checks where applicable,No individual manual sign-off; see audit limitations.
docs/ci_cd/SEARCH_LOAD_AND_ERRORS.md,documentation,5680,147,cd10890d0ddf1501835b05fde5b26f4e4597a44b1a8a856b8271fd55d4f0418f,inventoried; automated checks where applicable,No individual manual sign-off; see audit limitations.
docs/ci_cd/ci.yml.txt,documentation,6654,183,cc93efb7664ac1b324fbd52545c5e94ad037212c16378be8795b6f4df951bcd6,inventoried; automated checks where applicable,No individual manual sign-off; see audit limitations.
docs/mezmur_player/KARAOKE_SYNC_AUDIT_P50.md,documentation,12211,192,7f8746b7c9fd7bea98f0cd759ceb9695a07c3ceb1ffcc84cbf9ce00a34644b07,inventoried; automated checks where applicable,No individual manual sign-off; see audit limitations.
docs/mezmur_player/KARAOKE_SYNC_FIX_P50.md,documentation,14761,225,0da23a640c953702fc607707a400e7306d4fea3b56570f2cf249ee8261763aa3,inventoried; automated checks where applicable,No individual manual sign-off; see audit limitations.
docs/mezmur_player/LYRICS_ACCESSIBILITY_P52.md,documentation,6607,107,8b5e93011977d23c5b6036c7b7ba12a6ee3008bd9f1bf2f02f37e72e5c8e8491,inventoried; automated checks where applicable,No individual manual sign-off; see audit limitations.
docs/mezmur_player/LYRICS_ANIMATION_P51.md,documentation,7294,137,7458b09a3e684f36a21b7ae04ee2b4d4e592956156a9bf51d3cd7361e4c592b7,inventoried; automated checks where applicable,No individual manual sign-off; see audit limitations.
docs/mezmur_player/LYRICS_SPOTIFY_STYLE_P53.md,documentation,4393,94,ecb202e2ad0947bed315333fcd5536356f85e346a7d92c67a788beda4aedda71,inventoried; automated checks where applicable,No individual manual sign-off; see audit limitations.
docs/mezmur_player/LYRICS_SYNC.md,documentation,4210,125,db23e1c5a387c21ca6f356222e813ffd1097634999379cf67402f15bd2f97916,inventoried; automated checks where applicable,No individual manual sign-off; see audit limitations.
env.example.php,application-source,6304,114,69a7e557567ebe142a4442430182cb0f5fdf3b9d3ff2fd50d214c30631ece87a,inventoried; automated checks where applicable,No individual manual sign-off; see audit limitations.
frontend/js/core.js,application-source,19689,446,940cb264a7ec019c527e33914fa928f214942db8c94b3cf3be2e4811a6ff38ce,Changed sections manually reviewed; syntax/static checks; targeted verification only,"F06: Synthetic </script> name survives as data; focused browser attribute-injection probe; broad role rendering. Legacy templates have changed-section, not complete manual, coverage."
frontend/js/education_assignments.js,application-source,19363,384,030ff1132137a6647e5872821883ff867d5fbb48741dbc04047cc9684e3f2443,inventoried; automated checks where applicable,No individual manual sign-off; see audit limitations.
frontend/js/education_teachers.js,application-source,14883,309,1fa374beeca87e11a7d7e05586620646eafa76ebf10f1d015fece2180d1144fc,inventoried; automated checks where applicable,No individual manual sign-off; see audit limitations.
frontend/js/finance.js,application-source,27329,561,b36db8dc9eedd16af2e389805da6f729b535aee9ef4014d73efcfa672a93a328,Changed sections manually reviewed; syntax/static checks; targeted verification only,F13: Browser double-call sends one INSERT and preserves exact date. This is NOT server-side retry idempotency.
frontend/js/member-picker.js,application-source,3307,80,a74500295e489dc4a93cbdba4e9cc72556fdfd8c6d7742eea4ccd892cad3fb1a,inventoried; automated checks where applicable,No individual manual sign-off; see audit limitations.
frontend/js/mezmur.js,application-source,169154,3230,f12f49d854702eef4e723d6db5b5a3b13ad891643fcde97c9f74dd1a8adffc5a,Changed sections manually reviewed; syntax/static checks; targeted verification only,F31: Existing no-browser-popup checks now pass; Mezmur E2E/filter/browser checks. Physical audio timing still needs staging.
frontend/js/mezmur_player.js,application-source,31341,806,cb0889f7f00fa7aa81badf71851acdd54c3bd3dd819b329ffb15d931f1fddbde,inventoried; automated checks where applicable,No individual manual sign-off; see audit limitations.
frontend/layouts/base.php,application-source,10513,224,572819a6723cf09dd92d0b85756aa2aabb6b1f37085c0d49f8364147df3cf770,Changed sections manually reviewed; syntax/static checks; targeted verification only,"F06: Synthetic </script> name survives as data; focused browser attribute-injection probe; broad role rendering. Legacy templates have changed-section, not complete manual, coverage."
frontend/pages/dashboard.php,application-source,1418,44,c7e5978602720931642e8cd1e04abcba343397a4eebd59de6b8532e386238eb0,inventoried; automated checks where applicable,No individual manual sign-off; see audit limitations.
frontend/pages/edu_assignments.php,application-source,92,3,9726111965809e26badc32a94525a92298e010a22b61339b2a56594e6f69335b,inventoried; automated checks where applicable,No individual manual sign-off; see audit limitations.
frontend/pages/edu_teachers.php,application-source,92,3,9726111965809e26badc32a94525a92298e010a22b61339b2a56594e6f69335b,inventoried; automated checks where applicable,No individual manual sign-off; see audit limitations.
frontend/pages/finance_dept.php,application-source,21735,344,a451e6ee0d4ce8e13fe2aa98a1588ea3c37ddb5770f1e5b52ae7f0a74baef0dc,inventoried; automated checks where applicable,No individual manual sign-off; see audit limitations.
frontend/pages/login.php,application-source,5559,110,29b90576d0339f2f469eb7c1afadc06f264a841b00ec81f0b6ed09ba45603547,Changed sections manually reviewed; syntax/static checks; targeted verification only,F02: Both direct/shim authentication exercised; alternate login → Mezmur browser test; existing form-login checks pass.
frontend/pages/mezmur_dept.php,application-source,58486,954,961d4f1b7b416453387b8f63b7725b8ebb3c15f484148249299889cf126ed416,inventoried; automated checks where applicable,No individual manual sign-off; see audit limitations.
index.html,application-source,43932,716,266e8601ef63f92f303568fd31ca60548c97a8764b423f86b50a45b2cd82a8b2,inventoried; automated checks where applicable,No individual manual sign-off; see audit limitations.
index.php,application-source,48514,764,c7ca437609961daac75e0792deee61cb73e74043cca92b59f378fcc29c8bfdbb,inventoried; automated checks where applicable,No individual manual sign-off; see audit limitations.
js/public_gallery.js,application-source,11713,335,e29e61443141872f67ddd0ca1253c80eb8451fb03651a773681d89668b339c60,inventoried; automated checks where applicable,No individual manual sign-off; see audit limitations.
leak_detector.php,application-source,13947,319,264d42ff0c259632e6ccbdf11e12444e66906bd57bb13111b6c654f185894e9e,inventoried; automated checks where applicable,No individual manual sign-off; see audit limitations.
member.php,application-source,16609,336,5c3325d6ed0ad06594acb7fb8e6ac2d458c2a4cff1bbfb523232c3f6092843ef,Changed sections manually reviewed; syntax/static checks; targeted verification only,F28: Fixed-date tests before/after birthday and Ethiopian new year; future date returns unknown. Year-only legacy input remains an estimate.
monitor/.htaccess,application-source,903,36,99b86b61fa71bcc282aaa46f9720c506665455bfc96ffd87c92dc190393bd51f,inventoried; automated checks where applicable,No individual manual sign-off; see audit limitations.
monitor/dashboard.js,application-source,6783,187,5941986558841ab2ea811a0152a98ee124092b3aae64c37177624ff6ed092c12,inventoried; automated checks where applicable,No individual manual sign-off; see audit limitations.
monitor/error_monitor.php,application-source,32011,712,8b23923b29b5b97ecc406979a7e7650b9a3becb37b02c99b3bf273e8eb43fb8b,inventoried; automated checks where applicable,No individual manual sign-off; see audit limitations.
monitor/index.php,application-source,29806,443,fe0c6d4634eef50158f3aa073461e212905fe38237f5e4ad696e213a067c2446,inventoried; automated checks where applicable,No individual manual sign-off; see audit limitations.
monitor/uptime_cron.php,application-source,6495,158,e4ef17e2d8ec23ec3e7bf714316a21820487af1399e2b7de87f23f95b1cb355d,inventoried; automated checks where applicable,No individual manual sign-off; see audit limitations.
public_gallery.php,application-source,3763,111,e99a198067f5fa10ac744570e32763e509467dd4c2669aa949821ce498e26d6b,inventoried; automated checks where applicable,No individual manual sign-off; see audit limitations.
register_submit.php,application-source,3484,63,7a8bead5408f6c198979bfba0ef0d5172174d8c0e5f7ece5788fb400a600e428,Changed sections manually reviewed; syntax/static checks; targeted verification only,F27: Malformed fields rejected; honeypot stores nothing; eight concurrent valid submissions produce exactly five successes and three 429s.
robots.txt,asset/configuration,217,10,4f762c95965482b37107e21d335b4cbf9b2a425e618810755673586f615da8e3,inventoried; automated checks where applicable,No individual manual sign-off; see audit limitations.
school_config.php,application-source,21125,342,31ab07e5f6460a0645829d162ec8ff92faeb8402f5b3c109fe2664a2a1a98b63,inventoried; automated checks where applicable,No individual manual sign-off; see audit limitations.
sql/001_production_patch.sql,application-source,3122,70,0705875b665c45fcfb33bd1e2747e209ae123470d61f75c193adcd05c376832b,inventoried; automated checks where applicable,No individual manual sign-off; see audit limitations.
sql/002_cms_schema.sql,application-source,6829,154,caecd0780cac26c71ba60a064f19aa41346d31d5cb01b65c0b175877ae60752d,inventoried; automated checks where applicable,No individual manual sign-off; see audit limitations.
sql/003_production_hardening.sql,application-source,9837,182,289c3948afa115ecbcbe73f5c261871bbcccdf818da21f5c8e8c1a8c32c69146,inventoried; automated checks where applicable,No individual manual sign-off; see audit limitations.
sql/004_year_lifecycle.sql,application-source,7876,170,0cc81b4bb6f24935667d15e1833ba803d50ceb0db3a1dc1724b9bb48c4dcf330,inventoried; automated checks where applicable,No individual manual sign-off; see audit limitations.
sql/005_roster_indexes.sql,application-source,2586,58,b22f9ed4e7a4f40521fe6ffe1a0b4585217b8b8ae7130c85148efe916f4ede5d,inventoried; automated checks where applicable,No individual manual sign-off; see audit limitations.
sql/006_assignment_hardening.sql,application-source,7460,191,8aaa45c699e4df0ff682697fc9060a0fcb961c02153e3650cf4ede42360d377d,inventoried; automated checks where applicable,No individual manual sign-off; see audit limitations.
sql/007_timetable.sql,application-source,1798,37,0bcecb50ee963f439994c0297e81c24314dcc58280fcf0724b0e56385e291b04,inventoried; automated checks where applicable,No individual manual sign-off; see audit limitations.
sql/008_security_rate_limits.sql,application-source,962,17,54229f83873d6afccf032d1243484802476418de1d480f063fbb534bd1b12949,inventoried; automated checks where applicable,No individual manual sign-off; see audit limitations.
sql/009_api_idempotency.sql,application-source,1973,36,96a935cd38fb726050c93bc1506b3bbbc8a827746d25a9a4dbfddb3caecec3f7,inventoried; automated checks where applicable,No individual manual sign-off; see audit limitations.
sql/010_refresh_token_rotation.sql,application-source,2080,37,009a67552957749b166252810b1ffee19f6859783255bb9ca332ab79bc05bf74,inventoried; automated checks where applicable,No individual manual sign-off; see audit limitations.
sql/011_monitor_schema.sql,application-source,3844,82,76ba21d2327271366556ef178d39cd906d90cb8a161393e5fdccbee104125d2e,inventoried; automated checks where applicable,No individual manual sign-off; see audit limitations.
sql/012_runtime_schema_baseline.sql,application-source,16914,357,ca8f9bc276589d7c1212ed2dc5bfcfb501274b12cb4424a9e3bf90ef4efea203,inventoried; automated checks where applicable,No individual manual sign-off; see audit limitations.
sql/013_application_schema_completion.sql,application-source,20726,390,bca772358f5b0e1ba50652490db0a8259b50275a4a27562f2153de722ea0338e,inventoried; automated checks where applicable,No individual manual sign-off; see audit limitations.
sql/014_member_directory_scaling.sql,application-source,2811,69,d862d2406acc7af8aa0050c889f6f705b05330eb7de4427c0300b7630555d637,inventoried; automated checks where applicable,No individual manual sign-off; see audit limitations.
sql/015_explicit_attendance_status.sql,application-source,345,7,00606cd8cb4a0619701ed348e229a319adf291082e2d612952575e657c1f457d,inventoried; automated checks where applicable,No individual manual sign-off; see audit limitations.
sql/016_member_duplicate_lookup.sql,application-source,1497,46,6986d1e998c92392913381342321fc400d76972b88d707268c9c145d4f682944,inventoried; automated checks where applicable,No individual manual sign-off; see audit limitations.
sql/017_identity_codes.sql,application-source,6080,119,aa37d705dc595489e29d30ea09c5dc425293b24cadbfb6f0ce78028e3450a3a3,inventoried; automated checks where applicable,No individual manual sign-off; see audit limitations.
sql/018_code_sequences_and_year_uniqueness.sql,application-source,3106,74,bd152f4a5feb56d08a7d777d72c836578fe9604070ed64e309d4fbd87468277d,inventoried; automated checks where applicable,No individual manual sign-off; see audit limitations.
sql/019_member_types_and_under6_removal.sql,application-source,4906,104,d00b55a49ee68a9ab2333491637a3ebcad7971e1331c748de24cb4bab5f6c9cd,inventoried; automated checks where applicable,No individual manual sign-off; see audit limitations.
sql/020_identity_v2.sql,application-source,2108,55,af73f5e5b3015ecba9d00cf1c167cc86bb09fe208486b7117afca4340649d507,inventoried; automated checks where applicable,No individual manual sign-off; see audit limitations.
sql/021_mezmur_department.sql,application-source,2642,44,c93bf2868dc8ef7bb51547d49514ac0ea1fefbbc7afc84ce5dc0d7d8af4646e8,inventoried; automated checks where applicable,No individual manual sign-off; see audit limitations.
sql/022_mezmur_attendance.sql,application-source,3577,65,aefd57d75bf4c7a98697d0e6c0c554103753e4c654a02367266ac19097562db8,inventoried; automated checks where applicable,No individual manual sign-off; see audit limitations.
sql/023_mezmur_date_attendance.sql,application-source,4785,92,6f090a300c83532a1a87977aba7f13320c88d4787f46dc5144f33f6f7dde3ddd,inventoried; automated checks where applicable,No individual manual sign-off; see audit limitations.
sql/024_mezmur_submissions.sql,application-source,4864,92,e13a7837327bcf5c2924447bb79f3e7c5e0fd2f672dbbd39f76cf8c75d001068,inventoried; automated checks where applicable,No individual manual sign-off; see audit limitations.
sql/025_mezmur_hymn_offline.sql,application-source,3486,69,77f4bf35f2ee23291e6cc7c133c70b60ff3bee6bc0c3eb24ee43117fcb07cdd7,inventoried; automated checks where applicable,No individual manual sign-off; see audit limitations.
sql/026_hr_attendance.sql,application-source,5305,91,320860aea18faab6146ded0c37a2de31cb9273e16b937f002851a40a7c48bcba,inventoried; automated checks where applicable,No individual manual sign-off; see audit limitations.
sql/027_attendance_rollup.sql,application-source,2098,36,c589924c514548ed06243037b0c46969ccc2f137905e56864977de7281c6b888,inventoried; automated checks where applicable,No individual manual sign-off; see audit limitations.
sql/028_analytics_scale.sql,application-source,2499,63,e7faab9cc6235ed018f50c907c96ec171698b9e1aedb854a8ef5c9338a25194a,inventoried; automated checks where applicable,No individual manual sign-off; see audit limitations.
sql/029_subject_codes_and_limits.sql,application-source,1637,31,52118ee40bbdd8345305158d22a215201443d9d3ab9ab984d3c7079626158334,inventoried; automated checks where applicable,No individual manual sign-off; see audit limitations.
sql/030_mezmur_taxonomy.sql,application-source,5249,92,6f234a0bcb64057226bdce7cf32739d991e9245049fc0901f37ce6cf685105c0,inventoried; automated checks where applicable,No individual manual sign-off; see audit limitations.
sql/030_roster_scale_indexes.sql,application-source,915,16,c8f00ec19ea74c979785a08df14ca229a6a3a4cb56efd35c33108e1591e9fcdf,inventoried; automated checks where applicable,No individual manual sign-off; see audit limitations.
sql/031_mezmur_hymn_title_unique.sql,application-source,2244,41,d1d5eb082efb446471071220f6f7c4621561da02d44b56c827bcc8b6ad113e50,inventoried; automated checks where applicable,No individual manual sign-off; see audit limitations.
sql/032_mezmur_hymn_words.sql,application-source,641,13,235c77d9a1f11833efac1045cbc53bf5eebd1ba451dbc18b58bd0f21cbe62591,inventoried; automated checks where applicable,No individual manual sign-off; see audit limitations.
sql/033_mezmur_single_title.sql,application-source,2168,48,2fa03dab4fa3580d1ab4dc0ae6e8b4f9d343a25c623a3acf238f8a93e34a324b,inventoried; automated checks where applicable,No individual manual sign-off; see audit limitations.
sql/034_mezmur_subcategories.sql,application-source,3411,67,ba34612bfd851667488c9452cc7424803364ca1d82c8a64ece5d6fc0afbf331f,inventoried; automated checks where applicable,No individual manual sign-off; see audit limitations.
sql/035_mezmur_category_gradient.sql,application-source,728,12,4b6920954a96fd86e969302cb4cd9a65aa587477d7b254c9797ea2c072dd0683,inventoried; automated checks where applicable,No individual manual sign-off; see audit limitations.
sql/036_mezmur_gradient_alpha.sql,application-source,476,8,786aed7ff55b6ac01f6e88fbef736fa8db2a8ed48809caf0d4d3e81a8b76b833,inventoried; automated checks where applicable,No individual manual sign-off; see audit limitations.
sql/037_zemarian_images.sql,application-source,553,9,28ee2a3f6293fc2a3f5345a5391f9322d4fcc7ac49df00258095cc651d411f4b,inventoried; automated checks where applicable,No individual manual sign-off; see audit limitations.
sql/038_mezmur_audio_media.sql,application-source,6547,112,c5fdea497d9c06fbe2452d5b6daa963b1bd02f5e020a3ed15cd77f42692c3d0a,inventoried; automated checks where applicable,No individual manual sign-off; see audit limitations.
sql/039_mezmur_word_index_fold.sql,application-source,4107,86,59ea6e4baa745f37e595b16e6738fa06b7a4221dc38d733f3bc956bd7b3cfe5f,inventoried; automated checks where applicable,No individual manual sign-off; see audit limitations.
tests/audit/README.md,test/tooling,5799,83,4fba388fdc6c0c02f2cd91b7a04ea127fef420300b889fd299ad214e05facfa4,inventoried; automated checks where applicable,No individual manual sign-off; see audit limitations.
tests/audit/browser_contracts.cjs,test/tooling,7004,94,1b37b583b6e7a3d0c628d34d9d5c81227cb21057baf8c0a40adcf906d3b966d7,inventoried; automated checks where applicable,No individual manual sign-off; see audit limitations.
tests/audit/browser_regressions.cjs,test/tooling,9412,138,dee45e2c61df46887f8e5a3abf45cf8513b671d59f11109685c698465e085fa0,inventoried; automated checks where applicable,No individual manual sign-off; see audit limitations.
tests/audit/check_api_bootstrap.py,test/tooling,1684,30,31d5c7d435c942cbbedf2e5ab24495e880dd96302bf9e0775a7f9d90fc42d0af,inventoried; automated checks where applicable,No individual manual sign-off; see audit limitations.
tests/audit/db_fixture.php,test/tooling,4508,75,c880ebccf639117fc3f076a4f7d8a1ba37fe49b5554b5c0db49acfc110499231,inventoried; automated checks where applicable,No individual manual sign-off; see audit limitations.
tests/audit/http_regressions.py,test/tooling,39016,605,2d65cff6b147bc5c65ce63188d39b5ef5d5ace749b4f7d8281a9999cb245c067,inventoried; automated checks where applicable,No individual manual sign-off; see audit limitations.
tests/audit/static_inventory.py,test/tooling,6144,117,252bd29d7a8cf0c1b256b6e6ab17e1de34ed1a6127ebb27fe1a425b1fe70baf5,inventoried; automated checks where applicable,No individual manual sign-off; see audit limitations.
tests/audit/test_static_safety.py,test/tooling,3769,80,03d9dd10e5aa62e418ecc5897429d50922ceca254e4dd6af0777cc60c8a35821,inventoried; automated checks where applicable,No individual manual sign-off; see audit limitations.
tests/e2e/analyze_flutter.sh,test/tooling,1584,39,735595adab52d7e648250757e96f474d879c80efac0ce93b7ce86ed0e987ee35,inventoried; automated checks where applicable,No individual manual sign-off; see audit limitations.
tests/e2e/client.sh,test/tooling,2840,70,9ef2a7788afe956c01f2a28b0c5d3ab60028908eefce1814593a4a4d523191ad,Changed sections manually reviewed; syntax/static checks; targeted verification only,F32: Flutter 332 tests pass; existing E2E 154 pass; 31 other legacy assertions and six setup errors remain explicitly unresolved.
tests/e2e/filter_behavior_test.js,test/tooling,8168,167,2a53397c6541a9980b10b836e7e3d2ef2330598c92155af1c803d36eee3666b5,Changed sections manually reviewed; syntax/static checks; targeted verification only,F32: Flutter 332 tests pass; existing E2E 154 pass; 31 other legacy assertions and six setup errors remain explicitly unresolved.
tests/e2e/provision_env.sh,test/tooling,5924,109,54520cc128a0a33ba1610ffa119e625019ae9d7be6f4636becc500d04593eba7,Changed sections manually reviewed; syntax/static checks; targeted verification only,F07: Apache path-denial tests and independent CGI execution prove PHP guards work without .htaccess. No unsafe seeder request was sent to production.
tests/e2e/run_smoke.sh,test/tooling,66486,682,afcc4f40fe79f785cdf9e545a0ab49e3b6f1e590798aee3ecaf6458e8935a553,Changed sections manually reviewed; syntax/static checks; targeted verification only,F07: Apache path-denial tests and independent CGI execution prove PHP guards work without .htaccess. No unsafe seeder request was sent to production. F32: Flutter 332 tests pass; existing E2E 154 pass; 31 other legacy assertions and six setup errors remain explicitly unresolved.
tests/e2e/seed.php,test/tooling,11432,235,157ed4cb8c7c67dffaae591bcc8c3ff5ca5b706b96c9d16f7da1362f8fdc9481,Changed sections manually reviewed; syntax/static checks; targeted verification only,F07: Apache path-denial tests and independent CGI execution prove PHP guards work without .htaccess. No unsafe seeder request was sent to production.
tests/fixtures/attendance_record_policy.fixture,test/tooling,1837,64,734b8e2f570cadfa97cdf43c664d9a81dec861be17de61cd5f71671c9dcf0949,inventoried; automated checks where applicable,No individual manual sign-off; see audit limitations.
tests/fixtures/feature_gate.fixture,test/tooling,1523,34,25d11e4b97f3269d9cf8cdc6da071d8cec6c2fe29719bdf71c7f7c55f524990a,inventoried; automated checks where applicable,No individual manual sign-off; see audit limitations.
tests/fixtures/member_directory_integration.fixture,test/tooling,10565,288,65c0fd8b8a3fcdefcba6c51606cb43f2f5d774e303f5ab335868092f3f016d3c,inventoried; automated checks where applicable,No individual manual sign-off; see audit limitations.
tests/fixtures/member_duplicate_policy.fixture,test/tooling,697,15,1de910adfc56ffe978b67407c5f5a5768b7101946718085b93a6e3b7bbda8c27,inventoried; automated checks where applicable,No individual manual sign-off; see audit limitations.
tests/fixtures/member_registration_policy.fixture,test/tooling,1757,57,886b11589eaac1b8dc859f5554776bf51924e33725721f18a30d369d9538877c,inventoried; automated checks where applicable,No individual manual sign-off; see audit limitations.
tests/fixtures/member_report_render.fixture,test/tooling,2042,87,49a94a45c34f29249761d5f77508f82c8dc6720893c54710922e0a4dcc4a1c8a,inventoried; automated checks where applicable,No individual manual sign-off; see audit limitations.
tests/fixtures/password_policy.fixture,test/tooling,840,21,c9f6f74ca9cc2f641b67ebfe6e819dd04969ee72c5e75a7329180e0e1f6a8854,inventoried; automated checks where applicable,No individual manual sign-off; see audit limitations.
tests/fixtures/report_format.fixture.js,test/tooling,1386,37,9aebeb82a296efca8b3f663c2dd42473719331a02970da20257d67f00bd9d955,inventoried; automated checks where applicable,No individual manual sign-off; see audit limitations.
tests/security/test_admin_login_rate_limiting.py,test/tooling,1739,42,d82a13d7d6037b85c37f028aac40889d477b5d939bd7a364ce9dc1cc024a6a5d,inventoried; automated checks where applicable,No individual manual sign-off; see audit limitations.
tests/security/test_admin_session_guard.py,test/tooling,2614,54,8ef4cbb6edcc1ec81adc6bcc197fb114527cec3edc82cf6a988a52e2093a8bb1,Changed sections manually reviewed; syntax/static checks; targeted verification only,F32: Flutter 332 tests pass; existing E2E 154 pass; 31 other legacy assertions and six setup errors remain explicitly unresolved.
tests/security/test_api_idempotency.py,test/tooling,2118,48,23d277d72867b33ed20dbb278affa50f5463aa0bdb94a70522e73894c4574143,inventoried; automated checks where applicable,No individual manual sign-off; see audit limitations.
tests/security/test_api_rate_limiting.py,test/tooling,1258,32,d2e4d83593d95d85b871f4073d1a78cbd996f8b525762a8fff5bdb0e03dcf16e,inventoried; automated checks where applicable,No individual manual sign-off; see audit limitations.
tests/security/test_app_lock.py,test/tooling,9082,173,7a361eef6d57d531f01160d100fbfd5caf624819f6c0975666df7595cc8104c2,inventoried; automated checks where applicable,No individual manual sign-off; see audit limitations.
tests/security/test_attendance_integrity.py,test/tooling,6347,133,51bd1c6031aa9436af6e67f3ecc73a22a7b60de889cf72cbe5a3ee44bbe904e1,inventoried; automated checks where applicable,No individual manual sign-off; see audit limitations.
tests/security/test_attendance_summary_single_writer.py,test/tooling,5138,124,f3437ec49f7cfbf66ba21ab858c040eb1dc324edca64a2f6b1f4ac9d6ffd72f7,inventoried; automated checks where applicable,No individual manual sign-off; see audit limitations.
tests/security/test_backup_hardening.py,test/tooling,4424,87,511ecce69c9a7ccda815bf31e0655eb902695f078169cf3c661ab33b3da558b6,inventoried; automated checks where applicable,No individual manual sign-off; see audit limitations.
tests/security/test_console_parity_hardening.py,test/tooling,5616,139,7ebb7cc4b515ed3e9bc3f107871aeffe2a4130fd0bcad30ad55ee1459751883e,inventoried; automated checks where applicable,No individual manual sign-off; see audit limitations.
tests/security/test_dashboard_report_format.py,test/tooling,1932,55,022497e4819dd9ea9613408a808506e557373d91c8a6b8192330d5bae28163f4,inventoried; automated checks where applicable,No individual manual sign-off; see audit limitations.
tests/security/test_dashboard_role_routing.py,test/tooling,8091,146,44d24dd85f4f73c0b42e1515a25ee488cfeea90f6af77ab95c7ac4e40e5f491a,inventoried; automated checks where applicable,No individual manual sign-off; see audit limitations.
tests/security/test_deployment_tool_hardening.py,test/tooling,4526,95,89d8e9a026e0e7a83799fda97a66c82e3c3a24d7497c8dd010037ab30e0cda09,inventoried; automated checks where applicable,No individual manual sign-off; see audit limitations.
tests/security/test_dept_takers.py,test/tooling,6576,119,e692efd02392c24427949a27d92af39ccde21fdabd82dfd08c1d64201e6737b5,inventoried; automated checks where applicable,No individual manual sign-off; see audit limitations.
tests/security/test_error_disclosure.py,test/tooling,2395,59,fc9aecbf325a433b858b4118559233ff053e9b2932637939f75fe673febd6fb4,inventoried; automated checks where applicable,No individual manual sign-off; see audit limitations.
tests/security/test_error_monitor_privacy.py,test/tooling,3295,67,80a7576a93622c97bd0383cd4748395728eb4f05df9def3cff4e333b75c522ff,inventoried; automated checks where applicable,No individual manual sign-off; see audit limitations.
tests/security/test_feature_gate_enforcement.py,test/tooling,5990,118,11deda6664227e77a5c44dc11bcc3c644af30d614dbaded7d0fc7b8d94430c45,inventoried; automated checks where applicable,No individual manual sign-off; see audit limitations.
tests/security/test_hr_attendance_domain.py,test/tooling,10468,199,c1eaf9668ff77d328bbd8d64aec67c31093ee53319af4b40d9797f04b464ae98,inventoried; automated checks where applicable,No individual manual sign-off; see audit limitations.
tests/security/test_id_card_subsystem_hardening.py,test/tooling,7151,159,33a5b3a920029d94088d89a0773e6e58dfb635a70401c60ef3ee7ab46f9a4668,inventoried; automated checks where applicable,No individual manual sign-off; see audit limitations.
tests/security/test_identity_code_integrity.py,test/tooling,8580,171,73b50899ac1955c0a4fb7a183b40951fab16c57cac8188fe33feb164562f9606,inventoried; automated checks where applicable,No individual manual sign-off; see audit limitations.
tests/security/test_identity_management.py,test/tooling,13830,259,b01827a0e95c5737d75100d922715b72de7c8914b3bd82ff4fb7b91bcea52dd3,inventoried; automated checks where applicable,No individual manual sign-off; see audit limitations.
tests/security/test_impersonation_session_guard.py,test/tooling,2952,73,af996006eefe43986386a522f64a0afba63599aed4761216a44708aeecc2013a,inventoried; automated checks where applicable,No individual manual sign-off; see audit limitations.
tests/security/test_info_analytics_hub.py,test/tooling,7777,185,ea9dd162c6b03a1a971dcdf26a6e753a26bffa2e843162beaacee0857faa6a31,inventoried; automated checks where applicable,No individual manual sign-off; see audit limitations.
tests/security/test_member_directory_scaling.py,test/tooling,10673,212,a470d1b739ea560ad3d5193d1d016ee96f6861ec9002be190942f519e198e642,inventoried; automated checks where applicable,No individual manual sign-off; see audit limitations.
tests/security/test_member_duplicate_enforcement.py,test/tooling,5271,106,daaf100854d77ae5fb47f134671f3f74abf047b97d01a33a9e6944693bbbcc8d,inventoried; automated checks where applicable,No individual manual sign-off; see audit limitations.
tests/security/test_member_registration_contract.py,test/tooling,4232,98,fec3c979698b0918f0f14b30c4e6f8a36b07eff2e01f285a6503ca4b4eae3af9,inventoried; automated checks where applicable,No individual manual sign-off; see audit limitations.
tests/security/test_member_report_scaling.py,test/tooling,5533,119,94878600952d46ebbc8a53d77e17fc00506ce6b08b9576109732abe553c8188d,inventoried; automated checks where applicable,No individual manual sign-off; see audit limitations.
tests/security/test_member_verification_hardening.py,test/tooling,2717,70,f5435927c675dd315b5e31f35e34a37dbf1a2b2c4804cce4efe759cd1b1ed405,inventoried; automated checks where applicable,No individual manual sign-off; see audit limitations.
tests/security/test_mezmur_attendance.py,test/tooling,12991,231,b61f55c9d66faac7326bd789aa43840e9350c2cc74a2037c893302663c604287,inventoried; automated checks where applicable,No individual manual sign-off; see audit limitations.
tests/security/test_mezmur_mobile_phase4.py,test/tooling,9535,172,031e5556a3f6e8ead1be004b25c9260b5aa73380072e72fa26f44b89bd9c91ca,inventoried; automated checks where applicable,No individual manual sign-off; see audit limitations.
tests/security/test_mezmur_module.py,test/tooling,9430,168,ebdf3959d5b2bb387b59438ecf01164c66722886d33724eb4911b1fe39fa31f8,inventoried; automated checks where applicable,No individual manual sign-off; see audit limitations.
tests/security/test_mezmur_phase5.py,test/tooling,151107,2936,2d356c46f9274dde572ec90572e68871019b7399f92e0768d59c867e26a4d536,inventoried; automated checks where applicable,No individual manual sign-off; see audit limitations.
tests/security/test_mezmur_uiux.py,test/tooling,11868,213,1f621a26cf20a4ea0945e5ea2ab8c69eb810d3b6471d188ab56111d19cfc829d,inventoried; automated checks where applicable,No individual manual sign-off; see audit limitations.
tests/security/test_mobile_local_storage.py,test/tooling,4897,93,0e20e5d973d1a78403c2e999d3d4efdcc60b90f7628a9266bbecb05af08359e2,inventoried; automated checks where applicable,No individual manual sign-off; see audit limitations.
tests/security/test_monitor_authentication.py,test/tooling,2498,55,de66b2d8f55e9bc87aa68da6825632f0e00cf8e35bd1531593a68153ca2644b9,inventoried; automated checks where applicable,No individual manual sign-off; see audit limitations.
tests/security/test_password_policy.py,test/tooling,3900,86,375981358ce0d110a7a2c2ada506ba7868f400979a3bf313a1cad67989f66b7c,inventoried; automated checks where applicable,No individual manual sign-off; see audit limitations.
tests/security/test_pdf_report_engine.py,test/tooling,6225,135,24f26d2d5133c077d2e4a76aba0c1d4503f596c157901068f18d9cbb7a88dbac,inventoried; automated checks where applicable,No individual manual sign-off; see audit limitations.
tests/security/test_phase9_mobile_reviews.py,test/tooling,5101,113,56c51ea77e560e372ab2d6b690144693c2524801bc209eb8714573a06f8013b4,inventoried; automated checks where applicable,No individual manual sign-off; see audit limitations.
tests/security/test_private_member_files.py,test/tooling,4142,85,8235a5b3026a991c264e61b264477c6fd8d9651ae0a36fcc5149d61a8bbaab58,inventoried; automated checks where applicable,No individual manual sign-off; see audit limitations.
tests/security/test_qr_attendance_hardening.py,test/tooling,6972,160,18a19ab5f6677f6761a42b7362f0958492d47e57eaa48e7d09420b6da7efd3ed,inventoried; automated checks where applicable,No individual manual sign-off; see audit limitations.
tests/security/test_refresh_token_rotation.py,test/tooling,3253,69,f5dea5f66684cef145048f32058597c43c83ddf5f4c79861fe6d32e3b66a6592,inventoried; automated checks where applicable,No individual manual sign-off; see audit limitations.
tests/security/test_request_time_schema.py,test/tooling,4165,104,e98a6c5a23c23879bcf31536f37295147019addcd1ba06b8af5962ec48c7d6bf,inventoried; automated checks where applicable,No individual manual sign-off; see audit limitations.
tests/security/test_runtime_schema_ownership.py,test/tooling,1942,54,3264a6c5bc1529add210c2cefc76354e37a075fad2cb3ccb86ef1353f4b900b1,inventoried; automated checks where applicable,No individual manual sign-off; see audit limitations.
tests/security/test_scale_hardening.py,test/tooling,4330,108,98a7d578899c4789402fb8ba864d0237b0a5826f88a435622cbd9e6df9fe9a6d,inventoried; automated checks where applicable,No individual manual sign-off; see audit limitations.
tests/security/test_search_autofill_hardening.py,test/tooling,3696,89,a8f6323aed0a1b0230d1b3e4b40177e03c07b1536b8cd7659888e815ccf6e0ce,inventoried; automated checks where applicable,No individual manual sign-off; see audit limitations.
tests/security/test_security_headers.py,test/tooling,1689,45,f8c0a62a864543e2dd426f5ccd882d48d2330af7ff8c5425cc493c954212989f,inventoried; automated checks where applicable,No individual manual sign-off; see audit limitations.
tests/security/test_transactional_promote_transfer.py,test/tooling,2981,71,6f5773a2f2e6038e5d92234a4796bd40233119d193b11aab251b4812437cae1d,Changed sections manually reviewed; syntax/static checks; targeted verification only,F32: Flutter 332 tests pass; existing E2E 154 pass; 31 other legacy assertions and six setup errors remain explicitly unresolved.
tests/smoke/hr_phase6_smoke.php,test/tooling,8901,162,d5df6907e04c852b9c747b248171e5d73c07e6098fef057ef4225d341bd74fd2,inventoried; automated checks where applicable,No individual manual sign-off; see audit limitations.
tests/smoke/info_phase7_smoke.php,test/tooling,14025,239,f6643887af18d2607425b918fc813ab0b2e2b4927097567a42279ca3ed852aa7,inventoried; automated checks where applicable,No individual manual sign-off; see audit limitations.
tests/smoke/mezmur_phase5_smoke.php,test/tooling,15265,267,1865401b7abe10c2a2178c9345069d1104a6868fab7c93ebb9f7ff6b9d13448b,inventoried; automated checks where applicable,No individual manual sign-off; see audit limitations.
tests/smoke/pdf_phase7_smoke.php,test/tooling,4786,95,f11bb3aa19147fbdad7ee6363ccd26ab936f89f878ec5ee491eab09d44aed09a,inventoried; automated checks where applicable,No individual manual sign-off; see audit limitations.
tests/smoke/qr_phase8_smoke.php,test/tooling,4260,106,a4b92ef8bf281a1046f6a5fd5387c3d73c29aa8fef5f5fc929ba06e5d2f3d0a0,inventoried; automated checks where applicable,No individual manual sign-off; see audit limitations.
tests/smoke/scale_phase7_smoke.php,test/tooling,5151,110,ed74f98b03df1272954cd27fd840090748bed8e05effccede9fde8a4ed1e8da6,inventoried; automated checks where applicable,No individual manual sign-off; see audit limitations.
themes/components.css,application-source,41994,869,225a84b9b7fc820e75580f9a79ac32bff463eba227154fdf44b10747cf832618,inventoried; automated checks where applicable,No individual manual sign-off; see audit limitations.
themes/fkss/assets/logos/icon-192.png,asset/configuration,52080,,d4984bc3c4d9701e95243d951793b78650367c1ff94dbe0a28b6f7db4adb46e3,inventoried; automated checks where applicable,No individual manual sign-off; see audit limitations.
themes/fkss/assets/logos/icon-512.png,asset/configuration,288513,,4eb2b2755f93bdda7b53e45d52b0f526ed17d47e22dc5187359fc0c5ad48089f,inventoried; automated checks where applicable,No individual manual sign-off; see audit limitations.
themes/fkss/assets/logos/school_logo.png,asset/configuration,185607,,b267adfd85915043dcdd06f54861db5c4c602624ddffac7183c6eeaad03a7263,inventoried; automated checks where applicable,No individual manual sign-off; see audit limitations.
themes/fkss/theme.css,application-source,30538,562,21ba9d293adfff6c71887ab946bbd5324bb0d1e406a04e42c468a1908108908d,inventoried; automated checks where applicable,No individual manual sign-off; see audit limitations.
themes/wbss/assets/seals/school_seal.png,asset/configuration,247158,,39b5de311a3d50bfdb8f04d949c8a8e15bbef868d4598bfbb27f1a148a69f839,inventoried; automated checks where applicable,No individual manual sign-off; see audit limitations.
themes/wbss/assets/signatures/head_signature.png,asset/configuration,14875,,a0f5f6c7a2c2edd061ace73c5fc45e4170cdd9dba51c9cf70c12292efb765040,inventoried; automated checks where applicable,No individual manual sign-off; see audit limitations.
themes/wbss/theme.css,application-source,30175,557,21221e0c3c8901f087de968d0a7b6bbddab2ff12607c6f6dde0fb62f31a3ee92,inventoried; automated checks where applicable,No individual manual sign-off; see audit limitations.
tools/find_stored_mojibake.php,test/tooling,4757,134,75db0b5b118c6f3dc7f8dd42988d159f086936b6ca9ef02dea713b371b721e08,Changed sections manually reviewed; syntax/static checks; targeted verification only,F07: Apache path-denial tests and independent CGI execution prove PHP guards work without .htaccess. No unsafe seeder request was sent to production.
tools/fix_mojibake.py,test/tooling,4362,139,312503331ff1e9495cfa31cde36c9206e10ae344c71c10fc4664f7bdf4018197,inventoried; automated checks where applicable,No individual manual sign-off; see audit limitations.
uploads/.htaccess,application-source,1235,39,b5e085908bec76e27ed16597d7dbb4573cd71d7736f6f6ceea557498b20abad3,Changed sections manually reviewed; syntax/static checks; targeted verification only,"F09: Harmless temporary .php8, .php.jpg and .phar files return 403; normal private PDF streaming still works."
uploads/gallery/README.txt,asset/configuration,52,1,9faff83313ca600a0b8b80a85b024893fdbe3b63a94eb045e0b992c5d6feb178,inventoried; automated checks where applicable,No individual manual sign-off; see audit limitations.
uploads/mezmur_categories/.htaccess,application-source,167,5,1296ef1288b5e02c66eacf223c06abb5ea1d01a12dc8d369c4b71cf69667abee,inventoried; automated checks where applicable,No individual manual sign-off; see audit limitations.
uploads/mezmur_zemarians/.htaccess,application-source,297,11,1a037fadff1f8bab021aafe7d7717a108a94978da2f122675bf42582c2f39193,Changed sections manually reviewed; syntax/static checks; targeted verification only,"F09: Harmless temporary .php8, .php.jpg and .phar files return 403; normal private PDF streaming still works."
uploads/teachers/README.txt,asset/configuration,52,1,fcabe698a45cddc6bb6914563a00a5d86a5637298406aaf9c720d3d35821ef19,inventoried; automated checks where applicable,No individual manual sign-off; see audit limitations.
vendor/autoload.php,third-party/bundled,771,25,441f43445be76eb7d7f9edf98c4180230234a4cd56b508c55658feb49de75d28,inventoried; automated checks where applicable,No individual manual sign-off; see audit limitations.
vendor/composer/ClassLoader.php,third-party/bundled,16378,579,d4b2313e562edf942838ec316d983c1a3459ca67da3e5658e861200b0b3693c2,inventoried; automated checks where applicable,No individual manual sign-off; see audit limitations.
vendor/composer/InstalledVersions.php,third-party/bundled,16222,362,d56fb4ee242d06a669a8a31e9b2fa9216eae4cd3e289ae2120b49b116312a624,inventoried; automated checks where applicable,No individual manual sign-off; see audit limitations.
vendor/composer/LICENSE,third-party/bundled,1070,21,c8cce4b6b9729f264ffdf9296d505d63432497feeed1f586d1902b942197e024,inventoried; automated checks where applicable,No individual manual sign-off; see audit limitations.
vendor/composer/autoload_classmap.php,third-party/bundled,222,10,375085d0d6690301081436cd75755cb2c882f8a7f6fc385c8814a11734fc413a,inventoried; automated checks where applicable,No individual manual sign-off; see audit limitations.
vendor/composer/autoload_namespaces.php,third-party/bundled,139,9,ede505407590638a435137f4e060136f1008de79fc169b3de9793423b0cea38c,inventoried; automated checks where applicable,No individual manual sign-off; see audit limitations.
vendor/composer/autoload_psr4.php,third-party/bundled,596,15,63d1a3e66a817e2fc7272d5d53c7c9c497a2fb094a1881d798af5cfd0b178f19,inventoried; automated checks where applicable,No individual manual sign-off; see audit limitations.
vendor/composer/autoload_real.php,third-party/bundled,1137,38,db40f832dafdea8995a54f458ee4a5d4526cb42d89e7ed92b5ef78f179fb8fcf,inventoried; automated checks where applicable,No individual manual sign-off; see audit limitations.
vendor/composer/autoload_static.php,third-party/bundled,2015,70,db2204a93555961d5e0c16d9e8ceb55ebe17f63138734281ed4614c9326bcad1,inventoried; automated checks where applicable,No individual manual sign-off; see audit limitations.
vendor/composer/installed.json,third-party/bundled,16371,445,95b7cbc7ac0b1fd1e731ecec629d5e122e574b6a5f0c8fca272a2c02fc7e468a,inventoried; automated checks where applicable,No individual manual sign-off; see audit limitations.
vendor/composer/installed.php,third-party/bundled,2950,77,d0bfd5709db93ca93500be8320204ff7e563b3a9482b408f37bfa35ea07d91e9,inventoried; automated checks where applicable,No individual manual sign-off; see audit limitations.
vendor/composer/pcre/LICENSE,third-party/bundled,1052,19,984627c7eb714851bb191d4d463aec6e5bb71bf2f373c8b898304bd8298bfe48,inventoried; automated checks where applicable,No individual manual sign-off; see audit limitations.
vendor/composer/pcre/README.md,third-party/bundled,8697,189,a5624ddb3092775d94006d4fced73fb8607882f92035c0c0e309ec221c343a08,inventoried; automated checks where applicable,No individual manual sign-off; see audit limitations.
vendor/composer/pcre/composer.json,third-party/bundled,1325,58,c7396d0fbe8793b353b1942895eacd9bf1f4123989368bc299dfd3744a6a108c,inventoried; automated checks where applicable,No individual manual sign-off; see audit limitations.
vendor/composer/pcre/extension.neon,third-party/bundled,760,22,fc2b5c620b57cfce62de7a1fde14374cd69c07856817435578c7c8717f602d18,inventoried; automated checks where applicable,No individual manual sign-off; see audit limitations.
vendor/composer/pcre/src/MatchAllResult.php,third-party/bundled,901,46,9faaa522fb63bd5265a7527fe696781bb200abf5d93fced5d45e99507a45c2a4,inventoried; automated checks where applicable,No individual manual sign-off; see audit limitations.
vendor/composer/pcre/src/MatchAllStrictGroupsResult.php,third-party/bundled,891,46,fa1009e5e5fe5ea0e8aef575c257ef38d11394582f71987c3c83ac46cb7f59da,inventoried; automated checks where applicable,No individual manual sign-off; see audit limitations.
vendor/composer/pcre/src/MatchAllWithOffsetsResult.php,third-party/bundled,1177,48,14ce2f17f8ec4efa9d73e444cdac69d6dfc43bf085a62e9e55f34f0f531e315d,inventoried; automated checks where applicable,No individual manual sign-off; see audit limitations.
vendor/composer/pcre/src/MatchResult.php,third-party/bundled,754,39,7b5e16d8a0ab2bb069788cf97eecde5f41c74ab6cd59289412f7d7132bc68363,inventoried; automated checks where applicable,No individual manual sign-off; see audit limitations.
vendor/composer/pcre/src/MatchStrictGroupsResult.php,third-party/bundled,756,39,a7f7e1b02cf678c67096eb92b5e9b0367f6304fdaa1834fafc616f29be8f6e44,inventoried; automated checks where applicable,No individual manual sign-off; see audit limitations.
vendor/composer/pcre/src/MatchWithOffsetsResult.php,third-party/bundled,990,41,7608460003ff84c0fb858cde41e812af1df861037387bf9e97ab4b7e3740ecc0,inventoried; automated checks where applicable,No individual manual sign-off; see audit limitations.
vendor/composer/pcre/src/PHPStan/InvalidRegexPatternRule.php,third-party/bundled,4163,142,c29ca457386311f9e33c33158fa8e4a8aaffe281009c79810a621cbead0cb342,inventoried; automated checks where applicable,No individual manual sign-off; see audit limitations.
vendor/composer/pcre/src/PHPStan/PregMatchFlags.php,third-party/bundled,2276,70,03de4718b248a207a2ab318f8b76fe77e5344fdd9d86ec8ead7fbc987bc16511,inventoried; automated checks where applicable,No individual manual sign-off; see audit limitations.
vendor/composer/pcre/src/PHPStan/PregMatchParameterOutTypeExtension.php,third-party/bundled,2189,65,10c18b4350ea4e1636ea6d25abde0e50c1ef40d296136e6ef3e12765b5030755,inventoried; automated checks where applicable,No individual manual sign-off; see audit limitations.
vendor/composer/pcre/src/PHPStan/PregMatchTypeSpecifyingExtension.php,third-party/bundled,4134,125,250f141a1e34d6e796c4623aa464f26ae0c5060b3bb479ac06f272567247e2f0,inventoried; automated checks where applicable,No individual manual sign-off; see audit limitations.
vendor/composer/pcre/src/PHPStan/PregReplaceCallbackClosureTypeExtension.php,third-party/bundled,3613,91,04ed5faeb5d00ef7b3a539507c04ebbaead0473c13e0745f0df81932554123e6,inventoried; automated checks where applicable,No individual manual sign-off; see audit limitations.
vendor/composer/pcre/src/PHPStan/UnsafeStrictGroupsCallRule.php,third-party/bundled,3607,112,70b485b7cd935c0f18eb479c2a89d44e7a0c2533733ed7923c0f52f289e8b006,inventoried; automated checks where applicable,No individual manual sign-off; see audit limitations.
vendor/composer/pcre/src/PcreException.php,third-party/bundled,1374,55,4bc7e85c1bf83faca234aa72b1208c5665a2328c105969de55318d1ba1b73393,inventoried; automated checks where applicable,No individual manual sign-off; see audit limitations.
vendor/composer/pcre/src/Preg.php,third-party/bundled,17682,430,af0169c94f8a9715824c4023a94d22c871d616512d693bc426343eecdf5d03a8,inventoried; automated checks where applicable,No individual manual sign-off; see audit limitations.
vendor/composer/pcre/src/Regex.php,third-party/bundled,7361,176,2be3b503575825c2f35d68ab88de690dcc0e54ed9220cefb465435855a441aed,inventoried; automated checks where applicable,No individual manual sign-off; see audit limitations.
vendor/composer/pcre/src/ReplaceResult.php,third-party/bundled,742,43,fafdf1f095ff04d79c40da191a76b9e7ba1a1955ecea1c38e07785e691f7867a,inventoried; automated checks where applicable,No individual manual sign-off; see audit limitations.
vendor/composer/pcre/src/UnexpectedNullMatchException.php,third-party/bundled,511,20,afb2cd8e97741cec148efc623496e97e094db7029a7a10b97c178d413eeb7af5,inventoried; automated checks where applicable,No individual manual sign-off; see audit limitations.
vendor/composer/platform_check.php,third-party/bundled,1031,30,57a150fb2a31b8fe5f776ad0e6e305a1408b518abec690060d024cd6b631e1cc,inventoried; automated checks where applicable,No individual manual sign-off; see audit limitations.
vendor/maennchen/zipstream-php/.editorconfig,third-party/bundled,293,22,d6692857f84b334e196ba6a8b2b54a7a97ecbf57b01c95da93a5598d8db91e98,inventoried; automated checks where applicable,No individual manual sign-off; see audit limitations.
vendor/maennchen/zipstream-php/.gitattributes,third-party/bundled,146,6,9a6b5e38afd27dc1575d3bfa0d2dea3a120e7ecd000060d14c289e657c5c24d5,inventoried; automated checks where applicable,No individual manual sign-off; see audit limitations.
vendor/maennchen/zipstream-php/.github/CODE_OF_CONDUCT.md,third-party/bundled,5485,132,72c2ed316093fe1af1277bff45815013b20bdeed87da65f4653a1d7d47292901,inventoried; automated checks where applicable,No individual manual sign-off; see audit limitations.
vendor/maennchen/zipstream-php/.github/CONTRIBUTING.md,third-party/bundled,4596,139,5d065f3fb97d9de80f84163cd8f719af49bd66112df2effc74ea7bc1a5eb3790,inventoried; automated checks where applicable,No individual manual sign-off; see audit limitations.
vendor/maennchen/zipstream-php/.github/FUNDING.yml,third-party/bundled,18,1,52863f6dee108e94ef3afb91f0fd3b8f548a439225635199a8b329824f51db47,inventoried; automated checks where applicable,No individual manual sign-off; see audit limitations.
vendor/maennchen/zipstream-php/.github/ISSUE_TEMPLATE/BUG.yml,third-party/bundled,2032,71,6365a94cf740bf3e09a8cbc63c9075ba50c057884eb1eef5d54d23bb94cf394b,inventoried; automated checks where applicable,No individual manual sign-off; see audit limitations.
vendor/maennchen/zipstream-php/.github/ISSUE_TEMPLATE/FEATURE.yml,third-party/bundled,324,11,15f11e8164e79200feb6de37e74e94ef1e9375260e3a992d8ac51d589adaff3a,inventoried; automated checks where applicable,No individual manual sign-off; see audit limitations.
vendor/maennchen/zipstream-php/.github/PULL_REQUEST_TEMPLATE.md,third-party/bundled,287,6,67e6a3c53b8f7a24756a03e7d93bd5ee48c7bdffa7d48e71b80155accd9f68e3,inventoried; automated checks where applicable,No individual manual sign-off; see audit limitations.
vendor/maennchen/zipstream-php/.github/PULL_REQUEST_TEMPLATE/FAILING_TEST.md,third-party/bundled,391,13,fdf51822582b442e7282872be80ee0d4e294927f5aa526dcb2784d776f0a1902,inventoried; automated checks where applicable,No individual manual sign-off; see audit limitations.
vendor/maennchen/zipstream-php/.github/PULL_REQUEST_TEMPLATE/FIX.md,third-party/bundled,364,13,d2536a325a9998e59b6ee0793b916f8e29538fcda8cdb6d95dfe777bdaf8c9f5,inventoried; automated checks where applicable,No individual manual sign-off; see audit limitations.
vendor/maennchen/zipstream-php/.github/PULL_REQUEST_TEMPLATE/IMPROVEMENT.md,third-party/bundled,178,9,d44751289ecc7b7f502b9146f1133b8191f60e3242d16d4cf66009d85b1701c8,inventoried; automated checks where applicable,No individual manual sign-off; see audit limitations.
vendor/maennchen/zipstream-php/.github/PULL_REQUEST_TEMPLATE/NEW_FEATURE.md,third-party/bundled,209,9,1a008d618bfc3219c84bb04d4285ea3bda861e817a661275aed1b0b4bb7e47a5,inventoried; automated checks where applicable,No individual manual sign-off; see audit limitations.
vendor/maennchen/zipstream-php/.github/SECURITY.md,third-party/bundled,1336,22,4392e9a94390ba09927234c50b857ce042901d2967a3702c126d06555b447edf,inventoried; automated checks where applicable,No individual manual sign-off; see audit limitations.
vendor/maennchen/zipstream-php/.github/dependabot.yml,third-party/bundled,313,15,57b53af34382b319909cc05699c4714db8ce6a9ed16d94566930b1865b872613,inventoried; automated checks where applicable,No individual manual sign-off; see audit limitations.
vendor/maennchen/zipstream-php/.github/scorecard.yml,third-party/bundled,317,14,a0d3f56fe1b48d1078e7c558b41a265833a0f37db5528b1cb5751b55e20f18d1,inventoried; automated checks where applicable,No individual manual sign-off; see audit limitations.
vendor/maennchen/zipstream-php/.github/workflows/branch_main.yml,third-party/bundled,309,24,aaaebfd0ee8efa8624bbe0d9550d3dc2ce72feb61fc79347b68eda01ccf9f5ca,inventoried; automated checks where applicable,No individual manual sign-off; see audit limitations.
vendor/maennchen/zipstream-php/.github/workflows/part_dependabot.yml,third-party/bundled,683,30,70eaeb499fa866a61fcb96f6dbcc95853b3a34787b7a396befcbd75c68d4da73,inventoried; automated checks where applicable,No individual manual sign-off; see audit limitations.
vendor/maennchen/zipstream-php/.github/workflows/part_docs.yml,third-party/bundled,1539,51,6483c1e893500a8624b1bf8ce7d859cbfa15371a96424c1fcdca46036a6f2951,inventoried; automated checks where applicable,No individual manual sign-off; see audit limitations.
vendor/maennchen/zipstream-php/.github/workflows/part_release.yml,third-party/bundled,2415,94,0cf5b9a9104f3dd906aa016b04b5614a383e08f9d1169e3f5beeb82b567b6b3f,inventoried; automated checks where applicable,No individual manual sign-off; see audit limitations.
vendor/maennchen/zipstream-php/.github/workflows/part_test.yml,third-party/bundled,6426,181,0cc25a512d0604526c05a1acdf823398f55c3595478db986c5642c007669f4d0,inventoried; automated checks where applicable,No individual manual sign-off; see audit limitations.
vendor/maennchen/zipstream-php/.github/workflows/pr.yml,third-party/bundled,1047,50,10835c564d6c4d357092bb8f93e479ce457442aced6acf16e2953a6e351b4d3b,inventoried; automated checks where applicable,No individual manual sign-off; see audit limitations.
vendor/maennchen/zipstream-php/.github/workflows/scorecard.yml,third-party/bundled,3291,78,cb0a547817be10f41a70abc07af28274b2bd8fcd4b6059e42c2106ee53abd04a,inventoried; automated checks where applicable,No individual manual sign-off; see audit limitations.
vendor/maennchen/zipstream-php/.github/workflows/tag-beta.yml,third-party/bundled,434,29,fc418b0e5a7d7f5004bca32a4d93d5017dbbcf6fc8386eed8126266da79e756d,inventoried; automated checks where applicable,No individual manual sign-off; see audit limitations.
vendor/maennchen/zipstream-php/.github/workflows/tag-stable.yml,third-party/bundled,1033,55,e972bbd912c7b0409b4b03f0c0230cfe3c12270ac5bd6137cf7744c66ff93b00,inventoried; automated checks where applicable,No individual manual sign-off; see audit limitations.
vendor/maennchen/zipstream-php/.gitignore,third-party/bundled,156,12,5d0a045bb3f4c79751ecf03cbea842b11d588640a152eebde203b5c96d67a649,inventoried; automated checks where applicable,No individual manual sign-off; see audit limitations.
vendor/maennchen/zipstream-php/.phive/phars.xml,third-party/bundled,198,4,6c0317261f2d303089aba480aed954f28fad0232271880e7d9d8ff8a43e00a58,inventoried; automated checks where applicable,No individual manual sign-off; see audit limitations.
vendor/maennchen/zipstream-php/.php-cs-fixer.dist.php,third-party/bundled,2308,73,9afad5fc8d5e55f0b094a1b4ada042f2499110d99abf0c3558588bc5c89d0542,inventoried; automated checks where applicable,No individual manual sign-off; see audit limitations.
vendor/maennchen/zipstream-php/.phpdoc/template/base.html.twig,third-party/bundled,691,15,234788310a543bf506e35eeb3834f9f756aa40d3cb5ab190b8f228bfe962fc3d,inventoried; automated checks where applicable,No individual manual sign-off; see audit limitations.
vendor/maennchen/zipstream-php/.tool-versions,third-party/bundled,10,1,c919c7863e8319dac6b2e0bce13aa1e8552e6d35c38c4d251de6036d6f57c070,inventoried; automated checks where applicable,No individual manual sign-off; see audit limitations.
vendor/maennchen/zipstream-php/LICENSE,third-party/bundled,1265,24,8d353aaa4565ce29c9e7dfc81c198dd621190407faf7719bab8e5d078f588810,inventoried; automated checks where applicable,No individual manual sign-off; see audit limitations.
vendor/maennchen/zipstream-php/README.md,third-party/bundled,5976,157,f0c08e2426bdb2e2d23d829177a6503efafd696b9b7974a8d213d50277a0ba7d,inventoried; automated checks where applicable,No individual manual sign-off; see audit limitations.
vendor/maennchen/zipstream-php/composer.json,third-party/bundled,2831,93,5a9667bd07f497a1a12abc677cb69388c14f0d4b22d0f03e903a6799a7fb22e0,inventoried; automated checks where applicable,No individual manual sign-off; see audit limitations.
vendor/maennchen/zipstream-php/guides/ContentLength.rst,third-party/bundled,1372,47,36b1be459dc62ae749d341fc63d9aeb9b36fe77e6e25247004df8c31aeffb1da,inventoried; automated checks where applicable,No individual manual sign-off; see audit limitations.
vendor/maennchen/zipstream-php/guides/FlySystem.rst,third-party/bundled,1080,34,488e45359e23fa1734bd16b51ac07c99ea15280f05ff388072abeb520eeb68b7,inventoried; automated checks where applicable,No individual manual sign-off; see audit limitations.
vendor/maennchen/zipstream-php/guides/Nginx.rst,third-party/bundled,559,16,f53f5f0ca2d55cbba741c57fb4a5d77eca058dd7866feaf7753fdc2e94cce6b3,inventoried; automated checks where applicable,No individual manual sign-off; see audit limitations.
vendor/maennchen/zipstream-php/guides/Options.rst,third-party/bundled,2224,66,1b1e286dfb180f47a34aa9b43d52be36bb3cd48b2477620d5ee32f3a2faa9311,inventoried; automated checks where applicable,No individual manual sign-off; see audit limitations.
vendor/maennchen/zipstream-php/guides/PSR7Streams.rst,third-party/bundled,538,21,ef3555ee360aa9712008776122716325f74839c2fda84ded900833aa47862bfb,inventoried; automated checks where applicable,No individual manual sign-off; see audit limitations.
vendor/maennchen/zipstream-php/guides/StreamOutput.rst,third-party/bundled,824,39,3c25530adc9b412470d5da6936ad5de17a8b3923fb0bd6863db926220612fa55,inventoried; automated checks where applicable,No individual manual sign-off; see audit limitations.
vendor/maennchen/zipstream-php/guides/Symfony.rst,third-party/bundled,4663,130,0853104b313773ed25976d0cb6c4200c7cf365df184eccab18e0fa320ca119b5,inventoried; automated checks where applicable,No individual manual sign-off; see audit limitations.
vendor/maennchen/zipstream-php/guides/Varnish.rst,third-party/bundled,647,22,7c6706afea462c559c300365eae5a6a744bd303813b2c3db788595ca1e6888b1,inventoried; automated checks where applicable,No individual manual sign-off; see audit limitations.
vendor/maennchen/zipstream-php/guides/index.rst,third-party/bundled,4024,126,9201dc4e8a9aa4c958ac6e20d03f9065549679d7ee56dfb2b904fa4a32ea5915,inventoried; automated checks where applicable,No individual manual sign-off; see audit limitations.
vendor/maennchen/zipstream-php/phpdoc.dist.xml,third-party/bundled,1290,39,4d1fd8de8591c86b7a1a099144cccc36d2afda28993b2f75c15a5a137be44348,inventoried; automated checks where applicable,No individual manual sign-off; see audit limitations.
vendor/maennchen/zipstream-php/phpunit.xml.dist,third-party/bundled,478,15,e06928559585269366997b5e1189498fc754f984b4773cd11e655ad3e5f14e15,inventoried; automated checks where applicable,No individual manual sign-off; see audit limitations.
vendor/maennchen/zipstream-php/psalm.xml,third-party/bundled,898,25,a0e1e24ef8b4d405b85621a5abb60c68c7a5a771ff577cf5d27202bc48d8f0a1,inventoried; automated checks where applicable,No individual manual sign-off; see audit limitations.
vendor/maennchen/zipstream-php/src/CentralDirectoryFileHeader.php,third-party/bundled,1958,52,e602b87374775aa33a475c74254b0dda21c02946634b8b1f0961499cd881f623,inventoried; automated checks where applicable,No individual manual sign-off; see audit limitations.
vendor/maennchen/zipstream-php/src/CompressionMethod.php,third-party/bundled,2138,106,27dc02201ad241cc2dc5005fcb008c746385b8a025c63beb8542fe2f4655225a,inventoried; automated checks where applicable,No individual manual sign-off; see audit limitations.
vendor/maennchen/zipstream-php/src/DataDescriptor.php,third-party/bundled,616,26,1216cda277e56549aa251e0d4ed7752d3d35a1738f276a43801ed6bccfdff585,inventoried; automated checks where applicable,No individual manual sign-off; see audit limitations.
vendor/maennchen/zipstream-php/src/EndOfCentralDirectory.php,third-party/bundled,1251,35,3e6bc312d5d68bf3bd0f507847171a39c4da7f89e023ad543bfff09deccd6b35,inventoried; automated checks where applicable,No individual manual sign-off; see audit limitations.
vendor/maennchen/zipstream-php/src/Exception.php,third-party/bundled,102,7,4701fdf8a553afea373b52274d240c6b4e8fe98ac99332dab58111fd2084af63,inventoried; automated checks where applicable,No individual manual sign-off; see audit limitations.
vendor/maennchen/zipstream-php/src/Exception/DosTimeOverflowException.php,third-party/bundled,494,23,28a3008277a1f7b46e416252db3d3d0dd58695a81c78565f4be9d81ae13da702,inventoried; automated checks where applicable,No individual manual sign-off; see audit limitations.
vendor/maennchen/zipstream-php/src/Exception/FileNotFoundException.php,third-party/bundled,395,22,ac0d0ffeaec901090200326c59373bec0a1c260105f4998c70c304914321fb16,inventoried; automated checks where applicable,No individual manual sign-off; see audit limitations.
vendor/maennchen/zipstream-php/src/Exception/FileNotReadableException.php,third-party/bundled,400,22,410597a707f9f760fb20d2389f691df180bdb4f55b58b7a30e1fe665e9769111,inventoried; automated checks where applicable,No individual manual sign-off; see audit limitations.
vendor/maennchen/zipstream-php/src/Exception/FileSizeIncorrectException.php,third-party/bundled,519,23,c4efb3cce4b7ca3020390652e80657979b843f52508f50ae88a17e9196057c3e,inventoried; automated checks where applicable,No individual manual sign-off; see audit limitations.
vendor/maennchen/zipstream-php/src/Exception/OverflowException.php,third-party/bundled,400,21,71fc008779d35e532bdd1b46dcf6a99f930757996d58f50e0d086297606a082e,inventoried; automated checks where applicable,No individual manual sign-off; see audit limitations.
vendor/maennchen/zipstream-php/src/Exception/ResourceActionException.php,third-party/bundled,563,29,1594d90a01853f474edda2fb50c2a938b1512ecb851b58de07f6807670ac2a2d,inventoried; automated checks where applicable,No individual manual sign-off; see audit limitations.
vendor/maennchen/zipstream-php/src/Exception/SimulationFileUnknownException.php,third-party/bundled,482,19,730dccb8522410baa178ed7c3d8b577279478ee9db13d299165bf0fc8cf915dc,inventoried; automated checks where applicable,No individual manual sign-off; see audit limitations.
vendor/maennchen/zipstream-php/src/Exception/StreamNotReadableException.php,third-party/bundled,353,21,f6002b2f115a43a5f1c0517e218cd046c6fed6b9eb7fcbaa8ff793ddbadbff42,inventoried; automated checks where applicable,No individual manual sign-off; see audit limitations.
vendor/maennchen/zipstream-php/src/Exception/StreamNotSeekableException.php,third-party/bundled,427,22,f33696ae703e2a71671fdf2103592c5a0147937584e2be2158724475ccda527e,inventoried; automated checks where applicable,No individual manual sign-off; see audit limitations.
vendor/maennchen/zipstream-php/src/File.php,third-party/bundled,13808,430,eaee1914073fcf3527c090ab932103e13463eb7f00845eb3b4d9d760afab52b0,inventoried; automated checks where applicable,No individual manual sign-off; see audit limitations.
vendor/maennchen/zipstream-php/src/GeneralPurposeBitFlag.php,third-party/bundled,2443,89,736b7f964905f784a5a300c5fa8d0966559b82cacdbe667d9fd22519429f89c6,inventoried; automated checks where applicable,No individual manual sign-off; see audit limitations.
vendor/maennchen/zipstream-php/src/LocalFileHeader.php,third-party/bundled,1343,40,ccfedcc80b72ec6d65cd513c7fb64c26d0a22ebb1386b1aebd3d287b909977bb,inventoried; automated checks where applicable,No individual manual sign-off; see audit limitations.
vendor/maennchen/zipstream-php/src/OperationMode.php,third-party/bundled,803,35,b3e71ccb7e7ede2ed7af50b79bb5110e97f13faea92cc2a222abc38c735112c9,inventoried; automated checks where applicable,No individual manual sign-off; see audit limitations.
vendor/maennchen/zipstream-php/src/PackField.php,third-party/bundled,1468,56,a1d8dfbf9cdf043d4e34df5a3ce1964d34017543f0abc8e372b3c0c8e3e35764,inventoried; automated checks where applicable,No individual manual sign-off; see audit limitations.
vendor/maennchen/zipstream-php/src/Time.php,third-party/bundled,1028,39,5018ff1442db1c3baf1ef649f8a5159b0ffe220f859afd26cfb427f33088069b,inventoried; automated checks where applicable,No individual manual sign-off; see audit limitations.
vendor/maennchen/zipstream-php/src/Version.php,third-party/bundled,178,12,92c3d666226f926a812c87b4d2a74b1dcf0f1124d534d15423b2b70aa0348a23,inventoried; automated checks where applicable,No individual manual sign-off; see audit limitations.
vendor/maennchen/zipstream-php/src/Zip64/DataDescriptor.php,third-party/bundled,648,28,ae9ffe8a8d436de5f60ca784b370b7edb0d022def37df754a6d3008737f0391f,inventoried; automated checks where applicable,No individual manual sign-off; see audit limitations.
vendor/maennchen/zipstream-php/src/Zip64/EndOfCentralDirectory.php,third-party/bundled,1574,43,9c34b1d11cf9684649dd49b27847cd4b751f88601ba0f3a76681f2461d8e2e09,inventoried; automated checks where applicable,No individual manual sign-off; see audit limitations.
vendor/maennchen/zipstream-php/src/Zip64/EndOfCentralDirectoryLocator.php,third-party/bundled,809,29,a605f098b19e27a83b335e5eb7d999e1c72e212773faff428c919a73f4d1a423,inventoried; automated checks where applicable,No individual manual sign-off; see audit limitations.
vendor/maennchen/zipstream-php/src/Zip64/ExtendedInformationExtraField.php,third-party/bundled,1354,45,4523c862b52a3dcc47104666992a99d2bd30bad5924f993b3b5342c669e5c5b5,inventoried; automated checks where applicable,No individual manual sign-off; see audit limitations.
vendor/maennchen/zipstream-php/src/ZipStream.php,third-party/bundled,27933,871,95bf3d43e409437c20e4956a38c3ebba830e4cb40ae36b664b4edf29718e4a9e,inventoried; automated checks where applicable,No individual manual sign-off; see audit limitations.
vendor/maennchen/zipstream-php/src/Zs/ExtendedInformationExtraField.php,third-party/bundled,401,23,b70581d2c344dbf80c53a3bede9703b80ee8ae3838279ce22e1ac2d9468eb9af,inventoried; automated checks where applicable,No individual manual sign-off; see audit limitations.
vendor/maennchen/zipstream-php/test/Assertions.php,third-party/bundled,1052,49,e109f9aacb7e5de710bd507770d2ebad570b950527ae1cc944503f6a232b51d4,inventoried; automated checks where applicable,No individual manual sign-off; see audit limitations.
vendor/maennchen/zipstream-php/test/CentralDirectoryFileHeaderTest.php,third-party/bundled,2266,60,dabe8c60098b931d3dad340653ed49f009137e6120436e1c8f345254315bb4cb,inventoried; automated checks where applicable,No individual manual sign-off; see audit limitations.
vendor/maennchen/zipstream-php/test/DataDescriptorTest.php,third-party/bundled,730,26,969d5e6610f06f34386985aaac4a9713855b259f30f191723ffe394d2a625495,inventoried; automated checks where applicable,No individual manual sign-off; see audit limitations.
vendor/maennchen/zipstream-php/test/EndOfCentralDirectoryTest.php,third-party/bundled,1386,35,9bf177c5c6c2f3d7a4fc70c0762d96329b0e5bc73c754dd8f4b9314f4dc38850,inventoried; automated checks where applicable,No individual manual sign-off; see audit limitations.
vendor/maennchen/zipstream-php/test/EndlessCycleStream.php,third-party/bundled,2026,104,b7989a7b3ea09b6a14d4cf051b0ea1b1d0762160c403cc5b70b063b14fb05cc1,inventoried; automated checks where applicable,No individual manual sign-off; see audit limitations.
vendor/maennchen/zipstream-php/test/FaultInjectionResource.php,third-party/bundled,3188,141,473d0bff038cb7213eb5f31940e2e98b8ddf0cd80b634584917a3532699e04c2,inventoried; automated checks where applicable,No individual manual sign-off; see audit limitations.
vendor/maennchen/zipstream-php/test/LocalFileHeaderTest.php,third-party/bundled,1737,47,834f77322ea0d0c799b5ef817807e0b08e25a1b9a6eee61b0d369030bc444a59,inventoried; automated checks where applicable,No individual manual sign-off; see audit limitations.
vendor/maennchen/zipstream-php/test/PackFieldTest.php,third-party/bundled,942,42,a4ea4979dcd1c16dcaee2be645d93cb58c10d922b44644af38776bfc8f2d5cab,inventoried; automated checks where applicable,No individual manual sign-off; see audit limitations.
vendor/maennchen/zipstream-php/test/ResourceStream.php,third-party/bundled,3953,159,92618caef85e5cbe24387f8a029e515d17160ba4b4208b76f171300f2b6fb3c2,inventoried; automated checks where applicable,No individual manual sign-off; see audit limitations.
vendor/maennchen/zipstream-php/test/Tempfile.php,third-party/bundled,842,42,d9efb1cc09f9da4c10bb19df4b10d0987124a5b94002e950f7f757fd06b33114,inventoried; automated checks where applicable,No individual manual sign-off; see audit limitations.
vendor/maennchen/zipstream-php/test/TimeTest.php,third-party/bundled,1247,44,1ff2e92b914f4707df084463573f64ffa6006b6e38ab4b1dd4647d3b16bc183e,inventoried; automated checks where applicable,No individual manual sign-off; see audit limitations.
vendor/maennchen/zipstream-php/test/Util.php,third-party/bundled,3381,127,8666d622943ac53f630f1795ca94ebf0d9a66a137acdafc7ab468a308d02f0a1,inventoried; automated checks where applicable,No individual manual sign-off; see audit limitations.
vendor/maennchen/zipstream-php/test/Zip64/DataDescriptorTest.php,third-party/bundled,821,28,a0333c4d27243adc82ec268ef03154b20e11e87211dbfc4c8ddaf19c031cfd1f,inventoried; automated checks where applicable,No individual manual sign-off; see audit limitations.
vendor/maennchen/zipstream-php/test/Zip64/EndOfCentralDirectoryLocatorTest.php,third-party/bundled,984,28,681b27d4af22f330bd2f68e32450f41f0c4e19439425c4bf27636216b9ff3a4f,inventoried; automated checks where applicable,No individual manual sign-off; see audit limitations.
vendor/maennchen/zipstream-php/test/Zip64/EndOfCentralDirectoryTest.php,third-party/bundled,1803,41,97d743d03cf72390778f4119461ca35248ea564eee3587e6fbc5a418c3a10cc0,inventoried; automated checks where applicable,No individual manual sign-off; see audit limitations.
vendor/maennchen/zipstream-php/test/Zip64/ExtendedInformationExtraFieldTest.php,third-party/bundled,1407,42,0400ce145995911438c7ff3922fa1a06bfa485939a7b994719b6b209f92aa89b,inventoried; automated checks where applicable,No individual manual sign-off; see audit limitations.
vendor/maennchen/zipstream-php/test/ZipStreamTest.php,third-party/bundled,39063,1216,fc1257346bf76295853047b6d82e945745db27835cb2e80e30289ff224c3b90a,inventoried; automated checks where applicable,No individual manual sign-off; see audit limitations.
vendor/maennchen/zipstream-php/test/Zs/ExtendedInformationExtraFieldTest.php,third-party/bundled,527,22,8a78bab77e7040a573693cbc95726285b40d68f3f322f9b3335f1022c07be173,inventoried; automated checks where applicable,No individual manual sign-off; see audit limitations.
vendor/maennchen/zipstream-php/test/bootstrap.php,third-party/bundled,113,7,ad6de1ba3676e2ffabaa733970bec6a0ce8266e440d9cc5e3d3635836594b66a,inventoried; automated checks where applicable,No individual manual sign-off; see audit limitations.
vendor/markbaker/complex/.github/workflows/main.yml,third-party/bundled,4895,153,c97c5b90cb1c2d2f13527eb463f5322621f66bba08c05a982baae41b2ddb83ac,inventoried; automated checks where applicable,No individual manual sign-off; see audit limitations.
vendor/markbaker/complex/README.md,third-party/bundled,5545,173,bfaa6132a8fd2f7dd524389a0ed982f14044a369ef0b04d789c567c78256a18b,inventoried; automated checks where applicable,No individual manual sign-off; see audit limitations.
vendor/markbaker/complex/classes/src/Complex.php,third-party/bundled,11279,388,0ded7763dd83ff8a2b8321a889eda07b27501502d5b6bc1c21aa2336b8cd5122,inventoried; automated checks where applicable,No individual manual sign-off; see audit limitations.
vendor/markbaker/complex/classes/src/Exception.php,third-party/bundled,241,13,3eae4e8e72f17a700b73dc07e75bcd99bcf5a97cf339e22d9c59b997328d708b,inventoried; automated checks where applicable,No individual manual sign-off; see audit limitations.
vendor/markbaker/complex/classes/src/Functions.php,third-party/bundled,30529,823,c5747c2997d7391ac4b63ccd7bae870ff86c5f627d20f8c7484082bbb632c9bf,inventoried; automated checks where applicable,No individual manual sign-off; see audit limitations.
vendor/markbaker/complex/classes/src/Operations.php,third-party/bundled,7248,210,bbc6229b6743efde24562ee191ec928afa75787eda0b81c4823eded3dc5ffb07,inventoried; automated checks where applicable,No individual manual sign-off; see audit limitations.
vendor/markbaker/complex/composer.json,third-party/bundled,1288,40,3223b3296ddcdaf3db8d9fd8947ce8995df740744c75019ef057601056e7e132,inventoried; automated checks where applicable,No individual manual sign-off; see audit limitations.
vendor/markbaker/complex/examples/complexTest.php,third-party/bundled,2876,154,fce307ae19e040c280c64d4923d8c7ad42cd70a4015de507972de9e8713282f0,inventoried; automated checks where applicable,No individual manual sign-off; see audit limitations.
vendor/markbaker/complex/examples/testFunctions.php,third-party/bundled,1047,52,bac4e9a571a78127f72a301140ea949f36bee732395187715bc90b051ce68d07,inventoried; automated checks where applicable,No individual manual sign-off; see audit limitations.
vendor/markbaker/complex/examples/testOperations.php,third-party/bundled,601,35,4377aaffd5117d11e372c326f8d477c7b2a0f2156961ed9380f2263e5b6bf733,inventoried; automated checks where applicable,No individual manual sign-off; see audit limitations.
vendor/markbaker/complex/license.md,third-party/bundled,1109,25,f9285493611c689d91458db90c2206ec840966d8a3ed55af342ada1b8af929ea,inventoried; automated checks where applicable,No individual manual sign-off; see audit limitations.
vendor/markbaker/matrix/.github/workflows/main.yaml,third-party/bundled,4056,124,b981e7bd4d8c5a4a4967a8a26b9e09554ef28a1647b2c64ef32dc96006f709b2,inventoried; automated checks where applicable,No individual manual sign-off; see audit limitations.
vendor/markbaker/matrix/README.md,third-party/bundled,5731,215,57f2c9cc6109cf4832c5d4afed3d665de7113263c806e53909df9ac0bc17d4b3,inventoried; automated checks where applicable,No individual manual sign-off; see audit limitations.
vendor/markbaker/matrix/buildPhar.php,third-party/bundled,1367,62,ad6dc96070239d62588169d2f52be6fbdb31237fa5e9afb174b15b728297baec,inventoried; automated checks where applicable,No individual manual sign-off; see audit limitations.
vendor/markbaker/matrix/classes/src/Builder.php,third-party/bundled,1712,70,7926f5937a0946afbe29efd652176eada26073a3eafc83261e6e4bd2d4595873,inventoried; automated checks where applicable,No individual manual sign-off; see audit limitations.
vendor/markbaker/matrix/classes/src/Decomposition/Decomposition.php,third-party/bundled,530,27,ae7c4d4ec0aa90403d131dba9c2fe35fa5ba6203941716bc0eb5eb9ece2255f5,inventoried; automated checks where applicable,No individual manual sign-off; see audit limitations.
vendor/markbaker/matrix/classes/src/Decomposition/LU.php,third-party/bundled,6969,260,9f8b8fd5f012c89a8fe8685f721d0fde9c23c1c7df72db358428b8ec1a320d65,inventoried; automated checks where applicable,No individual manual sign-off; see audit limitations.
vendor/markbaker/matrix/classes/src/Decomposition/QR.php,third-party/bundled,5615,191,3e2183ce468ff2b2842ec613fc1c199f6444ae6edd7d5757228c1f2d1d736f4e,inventoried; automated checks where applicable,No individual manual sign-off; see audit limitations.
vendor/markbaker/matrix/classes/src/Div0Exception.php,third-party/bundled,242,13,233b7e344cf7fac4e07e0433435deccd01d151a5a4c72fee238ca0546e8a9094,inventoried; automated checks where applicable,No individual manual sign-off; see audit limitations.
vendor/markbaker/matrix/classes/src/Exception.php,third-party/bundled,239,13,bf6ee39968bda8e3e5ad6bb714106c3cbe7c6ad0ceab6754c9d2af828eccfe4c,inventoried; automated checks where applicable,No individual manual sign-off; see audit limitations.
vendor/markbaker/matrix/classes/src/Functions.php,third-party/bundled,10898,376,9d10c0a32cca58ef814e2d67c7bd81099494860a422678ef354520d7e929a762,inventoried; automated checks where applicable,No individual manual sign-off; see audit limitations.
vendor/markbaker/matrix/classes/src/Matrix.php,third-party/bundled,11560,423,6f067fe95e498e1cc1c836ad878c02a24f89fed02fbad36edc154dcdb1d2e03e,inventoried; automated checks where applicable,No individual manual sign-off; see audit limitations.
vendor/markbaker/matrix/classes/src/Operations.php,third-party/bundled,4174,157,6d1baefc487193cb5326dc5d16fb6069a095792421b393664ad009c94fe68c78,inventoried; automated checks where applicable,No individual manual sign-off; see audit limitations.
vendor/markbaker/matrix/classes/src/Operators/Addition.php,third-party/bundled,2048,68,7a249f9a38e368c81a1516f55d1b7a2174542a46c0e1986254b523557cb190cb,inventoried; automated checks where applicable,No individual manual sign-off; see audit limitations.
vendor/markbaker/matrix/classes/src/Operators/DirectSum.php,third-party/bundled,1919,64,ca06e582bbd619929949d3c9365134900708d9ad77b54071c40b588f0fc54575,inventoried; automated checks where applicable,No individual manual sign-off; see audit limitations.
vendor/markbaker/matrix/classes/src/Operators/Division.php,third-party/bundled,1005,35,b332eda6b127b031874e6e7ccfd480ba3297ec4d8c5fce4e23707f0b99cb3f8a,inventoried; automated checks where applicable,No individual manual sign-off; see audit limitations.
vendor/markbaker/matrix/classes/src/Operators/Multiplication.php,third-party/bundled,2916,86,88a7c62b9be941bb611563f60afa09c180b1ad39da01ed1a02cb8cbb8a81ee53,inventoried; automated checks where applicable,No individual manual sign-off; see audit limitations.
vendor/markbaker/matrix/classes/src/Operators/Operator.php,third-party/bundled,2001,78,73377bd8695dc403c8bdc59d77dcbeaf2ab27743d638e7e11b07f488dae6172a,inventoried; automated checks where applicable,No individual manual sign-off; see audit limitations.
vendor/markbaker/matrix/classes/src/Operators/Subtraction.php,third-party/bundled,2112,68,c16180c1ed0db6a79807c53ea67f1ff6cb497e08ae4dd592298ac4960cac9c6b,inventoried; automated checks where applicable,No individual manual sign-off; see audit limitations.
vendor/markbaker/matrix/composer.json,third-party/bundled,1780,52,1647b0cabafde283cf2860ff10cedab316749b7c9a71a32e5168611706412949,inventoried; automated checks where applicable,No individual manual sign-off; see audit limitations.
vendor/markbaker/matrix/examples/test.php,third-party/bundled,486,33,1af074ad8f32bef5c3c1f26e01d96409ea0c1ad736f74370d2d25f26fbed09fb,inventoried; automated checks where applicable,No individual manual sign-off; see audit limitations.
vendor/markbaker/matrix/infection.json.dist,third-party/bundled,371,17,5edf095b204fb44db54af684976172e43bce04b9c790f2d2753fe9fc6818afd4,inventoried; automated checks where applicable,No individual manual sign-off; see audit limitations.
vendor/markbaker/matrix/license.md,third-party/bundled,1109,25,c09e197c92276a219afc5488cf0b8ce57544c41345c0fdc394d88f92a4786961,inventoried; automated checks where applicable,No individual manual sign-off; see audit limitations.
vendor/markbaker/matrix/phpstan.neon,third-party/bundled,330,6,21ac8895daaba59b562342180c80552bf36c146d9ea89a09ce30b014f5a1afb1,inventoried; automated checks where applicable,No individual manual sign-off; see audit limitations.
vendor/phpoffice/phpspreadsheet/CHANGELOG.md,third-party/bundled,181962,2019,07dff1a351bd8e8372a8d7079f315415b8f3e11832018b25c4832d4945addc73,inventoried; automated checks where applicable,No individual manual sign-off; see audit limitations.
vendor/phpoffice/phpspreadsheet/CONTRIBUTING.md,third-party/bundled,3714,49,fcec42c3ea50519ad5f2e01d2e765674e919f7dd9e2e34613884a82a263c57d5,inventoried; automated checks where applicable,No individual manual sign-off; see audit limitations.
vendor/phpoffice/phpspreadsheet/LICENSE,third-party/bundled,1084,21,1416c9cb9b9925bbbecbd2aaeb62864fa5544f5572e5e0e130304f532c38ac8e,inventoried; automated checks where applicable,No individual manual sign-off; see audit limitations.
vendor/phpoffice/phpspreadsheet/README.md,third-party/bundled,4153,81,f69b1740624faa803c663dcba96dba19d5a6702aa9da2077f72377ff1d2fb130,inventoried; automated checks where applicable,No individual manual sign-off; see audit limitations.
vendor/phpoffice/phpspreadsheet/composer.json,third-party/bundled,4229,127,3e6df6c4b82bf747903ec39d94ccb9a68040d6070ed81ec46ec7abe8b0649f33,inventoried; automated checks where applicable,No individual manual sign-off; see audit limitations.
vendor/phpoffice/phpspreadsheet/src/PhpSpreadsheet/Calculation/ArrayEnabled.php,third-party/bundled,5079,134,d56b54bc19dd359ea3b22152699b0b761013a9b7c80fb3c36bcb4eaa1b00f410,inventoried; automated checks where applicable,No individual manual sign-off; see audit limitations.
vendor/phpoffice/phpspreadsheet/src/PhpSpreadsheet/Calculation/BinaryComparison.php,third-party/bundled,6232,150,f2e31629e81106641797771f4818128b4117a894b93764988aa8c1b256786f9a,inventoried; automated checks where applicable,No individual manual sign-off; see audit limitations.
vendor/phpoffice/phpspreadsheet/src/PhpSpreadsheet/Calculation/Calculation.php,third-party/bundled,146600,3070,8302168b2d0b391a5af25f128728134ff1ea53745a511c9ae9b1e8d421b12e55,inventoried; automated checks where applicable,No individual manual sign-off; see audit limitations.
vendor/phpoffice/phpspreadsheet/src/PhpSpreadsheet/Calculation/CalculationBase.php,third-party/bundled,2168,72,ee0169de3750431cde91b90f5dcd9247746fda4b82f6e2c45dbd885242172216,inventoried; automated checks where applicable,No individual manual sign-off; see audit limitations.
vendor/phpoffice/phpspreadsheet/src/PhpSpreadsheet/Calculation/CalculationLocale.php,third-party/bundled,17288,429,dfa388f190308b9dc71bbaae04d8b90590d37fd1f71d3039700e0ed249e1ad87,inventoried; automated checks where applicable,No individual manual sign-off; see audit limitations.
vendor/phpoffice/phpspreadsheet/src/PhpSpreadsheet/Calculation/CalculationParserOnly.php,third-party/bundled,1130,43,62df16e57d7ea62a8d0e84cbfb58c0b1b530ff85b44831a81db09484a46509c6,inventoried; automated checks where applicable,No individual manual sign-off; see audit limitations.
vendor/phpoffice/phpspreadsheet/src/PhpSpreadsheet/Calculation/Category.php,third-party/bundled,776,22,ef7854604c6f890d5b01206e9c5197a865ed3e366e221bf9409699d292e13154,inventoried; automated checks where applicable,No individual manual sign-off; see audit limitations.
vendor/phpoffice/phpspreadsheet/src/PhpSpreadsheet/Calculation/Database/DAverage.php,third-party/bundled,2124,44,14616b182077f42caba31cf08d590d0ee0edd83c4f6d12d3d92c2a0418b5ae80,inventoried; automated checks where applicable,No individual manual sign-off; see audit limitations.
vendor/phpoffice/phpspreadsheet/src/PhpSpreadsheet/Calculation/Database/DCount.php,third-party/bundled,2298,45,2f54cdc07929cb95f92d9487ce33db4d513c8cfe98907a4ad87d01e868111fd6,inventoried; automated checks where applicable,No individual manual sign-off; see audit limitations.
vendor/phpoffice/phpspreadsheet/src/PhpSpreadsheet/Calculation/Database/DCountA.php,third-party/bundled,2241,44,aa2bc6b61d870bcb86755f8c3b8bd02932499aa160e2f379d0082c09399ca4fb,inventoried; automated checks where applicable,No individual manual sign-off; see audit limitations.
vendor/phpoffice/phpspreadsheet/src/PhpSpreadsheet/Calculation/Database/DGet.php,third-party/bundled,2366,50,9cd9c2a98c5ff609390c9041496df409c7789120bd6c91524dae4b16ea794a3c,inventoried; automated checks where applicable,No individual manual sign-off; see audit limitations.
vendor/phpoffice/phpspreadsheet/src/PhpSpreadsheet/Calculation/Database/DMax.php,third-party/bundled,2294,45,0d414e50177be95194f08bea49513c26bcb0b6084dd3d6b993c81e70bbb4f08b,inventoried; automated checks where applicable,No individual manual sign-off; see audit limitations.
vendor/phpoffice/phpspreadsheet/src/PhpSpreadsheet/Calculation/Database/DMin.php,third-party/bundled,2295,45,9cfa8359418fb464eb9b1fa326fbef27a8e45c4ea484afb428b2a20df8eb2764,inventoried; automated checks where applicable,No individual manual sign-off; see audit limitations.
vendor/phpoffice/phpspreadsheet/src/PhpSpreadsheet/Calculation/Database/DProduct.php,third-party/bundled,2244,44,6ee3e36b4c7a4e9dd5c29f6c1cfb2f7f9a7c24704022f24a46ad1c12a44d0089,inventoried; automated checks where applicable,No individual manual sign-off; see audit limitations.
vendor/phpoffice/phpspreadsheet/src/PhpSpreadsheet/Calculation/Database/DStDev.php,third-party/bundled,2330,45,e048a0dd9dc1582a3de03a6c19f0518fbb0bad126169356c82f7e48305adec67,inventoried; automated checks where applicable,No individual manual sign-off; see audit limitations.
vendor/phpoffice/phpspreadsheet/src/PhpSpreadsheet/Calculation/Database/DStDevP.php,third-party/bundled,2348,45,b71ee6afc698e2194dc91eb27465d4de4ffd28f7b1412c0111768e2a815c0f87,inventoried; automated checks where applicable,No individual manual sign-off; see audit limitations.
vendor/phpoffice/phpspreadsheet/src/PhpSpreadsheet/Calculation/Database/DSum.php,third-party/bundled,2283,44,8a0a7c709688fd09ec679b5481f23895cfea868794a114b7118778ebd6106ae6,inventoried; automated checks where applicable,No individual manual sign-off; see audit limitations.
vendor/phpoffice/phpspreadsheet/src/PhpSpreadsheet/Calculation/Database/DVar.php,third-party/bundled,2360,47,779a27cb6fe9c35090f7eabd67be1f5a666fcf98b4d2d6b168d83fcfbb0dadae,inventoried; automated checks where applicable,No individual manual sign-off; see audit limitations.
vendor/phpoffice/phpspreadsheet/src/PhpSpreadsheet/Calculation/Database/DVarP.php,third-party/bundled,2378,47,872ecc3d06321d851f36c37f07e6690b4a5e53a252344b777c8dcd68f41cd9d7,inventoried; automated checks where applicable,No individual manual sign-off; see audit limitations.
vendor/phpoffice/phpspreadsheet/src/PhpSpreadsheet/Calculation/Database/DatabaseAbstract.php,third-party/bundled,10076,228,b5a8183ff2bfa95b797ee4b684f4ce3a5439d2ec287f65b3f8da2cde34775d03,inventoried; automated checks where applicable,No individual manual sign-off; see audit limitations.
vendor/phpoffice/phpspreadsheet/src/PhpSpreadsheet/Calculation/DateTimeExcel/Constants.php,third-party/bundled,1103,38,545cebe01e54900df6501fac102aea46f947f986b619db1ddb8b1759f8c115a0,inventoried; automated checks where applicable,No individual manual sign-off; see audit limitations.
vendor/phpoffice/phpspreadsheet/src/PhpSpreadsheet/Calculation/DateTimeExcel/Current.php,third-party/bundled,2377,60,732b677c10cb7e90a9b953ecaea8b808bfdf55d96caf2b2aa3eddcc215349ba4,inventoried; automated checks where applicable,No individual manual sign-off; see audit limitations.
vendor/phpoffice/phpspreadsheet/src/PhpSpreadsheet/Calculation/DateTimeExcel/Date.php,third-party/bundled,7755,179,62a0e0c4bcff1e84a287ed35e9a404271163701784f45808732cf0b3118be603,inventoried; automated checks where applicable,No individual manual sign-off; see audit limitations.
vendor/phpoffice/phpspreadsheet/src/PhpSpreadsheet/Calculation/DateTimeExcel/DateParts.php,third-party/bundled,5487,154,fcf6207ce0251862292ac9cf4e38d5e966d35079e9a6c98023cdaa1ede29c14f,inventoried; automated checks where applicable,No individual manual sign-off; see audit limitations.
vendor/phpoffice/phpspreadsheet/src/PhpSpreadsheet/Calculation/DateTimeExcel/DateValue.php,third-party/bundled,8095,185,e673d5319fdc4fb7a0e4f65bb7175a836164a9b94c21693cc5e8049ebead4243,inventoried; automated checks where applicable,No individual manual sign-off; see audit limitations.
vendor/phpoffice/phpspreadsheet/src/PhpSpreadsheet/Calculation/DateTimeExcel/Days.php,third-party/bundled,2300,60,c61738747c54063598ba2e7bf8856d9ed55330938c203cda1f63f4e986163523,inventoried; automated checks where applicable,No individual manual sign-off; see audit limitations.
vendor/phpoffice/phpspreadsheet/src/PhpSpreadsheet/Calculation/DateTimeExcel/Days360.php,third-party/bundled,5328,118,37662d57d2c668516e9c416f3eef11f210f583f119d31b5f74471463392bf954,inventoried; automated checks where applicable,No individual manual sign-off; see audit limitations.
vendor/phpoffice/phpspreadsheet/src/PhpSpreadsheet/Calculation/DateTimeExcel/Difference.php,third-party/bundled,6061,153,db5353498aebd7dff1eb87c4deac56c1d9b3559924dc8633f89a2c65b74dd532,inventoried; automated checks where applicable,No individual manual sign-off; see audit limitations.
vendor/phpoffice/phpspreadsheet/src/PhpSpreadsheet/Calculation/DateTimeExcel/Helpers.php,third-party/bundled,10465,316,ce884e6a286ae7feb5385273c2a805d92808d1e96501cb184d4703824d57875c,inventoried; automated checks where applicable,No individual manual sign-off; see audit limitations.
vendor/phpoffice/phpspreadsheet/src/PhpSpreadsheet/Calculation/DateTimeExcel/Month.php,third-party/bundled,4811,104,c27b4212d72e10c3782819e89ca0d4ea28c614f5f464b91a3fe9d961ae4660c0,inventoried; automated checks where applicable,No individual manual sign-off; see audit limitations.
vendor/phpoffice/phpspreadsheet/src/PhpSpreadsheet/Calculation/DateTimeExcel/NetworkDays.php,third-party/bundled,4332,119,14af6965d17d4f61108387175eb910cc9ef82693999a46e84d05e97a019d5dcb,inventoried; automated checks where applicable,No individual manual sign-off; see audit limitations.
vendor/phpoffice/phpspreadsheet/src/PhpSpreadsheet/Calculation/DateTimeExcel/Time.php,third-party/bundled,5398,130,6260f63fbfcd8c6d23729e261c896b1dd1bb50ee6c7d8d5b754810798a12534e,inventoried; automated checks where applicable,No individual manual sign-off; see audit limitations.
vendor/phpoffice/phpspreadsheet/src/PhpSpreadsheet/Calculation/DateTimeExcel/TimeParts.php,third-party/bundled,5351,152,7390032df6f35bcd73b9a98603ab66d90eaf2f88efdb7faef01b3e6c856d83b8,inventoried; automated checks where applicable,No individual manual sign-off; see audit limitations.
vendor/phpoffice/phpspreadsheet/src/PhpSpreadsheet/Calculation/DateTimeExcel/TimeValue.php,third-party/bundled,4368,97,53558668fc631bd1cc69da0fef01b7aa9da6069c2d425f91a7eaa21f2da2929f,inventoried; automated checks where applicable,No individual manual sign-off; see audit limitations.
vendor/phpoffice/phpspreadsheet/src/PhpSpreadsheet/Calculation/DateTimeExcel/Week.php,third-party/bundled,10420,274,73f9bd08f32c58e3c3c857d1d5eb852725781c696f9bb5321799f2efd8bd4a99,inventoried; automated checks where applicable,No individual manual sign-off; see audit limitations.
vendor/phpoffice/phpspreadsheet/src/PhpSpreadsheet/Calculation/DateTimeExcel/WorkDay.php,third-party/bundled,7768,206,2661a839ab15c89535607c467562556ab6c830068dbfc4f4fbe6ec4735eea33c,inventoried; automated checks where applicable,No individual manual sign-off; see audit limitations.
vendor/phpoffice/phpspreadsheet/src/PhpSpreadsheet/Calculation/DateTimeExcel/YearFrac.php,third-party/bundled,5747,124,50e6bf75d2027f2d6ebfdb55e6f6c7a5bdd46da87e822f4581e3a8064df4694f,inventoried; automated checks where applicable,No individual manual sign-off; see audit limitations.
vendor/phpoffice/phpspreadsheet/src/PhpSpreadsheet/Calculation/Engine/ArrayArgumentHelper.php,third-party/bundled,5656,218,a879c944115b953d711aa5fde3e8daf41a9d09f9a360ab6ff91c7f4769c31b36,inventoried; automated checks where applicable,No individual manual sign-off; see audit limitations.
vendor/phpoffice/phpspreadsheet/src/PhpSpreadsheet/Calculation/Engine/ArrayArgumentProcessor.php,third-party/bundled,6746,176,f3eb365716f81f19903004565d5768fb0828c237c24467a709eb8dd8dcd98c91,inventoried; automated checks where applicable,No individual manual sign-off; see audit limitations.
vendor/phpoffice/phpspreadsheet/src/PhpSpreadsheet/Calculation/Engine/BranchPruner.php,third-party/bundled,6213,201,e28f2b028fd4b70774bf301e457877d276e8edf70d794dab8f478aa067437db5,inventoried; automated checks where applicable,No individual manual sign-off; see audit limitations.
vendor/phpoffice/phpspreadsheet/src/PhpSpreadsheet/Calculation/Engine/CyclicReferenceStack.php,third-party/bundled,1234,67,207e2dd156f03aa79b3511e296145c758350214adfae240d8ef359825388815b,inventoried; automated checks where applicable,No individual manual sign-off; see audit limitations.
vendor/phpoffice/phpspreadsheet/src/PhpSpreadsheet/Calculation/Engine/FormattedNumber.php,third-party/bundled,5920,139,96bc38f0769a2e7cfa4c0191ac164bb02da6fcee31a0fe1da997c01b69aa1ecc,inventoried; automated checks where applicable,No individual manual sign-off; see audit limitations.
vendor/phpoffice/phpspreadsheet/src/PhpSpreadsheet/Calculation/Engine/Logger.php,third-party/bundled,3289,126,673875c523436b79cb63cc3848e9700af3b63dc363bcf3a8caa982f219df9042,inventoried; automated checks where applicable,No individual manual sign-off; see audit limitations.
vendor/phpoffice/phpspreadsheet/src/PhpSpreadsheet/Calculation/Engine/Operands/Operand.php,third-party/bundled,258,11,c5f5a5b9a0ad492634a7e232c759bb4d6fa71598af12d12ad073b32b2410d315,inventoried; automated checks where applicable,No individual manual sign-off; see audit limitations.
vendor/phpoffice/phpspreadsheet/src/PhpSpreadsheet/Calculation/Engine/Operands/StructuredReference.php,third-party/bundled,13095,364,cf467e41c0f4ab93b05caef035cda5972e51cb0213ca2a9170b9643ec22006a4,inventoried; automated checks where applicable,No individual manual sign-off; see audit limitations.
vendor/phpoffice/phpspreadsheet/src/PhpSpreadsheet/Calculation/Engineering/BesselI.php,third-party/bundled,4620,141,168c41025dfce6c543ce1d81ed092f06fccd6fb8b597f8a79fd535f29cabcb3f,inventoried; automated checks where applicable,No individual manual sign-off; see audit limitations.
vendor/phpoffice/phpspreadsheet/src/PhpSpreadsheet/Calculation/Engineering/BesselJ.php,third-party/bundled,5898,176,1aaa046313fbd3c2b55a00420ed34b23d8d646ad84284b54ae78c45c33109a7b,inventoried; automated checks where applicable,No individual manual sign-off; see audit limitations.
vendor/phpoffice/phpspreadsheet/src/PhpSpreadsheet/Calculation/Engineering/BesselK.php,third-party/bundled,4268,130,af3af179b6466c5de977b492450ccd8ed34d8e71b49dfa6309e6ec2ba5b60306,inventoried; automated checks where applicable,No individual manual sign-off; see audit limitations.
vendor/phpoffice/phpspreadsheet/src/PhpSpreadsheet/Calculation/Engineering/BesselY.php,third-party/bundled,4892,137,725c85310946c4e4fce19a983c30c1d8ae6a5abe3d7a1abea9f4291bea8244f9,inventoried; automated checks where applicable,No individual manual sign-off; see audit limitations.
vendor/phpoffice/phpspreadsheet/src/PhpSpreadsheet/Calculation/Engineering/BitWise.php,third-party/bundled,8470,247,88e3abcce6733cb1ca97a8924fc05390de07fb25f7d4e9747304e1064526e013,inventoried; automated checks where applicable,No individual manual sign-off; see audit limitations.
vendor/phpoffice/phpspreadsheet/src/PhpSpreadsheet/Calculation/Engineering/Compare.php,third-party/bundled,3186,82,81589e469f0d277ee99ca3592388f0eba02aa1c994b881b3fe19877105faf4c6,inventoried; automated checks where applicable,No individual manual sign-off; see audit limitations.
vendor/phpoffice/phpspreadsheet/src/PhpSpreadsheet/Calculation/Engineering/Complex.php,third-party/bundled,4330,120,e482965b2592b784d2cdef2da52445d8478ab6749bbe559af892f1bfc7051f68,inventoried; automated checks where applicable,No individual manual sign-off; see audit limitations.
vendor/phpoffice/phpspreadsheet/src/PhpSpreadsheet/Calculation/Engineering/ComplexFunctions.php,third-party/bundled,20009,592,19c7d320cca8e6c6b41ca4e79c25d67a9f75906840fb34d3c158057c6d452a9a,inventoried; automated checks where applicable,No individual manual sign-off; see audit limitations.
vendor/phpoffice/phpspreadsheet/src/PhpSpreadsheet/Calculation/Engineering/ComplexOperations.php,third-party/bundled,4463,128,82b8787a01b897f004ad829f1d04372f35cb0301109702ddd815b83a39d75bfb,inventoried; automated checks where applicable,No individual manual sign-off; see audit limitations.
vendor/phpoffice/phpspreadsheet/src/PhpSpreadsheet/Calculation/Engineering/Constants.php,third-party/bundled,167,11,1c5e6413fea3463557f9b1874110c63414f0e5f35bdda7b8d22c7a8c85d802b2,inventoried; automated checks where applicable,No individual manual sign-off; see audit limitations.
vendor/phpoffice/phpspreadsheet/src/PhpSpreadsheet/Calculation/Engineering/ConvertBase.php,third-party/bundled,1995,70,d1d4f3ccda6b61f51a5584a98cab0fc99da3c54f418188b69d1bba7aa531b256,inventoried; automated checks where applicable,No individual manual sign-off; see audit limitations.
vendor/phpoffice/phpspreadsheet/src/PhpSpreadsheet/Calculation/Engineering/ConvertBinary.php,third-party/bundled,7421,163,3c1b1a3aff3b62753be5d10ef3f28b8951ff7d6993d71d7d002303ba9170acbc,inventoried; automated checks where applicable,No individual manual sign-off; see audit limitations.
vendor/phpoffice/phpspreadsheet/src/PhpSpreadsheet/Calculation/Engineering/ConvertDecimal.php,third-party/bundled,9658,213,d9eea0123a09240d3fa1f8a4ba31c9a9b2f302bdfe6f0d01369f77428bf2268b,inventoried; automated checks where applicable,No individual manual sign-off; see audit limitations.
vendor/phpoffice/phpspreadsheet/src/PhpSpreadsheet/Calculation/Engineering/ConvertHex.php,third-party/bundled,7856,175,c54ac1b65c75c2a204b06a15f15f30a09acb20c54752a5cd8253cdbf918b2d0a,inventoried; automated checks where applicable,No individual manual sign-off; see audit limitations.
vendor/phpoffice/phpspreadsheet/src/PhpSpreadsheet/Calculation/Engineering/ConvertOctal.php,third-party/bundled,7699,174,e28e3dbb2239ba4e9249128a18fb31e7157bd2b1f860e780d6db3c1699261442,inventoried; automated checks where applicable,No individual manual sign-off; see audit limitations.
vendor/phpoffice/phpspreadsheet/src/PhpSpreadsheet/Calculation/Engineering/ConvertUOM.php,third-party/bundled,35958,686,36d664c4442dc24e7c40609fb13f3de1e40344109a0cbd1e1d0871a4de99e006,inventoried; automated checks where applicable,No individual manual sign-off; see audit limitations.
vendor/phpoffice/phpspreadsheet/src/PhpSpreadsheet/Calculation/Engineering/EngineeringValidations.php,third-party/bundled,639,27,e1a6852849e98ac6c3f8547de7298aec7b9a61b92343c05f85b3fbddd691643f,inventoried; automated checks where applicable,No individual manual sign-off; see audit limitations.
vendor/phpoffice/phpspreadsheet/src/PhpSpreadsheet/Calculation/Engineering/Erf.php,third-party/bundled,3661,109,60950620becc43fd1dd24c4317cd31b1793f137fe35ac3dc1021ca59796553e0,inventoried; automated checks where applicable,No individual manual sign-off; see audit limitations.
vendor/phpoffice/phpspreadsheet/src/PhpSpreadsheet/Calculation/Engineering/ErfC.php,third-party/bundled,2404,77,5cf1fe2bcdf9ddf873a045871f2280a222faa8fe5f9b75af4fe7c93f03d6ad2c,inventoried; automated checks where applicable,No individual manual sign-off; see audit limitations.
vendor/phpoffice/phpspreadsheet/src/PhpSpreadsheet/Calculation/Exception.php,third-party/bundled,507,22,63ff63e5919a0ef8d9ee8a784bacabf7d83a1fb8919deb386bd1daa17a7fa4cb,inventoried; automated checks where applicable,No individual manual sign-off; see audit limitations.
vendor/phpoffice/phpspreadsheet/src/PhpSpreadsheet/Calculation/ExceptionHandler.php,third-party/bundled,450,24,76938915e3c2e4db521e5e63eab12e160a47193bc58007b47af0afdd6e34443f,inventoried; automated checks where applicable,No individual manual sign-off; see audit limitations.
vendor/phpoffice/phpspreadsheet/src/PhpSpreadsheet/Calculation/Financial/Amortization.php,third-party/bundled,8674,213,a23eb560f552fc0038a5a3e778b8c13453950694d169137f0c766a8c44463a47,inventoried; automated checks where applicable,No individual manual sign-off; see audit limitations.
vendor/phpoffice/phpspreadsheet/src/PhpSpreadsheet/Calculation/Financial/CashFlow/CashFlowValidations.php,third-party/bundled,1191,41,77a0d66904a5dabff272aeb2ed1791be0011e2ffb5c029f980626794d0446ae7,inventoried; automated checks where applicable,No individual manual sign-off; see audit limitations.
vendor/phpoffice/phpspreadsheet/src/PhpSpreadsheet/Calculation/Financial/CashFlow/Constant/Periodic.php,third-party/bundled,7773,195,2adc782deab31feab4a482cfd29a14b64479dbe27a26d835e039497d28e50e6e,inventoried; automated checks where applicable,No individual manual sign-off; see audit limitations.
vendor/phpoffice/phpspreadsheet/src/PhpSpreadsheet/Calculation/Financial/CashFlow/Constant/Periodic/Cumulative.php,third-party/bundled,5267,138,e17caa4ecd37c8890598d9c6ec5441f408da2ee54f8f2741783b368d9af69087,inventoried; automated checks where applicable,No individual manual sign-off; see audit limitations.
vendor/phpoffice/phpspreadsheet/src/PhpSpreadsheet/Calculation/Financial/CashFlow/Constant/Periodic/Interest.php,third-party/bundled,9298,213,ec3b85774700f2b0dce5d91b2a26f9ae03089324fbf06b3731fc0120fc3fb6a9,inventoried; automated checks where applicable,No individual manual sign-off; see audit limitations.
vendor/phpoffice/phpspreadsheet/src/PhpSpreadsheet/Calculation/Financial/CashFlow/Constant/Periodic/InterestAndPrincipal.php,third-party/bundled,1228,44,747c4c7a9fc71e2f24ab6c1eae8bc761c5c7956355d10e9664059b6448810985,inventoried; automated checks where applicable,No individual manual sign-off; see audit limitations.
vendor/phpoffice/phpspreadsheet/src/PhpSpreadsheet/Calculation/Financial/CashFlow/Constant/Periodic/Payments.php,third-party/bundled,4854,116,4b4febb6ebb1881829de39b07f53f56822d810abd70d46283af7927f8833e248,inventoried; automated checks where applicable,No individual manual sign-off; see audit limitations.
vendor/phpoffice/phpspreadsheet/src/PhpSpreadsheet/Calculation/Financial/CashFlow/Single.php,third-party/bundled,3882,107,cf17c7f4686a22ad57d52c2809719919379e52614b55fee09a491790bb341520,inventoried; automated checks where applicable,No individual manual sign-off; see audit limitations.
vendor/phpoffice/phpspreadsheet/src/PhpSpreadsheet/Calculation/Financial/CashFlow/Variable/NonPeriodic.php,third-party/bundled,11739,324,0d2079023c96aedd5428c50a05f74d5707b3b954b89ee0faee84a3aaf3d1d9c2,inventoried; automated checks where applicable,No individual manual sign-off; see audit limitations.
vendor/phpoffice/phpspreadsheet/src/PhpSpreadsheet/Calculation/Financial/CashFlow/Variable/Periodic.php,third-party/bundled,5720,164,b86fb681a1743a452a25101c67a20b8b8ea4fc8f6413b0b770f295c4f74137b9,inventoried; automated checks where applicable,No individual manual sign-off; see audit limitations.
vendor/phpoffice/phpspreadsheet/src/PhpSpreadsheet/Calculation/Financial/Constants.php,third-party/bundled,550,19,c8ad2bcfdd2a10936121396094c438b3e4eeabc277032f2a2c92cf3f311d53a7,inventoried; automated checks where applicable,No individual manual sign-off; see audit limitations.
vendor/phpoffice/phpspreadsheet/src/PhpSpreadsheet/Calculation/Financial/Coupons.php,third-party/bundled,18216,395,ec64b31ea047b712f36e4a81922805981477fc3ee8d4e432f0f9c7cf095dd63c,inventoried; automated checks where applicable,No individual manual sign-off; see audit limitations.
vendor/phpoffice/phpspreadsheet/src/PhpSpreadsheet/Calculation/Financial/Depreciation.php,third-party/bundled,9803,265,9221ab949d1adc53c68453600b5494c7bfbb93ac62351f6a7a38564ae6d99291,inventoried; automated checks where applicable,No individual manual sign-off; see audit limitations.
vendor/phpoffice/phpspreadsheet/src/PhpSpreadsheet/Calculation/Financial/Dollar.php,third-party/bundled,4786,131,94fd5b3ff39d87ceb0de27b768c3b0ee1775411c652ec16837f7376ff7821e3a,inventoried; automated checks where applicable,No individual manual sign-off; see audit limitations.
vendor/phpoffice/phpspreadsheet/src/PhpSpreadsheet/Calculation/Financial/FinancialValidations.php,third-party/bundled,3175,122,78de82b243916748f2201074fe28514adab017ba3e15176b8d0886e9257db17d,inventoried; automated checks where applicable,No individual manual sign-off; see audit limitations.
vendor/phpoffice/phpspreadsheet/src/PhpSpreadsheet/Calculation/Financial/Helpers.php,third-party/bundled,2177,61,b9f6ae091674c465aa5d2f0c0e06b59d08d3ff3aaa1e90c01700dd8c25acf4a2,inventoried; automated checks where applicable,No individual manual sign-off; see audit limitations.
vendor/phpoffice/phpspreadsheet/src/PhpSpreadsheet/Calculation/Financial/InterestRate.php,third-party/bundled,2474,71,82ae4afdc0352a800ca28b47fed1f2d1e01b2fb9bdc5609f053d6acf1c18fc8e,inventoried; automated checks where applicable,No individual manual sign-off; see audit limitations.
vendor/phpoffice/phpspreadsheet/src/PhpSpreadsheet/Calculation/Financial/Securities/AccruedInterest.php,third-party/bundled,6893,146,8a12d12a95c01c95ef51b1d18d440966d32aba10b552e327ddca5df2644fcaf0,inventoried; automated checks where applicable,No individual manual sign-off; see audit limitations.
vendor/phpoffice/phpspreadsheet/src/PhpSpreadsheet/Calculation/Financial/Securities/Price.php,third-party/bundled,13341,276,d452fbe7757f08152079d759b965c41a1fe4a8c6c0bd1f72d32e5aae6103252e,inventoried; automated checks where applicable,No individual manual sign-off; see audit limitations.
vendor/phpoffice/phpspreadsheet/src/PhpSpreadsheet/Calculation/Financial/Securities/Rates.php,third-party/bundled,5927,131,ff5c36f5924b1e5dbdcdf1c0c65e2824d00e2920678a12fad53822e801ed7581,inventoried; automated checks where applicable,No individual manual sign-off; see audit limitations.
vendor/phpoffice/phpspreadsheet/src/PhpSpreadsheet/Calculation/Financial/Securities/SecurityValidations.php,third-party/bundled,921,32,f49c61434bc2531088d507d33ec36459426ac8fcd5eeacb054295fef7e08fa09,inventoried; automated checks where applicable,No individual manual sign-off; see audit limitations.
vendor/phpoffice/phpspreadsheet/src/PhpSpreadsheet/Calculation/Financial/Securities/Yields.php,third-party/bundled,7383,150,857dd4bb37a802fc0da49e098e001cbb3cbd4f022b5e4761b0895753fcb3e0f1,inventoried; automated checks where applicable,No individual manual sign-off; see audit limitations.
vendor/phpoffice/phpspreadsheet/src/PhpSpreadsheet/Calculation/Financial/TreasuryBill.php,third-party/bundled,6018,146,0498875d8e56271607a787cc5132f9e5ea33629fe26da6409a0700fc000ddd52,inventoried; automated checks where applicable,No individual manual sign-off; see audit limitations.
vendor/phpoffice/phpspreadsheet/src/PhpSpreadsheet/Calculation/FormulaParser.php,third-party/bundled,22163,607,0a0b7c11d2f16fec1343055e3b780edfc1f2198e164bc8d29de221b5523fc23d,inventoried; automated checks where applicable,No individual manual sign-off; see audit limitations.
vendor/phpoffice/phpspreadsheet/src/PhpSpreadsheet/Calculation/FormulaToken.php,third-party/bundled,4176,134,02f47193e7da03f7d70f8b33d0b834e52574256658a82668d9f25fb69262574f,inventoried; automated checks where applicable,No individual manual sign-off; see audit limitations.
vendor/phpoffice/phpspreadsheet/src/PhpSpreadsheet/Calculation/FunctionArray.php,third-party/bundled,108221,2685,aa5bab1c3ec5d6d8a3fff5e9d31bcdffeba38c413725c7d534ed6a5d5f08b7fa,inventoried; automated checks where applicable,No individual manual sign-off; see audit limitations.
vendor/phpoffice/phpspreadsheet/src/PhpSpreadsheet/Calculation/Functions.php,third-party/bundled,13159,407,ecdbdfb24d33cd2da42ab856e5ee9c146eac0d8b01045543d953afb07be62b1d,inventoried; automated checks where applicable,No individual manual sign-off; see audit limitations.
vendor/phpoffice/phpspreadsheet/src/PhpSpreadsheet/Calculation/Information/ErrorValue.php,third-party/bundled,2193,72,49af51b4c4658818e549a7823f7aa7ab4f9726e5e95c84d0d9f11ecf1c69a450,inventoried; automated checks where applicable,No individual manual sign-off; see audit limitations.
vendor/phpoffice/phpspreadsheet/src/PhpSpreadsheet/Calculation/Information/ExcelError.php,third-party/bundled,3396,167,04497f29d0f9871cfb6193c074ef0d215ad09db860e1c6363c23b27a8df106ef,inventoried; automated checks where applicable,No individual manual sign-off; see audit limitations.
vendor/phpoffice/phpspreadsheet/src/PhpSpreadsheet/Calculation/Information/Info.php,third-party/bundled,1322,44,43762d74fbbb1e488e86227ea42081f118751a914577d35278a5f8643cdfce78,inventoried; automated checks where applicable,No individual manual sign-off; see audit limitations.
vendor/phpoffice/phpspreadsheet/src/PhpSpreadsheet/Calculation/Information/Value.php,third-party/bundled,10364,328,a74515574022df65950c91d4e9717e4e7dcaa9620b0ad13ad77d937b228a79f3,inventoried; automated checks where applicable,No individual manual sign-off; see audit limitations.
vendor/phpoffice/phpspreadsheet/src/PhpSpreadsheet/Calculation/Internal/ExcelArrayPseudoFunctions.php,third-party/bundled,4580,104,2e632c33a661879aeeeb6bd83b4bb8fa7eb3ec1397f28fec56e7cb319dc21b52,inventoried; automated checks where applicable,No individual manual sign-off; see audit limitations.
vendor/phpoffice/phpspreadsheet/src/PhpSpreadsheet/Calculation/Internal/MakeMatrix.php,third-party/bundled,243,16,02d98241466b82a268d2c305cb183ba5fc5845e6fd110240988f74db1974e673,inventoried; automated checks where applicable,No individual manual sign-off; see audit limitations.
vendor/phpoffice/phpspreadsheet/src/PhpSpreadsheet/Calculation/Internal/WildcardMatch.php,third-party/bundled,1252,39,b383e08ccdd2d65d1d069d72ba412c4f094a541832eb45359bf3aecf8c03b0e7,inventoried; automated checks where applicable,No individual manual sign-off; see audit limitations.
vendor/phpoffice/phpspreadsheet/src/PhpSpreadsheet/Calculation/Logical/Boolean.php,third-party/bundled,541,36,c5efa074704f806531a9e482d893adb611ad42b09c8f5c4b1963f3a74755ae80,inventoried; automated checks where applicable,No individual manual sign-off; see audit limitations.
vendor/phpoffice/phpspreadsheet/src/PhpSpreadsheet/Calculation/Logical/Conditional.php,third-party/bundled,9105,211,1bfd528572e623c6081d3a95c1e1eeeca76ac41d32f9282b7cf291d7d936404e,inventoried; automated checks where applicable,No individual manual sign-off; see audit limitations.
vendor/phpoffice/phpspreadsheet/src/PhpSpreadsheet/Calculation/Logical/Operations.php,third-party/bundled,6699,167,54662a4f30471527febc6739d65917c51ebea75ccf6862b3c8e0e696f61b0c52,inventoried; automated checks where applicable,No individual manual sign-off; see audit limitations.
vendor/phpoffice/phpspreadsheet/src/PhpSpreadsheet/Calculation/LookupRef/Address.php,third-party/bundled,5088,126,449bfb1b6448cbb7802bc26af3d399795118af4482fb527385f9a5e661ef739a,inventoried; automated checks where applicable,No individual manual sign-off; see audit limitations.
vendor/phpoffice/phpspreadsheet/src/PhpSpreadsheet/Calculation/LookupRef/ChooseRowsEtc.php,third-party/bundled,7166,251,8357016ad3048bbe7171bba047aecdc93194d007651fd67f9e7103deab86b2c6,inventoried; automated checks where applicable,No individual manual sign-off; see audit limitations.
vendor/phpoffice/phpspreadsheet/src/PhpSpreadsheet/Calculation/LookupRef/ExcelMatch.php,third-party/bundled,10059,261,00c601abe8552d0ed38ac7ef8045f63e00fe89a36152f9c5db76dc430e26f228,inventoried; automated checks where applicable,No individual manual sign-off; see audit limitations.
vendor/phpoffice/phpspreadsheet/src/PhpSpreadsheet/Calculation/LookupRef/Filter.php,third-party/bundled,2510,95,b62f057b6d534ffcac1f263e0bb1ea4ddb033dfe67c17ae5c9b9d194eef0526e,inventoried; automated checks where applicable,No individual manual sign-off; see audit limitations.
vendor/phpoffice/phpspreadsheet/src/PhpSpreadsheet/Calculation/LookupRef/Formula.php,third-party/bundled,1448,44,df30ff8db2f4c8d6f367f79aa63b0d334def29555e020d1f08b335e747d5cff6,inventoried; automated checks where applicable,No individual manual sign-off; see audit limitations.
vendor/phpoffice/phpspreadsheet/src/PhpSpreadsheet/Calculation/LookupRef/HLookup.php,third-party/bundled,4761,130,72f019942d5ed47df2b4cc1a994293419312e91355180a91f57113784ba83da3,inventoried; automated checks where applicable,No individual manual sign-off; see audit limitations.
vendor/phpoffice/phpspreadsheet/src/PhpSpreadsheet/Calculation/LookupRef/Helpers.php,third-party/bundled,2860,75,fc5503a2b4675d4fbdb480ea0a011e5a704da2978ce70f8fbaeb1be3f9f07dd7,inventoried; automated checks where applicable,No individual manual sign-off; see audit limitations.
vendor/phpoffice/phpspreadsheet/src/PhpSpreadsheet/Calculation/LookupRef/Hstack.php,third-party/bundled,1339,48,c87f095703c6de47e26ed195e2dce6f3792a98a7100e60abffbb5bd4e53eb92c,inventoried; automated checks where applicable,No individual manual sign-off; see audit limitations.
vendor/phpoffice/phpspreadsheet/src/PhpSpreadsheet/Calculation/LookupRef/Hyperlink.php,third-party/bundled,1780,53,c521bce1a821853f4a02cf65b72706ca5352044d0bd45ac381dc8d47035dafa1,inventoried; automated checks where applicable,No individual manual sign-off; see audit limitations.
vendor/phpoffice/phpspreadsheet/src/PhpSpreadsheet/Calculation/LookupRef/Indirect.php,third-party/bundled,5140,130,eadacade5dd76f7a89828d34168ee88aaca89c4c2a800fb54051e6a1666d58e2,inventoried; automated checks where applicable,No individual manual sign-off; see audit limitations.
vendor/phpoffice/phpspreadsheet/src/PhpSpreadsheet/Calculation/LookupRef/Lookup.php,third-party/bundled,4065,123,1621e6ea98bcca9593df94e601be32062f8256caa2f7ae01390e2ff979184e70,inventoried; automated checks where applicable,No individual manual sign-off; see audit limitations.
vendor/phpoffice/phpspreadsheet/src/PhpSpreadsheet/Calculation/LookupRef/LookupBase.php,third-party/bundled,2304,67,cb44c488471af7dc738d05b94c539703f41d69ff31608768deede6e414dcbc61,inventoried; automated checks where applicable,No individual manual sign-off; see audit limitations.
vendor/phpoffice/phpspreadsheet/src/PhpSpreadsheet/Calculation/LookupRef/LookupRefValidations.php,third-party/bundled,931,34,7d7d8ed1edbdba7eaf79133d51465e91c1d4027eef4d11141485ec64a06feb48,inventoried; automated checks where applicable,No individual manual sign-off; see audit limitations.
vendor/phpoffice/phpspreadsheet/src/PhpSpreadsheet/Calculation/LookupRef/Matrix.php,third-party/bundled,5350,169,e4689fb1ed9116875ac277262b3093ec2282fe4d4f82e3a0dcf1b60836616863,inventoried; automated checks where applicable,No individual manual sign-off; see audit limitations.
vendor/phpoffice/phpspreadsheet/src/PhpSpreadsheet/Calculation/LookupRef/Offset.php,third-party/bundled,6990,165,a90d26d94f2d300115e8566b6c50cd234b3a35b3e617b8191e555becd6271a67,inventoried; automated checks where applicable,No individual manual sign-off; see audit limitations.
vendor/phpoffice/phpspreadsheet/src/PhpSpreadsheet/Calculation/LookupRef/RowColumnInformation.php,third-party/bundled,8229,232,8576df703740c55bb9790fc9e0d0e6989c9241f736a67f597b969f78495805d1,inventoried; automated checks where applicable,No individual manual sign-off; see audit limitations.
vendor/phpoffice/phpspreadsheet/src/PhpSpreadsheet/Calculation/LookupRef/Selection.php,third-party/bundled,1532,51,cdaef35e2671ac6b90e6c5020c77fc4eadfce41e4ae914e1716c0061b8721889,inventoried; automated checks where applicable,No individual manual sign-off; see audit limitations.
vendor/phpoffice/phpspreadsheet/src/PhpSpreadsheet/Calculation/LookupRef/Sort.php,third-party/bundled,13904,389,bde605be0fe0a352055a1dcb9a19edcf0c90401db6565f27848e372c308fb8f7,inventoried; automated checks where applicable,No individual manual sign-off; see audit limitations.
vendor/phpoffice/phpspreadsheet/src/PhpSpreadsheet/Calculation/LookupRef/TorowTocol.php,third-party/bundled,2574,94,0f90c13d3c3e6c58b3a41e0f3442c3223d186dec3a1b32906a38c2528e778e72,inventoried; automated checks where applicable,No individual manual sign-off; see audit limitations.
vendor/phpoffice/phpspreadsheet/src/PhpSpreadsheet/Calculation/LookupRef/Unique.php,third-party/bundled,5562,164,4456daf165dd70953bacac4ba6bdc59622c1d0f0a07683ed474b12d4fbcfb4fd,inventoried; automated checks where applicable,No individual manual sign-off; see audit limitations.
vendor/phpoffice/phpspreadsheet/src/PhpSpreadsheet/Calculation/LookupRef/VLookup.php,third-party/bundled,4541,128,d1dc212878672c36f0988a9e09b32d466f8e7b1842d19af3531e3e23b129969f,inventoried; automated checks where applicable,No individual manual sign-off; see audit limitations.
vendor/phpoffice/phpspreadsheet/src/PhpSpreadsheet/Calculation/LookupRef/Vstack.php,third-party/bundled,1041,42,80e72bed8102f55724b6a859c69a8fa6f12d3c66f044eaa11a9a34f64d777c7d,inventoried; automated checks where applicable,No individual manual sign-off; see audit limitations.
vendor/phpoffice/phpspreadsheet/src/PhpSpreadsheet/Calculation/LookupRef/XLookup.php,third-party/bundled,9210,275,d67349638149a3d097da0e5e39d94c698d449dc8e02d61f1bcc8b0d9778ffd46,inventoried; automated checks where applicable,No individual manual sign-off; see audit limitations.
vendor/phpoffice/phpspreadsheet/src/PhpSpreadsheet/Calculation/MathTrig/Absolute.php,third-party/bundled,1041,37,fd4d2a8d1b566b7e0cb341a958043fda00be78468e97e2b7dd3b8a3864796508,inventoried; automated checks where applicable,No individual manual sign-off; see audit limitations.
vendor/phpoffice/phpspreadsheet/src/PhpSpreadsheet/Calculation/MathTrig/Angle.php,third-party/bundled,1875,63,c96e0bef8587d4de46d4340f3bafb322920b59c3ef625d6c76090b892ff81589,inventoried; automated checks where applicable,No individual manual sign-off; see audit limitations.
vendor/phpoffice/phpspreadsheet/src/PhpSpreadsheet/Calculation/MathTrig/Arabic.php,third-party/bundled,2764,97,8957b6ddb346457505be53f4c7b04f4bd5b21ffaf177d1cdb785aa2698e5d5a0,inventoried; automated checks where applicable,No individual manual sign-off; see audit limitations.
vendor/phpoffice/phpspreadsheet/src/PhpSpreadsheet/Calculation/MathTrig/Base.php,third-party/bundled,2288,65,c0d008283e0b7beb1c174b937c4248a3d8ad5b8bf4364fb46d4e3e83b3bdcf0a,inventoried; automated checks where applicable,No individual manual sign-off; see audit limitations.
vendor/phpoffice/phpspreadsheet/src/PhpSpreadsheet/Calculation/MathTrig/Ceiling.php,third-party/bundled,7241,192,5a6f23582b7345c923dd443782938b2a3ef41b41ff4cec6f1e8d015a774e484e,inventoried; automated checks where applicable,No individual manual sign-off; see audit limitations.
vendor/phpoffice/phpspreadsheet/src/PhpSpreadsheet/Calculation/MathTrig/Combinations.php,third-party/bundled,3984,103,a913e3e5759e7277a5b085211120f3a575bf83ec6ffe62c444caf781d3e305bb,inventoried; automated checks where applicable,No individual manual sign-off; see audit limitations.
vendor/phpoffice/phpspreadsheet/src/PhpSpreadsheet/Calculation/MathTrig/Exp.php,third-party/bundled,1028,37,57752ad0fcf9963d243d5d79da422360faf58685db3fea8faf44944497d4584b,inventoried; automated checks where applicable,No individual manual sign-off; see audit limitations.
vendor/phpoffice/phpspreadsheet/src/PhpSpreadsheet/Calculation/MathTrig/Factorial.php,third-party/bundled,3984,128,617e591298ae771a4cbe5b096e249ae5f7cb09430fc5ca9c3ff70bc848bd2a3e,inventoried; automated checks where applicable,No individual manual sign-off; see audit limitations.
vendor/phpoffice/phpspreadsheet/src/PhpSpreadsheet/Calculation/MathTrig/Floor.php,third-party/bundled,7885,224,958e457fc23d99e56b6b83cafafa9010c586a197ccb4c68121afc0a3c8ec3d08,inventoried; automated checks where applicable,No individual manual sign-off; see audit limitations.
vendor/phpoffice/phpspreadsheet/src/PhpSpreadsheet/Calculation/MathTrig/Gcd.php,third-party/bundled,1972,65,8094dbc76e7353dea433a2e54e8d622d53ebfc75005f393335123a39cb58a6af,inventoried; automated checks where applicable,No individual manual sign-off; see audit limitations.
vendor/phpoffice/phpspreadsheet/src/PhpSpreadsheet/Calculation/MathTrig/Helpers.php,third-party/bundled,2950,111,de18a594ebc2a45e922083015de83ef27f498904a3b725e030832e812a7abe57,inventoried; automated checks where applicable,No individual manual sign-off; see audit limitations.
vendor/phpoffice/phpspreadsheet/src/PhpSpreadsheet/Calculation/MathTrig/IntClass.php,third-party/bundled,1120,40,125265837bb8a786b550ba666b7ea496be838a2c66f18a2218c48c2f5f9e5d8c,inventoried; automated checks where applicable,No individual manual sign-off; see audit limitations.
vendor/phpoffice/phpspreadsheet/src/PhpSpreadsheet/Calculation/MathTrig/Lcm.php,third-party/bundled,3902,119,64101381f80d27c3e8450b83c966138938cbb5ca30ee9f161e1f195629846a0a,inventoried; automated checks where applicable,No individual manual sign-off; see audit limitations.
vendor/phpoffice/phpspreadsheet/src/PhpSpreadsheet/Calculation/MathTrig/Logarithms.php,third-party/bundled,3349,102,0c27ff336b60816df60fbda8cc79a11bee80db5219e7edad217eb3c423da59ab,inventoried; automated checks where applicable,No individual manual sign-off; see audit limitations.
vendor/phpoffice/phpspreadsheet/src/PhpSpreadsheet/Calculation/MathTrig/MatrixFunctions.php,third-party/bundled,5421,179,835ef3786b9bd2a18e9b20a00aed7f1b60662c961de77cecfb149db5d3ef23a0,inventoried; automated checks where applicable,No individual manual sign-off; see audit limitations.
vendor/phpoffice/phpspreadsheet/src/PhpSpreadsheet/Calculation/MathTrig/Operations.php,third-party/bundled,5090,155,e4f78cc72d67260cde920f3470feb404ca535c53b20caeabac95a1207a8299a0,inventoried; automated checks where applicable,No individual manual sign-off; see audit limitations.
vendor/phpoffice/phpspreadsheet/src/PhpSpreadsheet/Calculation/MathTrig/Random.php,third-party/bundled,3357,97,ccb6bc517a9e0a9e09faf0c4fff0e2e08f3b80f6a28e7d9d322be2d34489b288,inventoried; automated checks where applicable,No individual manual sign-off; see audit limitations.
vendor/phpoffice/phpspreadsheet/src/PhpSpreadsheet/Calculation/MathTrig/Roman.php,third-party/bundled,26736,846,0d09c7d132239240750f8f6e40dde3e5a62d39d990ec020e94043e50ba923e6d,inventoried; automated checks where applicable,No individual manual sign-off; see audit limitations.
vendor/phpoffice/phpspreadsheet/src/PhpSpreadsheet/Calculation/MathTrig/Round.php,third-party/bundled,8353,240,cf4f17b7265a042fb08ec554d8ddd420f505d1272e063ac3b8422b79732f9fdf,inventoried; automated checks where applicable,No individual manual sign-off; see audit limitations.
vendor/phpoffice/phpspreadsheet/src/PhpSpreadsheet/Calculation/MathTrig/SeriesSum.php,third-party/bundled,1664,53,d845e11274da5eb36882efc902d7da9ecd4a2f2997557349c3f57f185241b1c3,inventoried; automated checks where applicable,No individual manual sign-off; see audit limitations.
vendor/phpoffice/phpspreadsheet/src/PhpSpreadsheet/Calculation/MathTrig/Sign.php,third-party/bundled,1157,38,4ea8215a4ac6f1ffb5371cbe1075a542e19cfe814a37c87e92981f4210a25c36,inventoried; automated checks where applicable,No individual manual sign-off; see audit limitations.
vendor/phpoffice/phpspreadsheet/src/PhpSpreadsheet/Calculation/MathTrig/Sqrt.php,third-party/bundled,1930,64,e707b9a0e17dbed5eea66a97a341e95d2e2683bbb146d4dbc8910fce501976aa,inventoried; automated checks where applicable,No individual manual sign-off; see audit limitations.
vendor/phpoffice/phpspreadsheet/src/PhpSpreadsheet/Calculation/MathTrig/Subtotal.php,third-party/bundled,5534,160,ec4e557a04ffeb9e4c314229ac49cf0b44edc1902812363b121e509495ce1029,inventoried; automated checks where applicable,No individual manual sign-off; see audit limitations.
vendor/phpoffice/phpspreadsheet/src/PhpSpreadsheet/Calculation/MathTrig/Sum.php,third-party/bundled,3551,116,42db5ad482c771debb6e070b1e5d6e9e90c9f464d87a7d47a0768f0b36beff6a,inventoried; automated checks where applicable,No individual manual sign-off; see audit limitations.
vendor/phpoffice/phpspreadsheet/src/PhpSpreadsheet/Calculation/MathTrig/SumSquares.php,third-party/bundled,4271,143,c2e39ba7a407647c299097a5fa412580ed5954ec8d180294620762e660e2cd21,inventoried; automated checks where applicable,No individual manual sign-off; see audit limitations.
vendor/phpoffice/phpspreadsheet/src/PhpSpreadsheet/Calculation/MathTrig/Trig/Cosecant.php,third-party/bundled,1899,64,2adec613e1f88f449ba0486579261b3df256811174b710bf0d99c63abc024611,inventoried; automated checks where applicable,No individual manual sign-off; see audit limitations.
vendor/phpoffice/phpspreadsheet/src/PhpSpreadsheet/Calculation/MathTrig/Trig/Cosine.php,third-party/bundled,3556,116,ec51e8d4b78ff416be8ca61ef20cfbc96f5a0bf75658855ca1543d1adc9be106,inventoried; automated checks where applicable,No individual manual sign-off; see audit limitations.
vendor/phpoffice/phpspreadsheet/src/PhpSpreadsheet/Calculation/MathTrig/Trig/Cotangent.php,third-party/bundled,3632,118,971dc55c2e77a6721682fab94ae32ab4af1a4c642ee313937b93d3fc150830a6,inventoried; automated checks where applicable,No individual manual sign-off; see audit limitations.
vendor/phpoffice/phpspreadsheet/src/PhpSpreadsheet/Calculation/MathTrig/Trig/Secant.php,third-party/bundled,1889,64,e883c7b564539b9d6efee35e473d3b517519ad130e58ba35db5537e91a8e0159,inventoried; automated checks where applicable,No individual manual sign-off; see audit limitations.
vendor/phpoffice/phpspreadsheet/src/PhpSpreadsheet/Calculation/MathTrig/Trig/Sine.php,third-party/bundled,3504,116,03508ce8285daa1c6a29bae06a3e5994a40ba47c8977c0cb40121a07b90d9fc2,inventoried; automated checks where applicable,No individual manual sign-off; see audit limitations.
vendor/phpoffice/phpspreadsheet/src/PhpSpreadsheet/Calculation/MathTrig/Trig/Tangent.php,third-party/bundled,5657,160,8cd2e71df39bab2fe9a80cf786b13a8169d2ecab0aee08066daf623534b7a0ba,inventoried; automated checks where applicable,No individual manual sign-off; see audit limitations.
vendor/phpoffice/phpspreadsheet/src/PhpSpreadsheet/Calculation/MathTrig/Trunc.php,third-party/bundled,1323,36,2109450b2f8717ea4ede8240b00955e2e599b0583486ee6efbe9893ad445ea4b,inventoried; automated checks where applicable,No individual manual sign-off; see audit limitations.
vendor/phpoffice/phpspreadsheet/src/PhpSpreadsheet/Calculation/Statistical/AggregateBase.php,third-party/bundled,1961,59,aca4218db9d720b8311c3445c7704ee01d8f996e92be94f1cf5250f7d3dfaab5,inventoried; automated checks where applicable,No individual manual sign-off; see audit limitations.
vendor/phpoffice/phpspreadsheet/src/PhpSpreadsheet/Calculation/Statistical/Averages.php,third-party/bundled,8208,272,fa39651390ce1d4484a6a97697b9a6e0b8a2a10c4f4ba68a7c62eeba1e4204e2,inventoried; automated checks where applicable,No individual manual sign-off; see audit limitations.
vendor/phpoffice/phpspreadsheet/src/PhpSpreadsheet/Calculation/Statistical/Averages/Mean.php,third-party/bundled,3618,126,e43d6760fb6a2d8c180164dec3720cf64d1d09e3d59a0f882ff64a432e84961a,inventoried; automated checks where applicable,No individual manual sign-off; see audit limitations.
vendor/phpoffice/phpspreadsheet/src/PhpSpreadsheet/Calculation/Statistical/Conditional.php,third-party/bundled,11464,358,98a5ca092f9c7f134451fd46485b42df4c8f4f298b07a9d913757d457fdb523b,inventoried; automated checks where applicable,No individual manual sign-off; see audit limitations.
vendor/phpoffice/phpspreadsheet/src/PhpSpreadsheet/Calculation/Statistical/Confidence.php,third-party/bundled,1865,54,57e5bc8ab878b8a2a12897395356fd06a14be07fca72c71364a3b219ad172c04,inventoried; automated checks where applicable,No individual manual sign-off; see audit limitations.
vendor/phpoffice/phpspreadsheet/src/PhpSpreadsheet/Calculation/Statistical/Counts.php,third-party/bundled,2696,96,7fe569f58e23f2d99d5700fa8be7882081a620ea13ed6befca52bcffe87441ca,inventoried; automated checks where applicable,No individual manual sign-off; see audit limitations.
vendor/phpoffice/phpspreadsheet/src/PhpSpreadsheet/Calculation/Statistical/Deviations.php,third-party/bundled,4441,138,ce61d2cc10b62808c314d37484558262fa12e7b0323ee7a469a2745d7ce5febf,inventoried; automated checks where applicable,No individual manual sign-off; see audit limitations.
vendor/phpoffice/phpspreadsheet/src/PhpSpreadsheet/Calculation/Statistical/Distributions/Beta.php,third-party/bundled,9684,279,32a210b8225ddd728e24cbe79b519f4d4f97255a0951a93012abf70568466fb5,inventoried; automated checks where applicable,No individual manual sign-off; see audit limitations.
vendor/phpoffice/phpspreadsheet/src/PhpSpreadsheet/Calculation/Statistical/Distributions/Binomial.php,third-party/bundled,10034,231,cb5547109d679216a67b66125a8c574bb7ec3eac530497844ed6442590354117,inventoried; automated checks where applicable,No individual manual sign-off; see audit limitations.
vendor/phpoffice/phpspreadsheet/src/PhpSpreadsheet/Calculation/Statistical/Distributions/ChiSquared.php,third-party/bundled,11192,332,881bed6743a7ea709dbddc7de21891fe967572ad5332a57f7b2fab073f2b5c7c,inventoried; automated checks where applicable,No individual manual sign-off; see audit limitations.
vendor/phpoffice/phpspreadsheet/src/PhpSpreadsheet/Calculation/Statistical/Distributions/DistributionValidations.php,third-party/bundled,635,21,99b4373ead8866c55fd4e5f1f2dd882d286fdc6584d0fa3cb36e9588172bfd26,inventoried; automated checks where applicable,No individual manual sign-off; see audit limitations.
vendor/phpoffice/phpspreadsheet/src/PhpSpreadsheet/Calculation/Statistical/Distributions/Exponential.php,third-party/bundled,2107,54,a89c9c515affd82147b1742a2d23cdc3bf469ac770ace1ae8da5ff7594962a04,inventoried; automated checks where applicable,No individual manual sign-off; see audit limitations.
vendor/phpoffice/phpspreadsheet/src/PhpSpreadsheet/Calculation/Statistical/Distributions/F.php,third-party/bundled,2642,63,9cdcc550393e7cece396eba570f8b249878cfe1bf7a005d2908c0907867f2623,inventoried; automated checks where applicable,No individual manual sign-off; see audit limitations.
vendor/phpoffice/phpspreadsheet/src/PhpSpreadsheet/Calculation/Statistical/Distributions/Fisher.php,third-party/bundled,2522,72,93b52359401f6f42bb18686ffbdf5f49f6f55062e633000e06b07e474a30d4ff,inventoried; automated checks where applicable,No individual manual sign-off; see audit limitations.
vendor/phpoffice/phpspreadsheet/src/PhpSpreadsheet/Calculation/Statistical/Distributions/Gamma.php,third-party/bundled,5378,148,62c6775be29d9ba32acecd4510769689f9b94f2324e48999b1bd87babf1de6c9,inventoried; automated checks where applicable,No individual manual sign-off; see audit limitations.
vendor/phpoffice/phpspreadsheet/src/PhpSpreadsheet/Calculation/Statistical/Distributions/GammaBase.php,third-party/bundled,11546,382,0ea9e3744b6ac51617644ce50682f2e09c741db3f77cb3def91e1c168e42904f,inventoried; automated checks where applicable,No individual manual sign-off; see audit limitations.
vendor/phpoffice/phpspreadsheet/src/PhpSpreadsheet/Calculation/Statistical/Distributions/HyperGeometric.php,third-party/bundled,3321,75,5c5192c02ff16f1638ce0cb4ba8b9f307741529d6482c6637b908efc21df6596,inventoried; automated checks where applicable,No individual manual sign-off; see audit limitations.
vendor/phpoffice/phpspreadsheet/src/PhpSpreadsheet/Calculation/Statistical/Distributions/LogNormal.php,third-party/bundled,5664,139,82fa5c7db17fd59405c9be5a44392fb715c43f63ab63c8ed2b06d24b73cd096f,inventoried; automated checks where applicable,No individual manual sign-off; see audit limitations.
vendor/phpoffice/phpspreadsheet/src/PhpSpreadsheet/Calculation/Statistical/Distributions/NewtonRaphson.php,third-party/bundled,1861,68,2c4a7f0d1c8d8f7def6282d3ab49e0384b3a147cc355412188e23fb6e14a737a,inventoried; automated checks where applicable,No individual manual sign-off; see audit limitations.
vendor/phpoffice/phpspreadsheet/src/PhpSpreadsheet/Calculation/Statistical/Distributions/Normal.php,third-party/bundled,7412,184,05bf72917bd8e688a1cb1aeb23984abe6d6e86f9032b5b48b5cc0234d9ced19a,inventoried; automated checks where applicable,No individual manual sign-off; see audit limitations.
vendor/phpoffice/phpspreadsheet/src/PhpSpreadsheet/Calculation/Statistical/Distributions/Poisson.php,third-party/bundled,2460,66,bb646c6ae3df304afcee59ca0fe91b6800fc21598b438a0130cb06686d833009,inventoried; automated checks where applicable,No individual manual sign-off; see audit limitations.
vendor/phpoffice/phpspreadsheet/src/PhpSpreadsheet/Calculation/Statistical/Distributions/StandardNormal.php,third-party/bundled,6303,158,81385b87b6ea293cadf077d0b45f5ac8cca942e9270cfbfc97318f32bc943756,inventoried; automated checks where applicable,No individual manual sign-off; see audit limitations.
vendor/phpoffice/phpspreadsheet/src/PhpSpreadsheet/Calculation/Statistical/Distributions/StudentT.php,third-party/bundled,10853,316,6acc57479f94a5bebc35d3fed4596e3bcba7012f3fbe7bb6fc11315fdbb81127,inventoried; automated checks where applicable,No individual manual sign-off; see audit limitations.
vendor/phpoffice/phpspreadsheet/src/PhpSpreadsheet/Calculation/Statistical/Distributions/Weibull.php,third-party/bundled,2254,57,588f2c0bb3d02cf501363d098c9ad3b0854b154d3b1f7cf2f5226334edeb2671,inventoried; automated checks where applicable,No individual manual sign-off; see audit limitations.
vendor/phpoffice/phpspreadsheet/src/PhpSpreadsheet/Calculation/Statistical/MaxMinBase.php,third-party/bundled,371,17,b81c1ef0fea1be29b885f3746541a5c3d7c553b23759e721298ff5ab85a8ab9c,inventoried; automated checks where applicable,No individual manual sign-off; see audit limitations.
vendor/phpoffice/phpspreadsheet/src/PhpSpreadsheet/Calculation/Statistical/Maximum.php,third-party/bundled,2421,87,acccc59fa1bfb94a7af1446835dfe56416a1b5488206e9c95581681822db64a4,inventoried; automated checks where applicable,No individual manual sign-off; see audit limitations.
vendor/phpoffice/phpspreadsheet/src/PhpSpreadsheet/Calculation/Statistical/Minimum.php,third-party/bundled,2422,87,d418d97ff2316461b62a8018626cc4824eb60517fee3f921543bafddf3b4fd87,inventoried; automated checks where applicable,No individual manual sign-off; see audit limitations.
vendor/phpoffice/phpspreadsheet/src/PhpSpreadsheet/Calculation/Statistical/Percentiles.php,third-party/bundled,6736,217,438676a0b35606e3b1d76c9c6d1951d0a72625a7a90e74243c84a0211bee09f4,inventoried; automated checks where applicable,No individual manual sign-off; see audit limitations.
vendor/phpoffice/phpspreadsheet/src/PhpSpreadsheet/Calculation/Statistical/Permutations.php,third-party/bundled,3759,100,b5923e0e9c7ff81e727e295831d11cf913d04e65ecd97207733f0d0ad3ea7de8,inventoried; automated checks where applicable,No individual manual sign-off; see audit limitations.
vendor/phpoffice/phpspreadsheet/src/PhpSpreadsheet/Calculation/Statistical/Size.php,third-party/bundled,2620,101,f4ddf534e09be8f34c9561d273b86641f13b1c1a34dd91472b2f16c421554786,inventoried; automated checks where applicable,No individual manual sign-off; see audit limitations.
vendor/phpoffice/phpspreadsheet/src/PhpSpreadsheet/Calculation/Statistical/StandardDeviations.php,third-party/bundled,2200,89,12400ec8b9961de5a70e51c0897f343cd13e0cc9875a3c46c8febb754f5bff42,inventoried; automated checks where applicable,No individual manual sign-off; see audit limitations.
vendor/phpoffice/phpspreadsheet/src/PhpSpreadsheet/Calculation/Statistical/Standardize.php,third-party/bundled,1696,49,66d1b14f0b9ac7f5942b64b1778793bfccdc656bc24672adbd1a6d1460263bf6,inventoried; automated checks where applicable,No individual manual sign-off; see audit limitations.
vendor/phpoffice/phpspreadsheet/src/PhpSpreadsheet/Calculation/Statistical/StatisticalValidations.php,third-party/bundled,862,36,efb1f5de2a5da9f025c05cadfee11bc0b3542dd37770b782017b4b9bcd920e43,inventoried; automated checks where applicable,No individual manual sign-off; see audit limitations.
vendor/phpoffice/phpspreadsheet/src/PhpSpreadsheet/Calculation/Statistical/Trends.php,third-party/bundled,15009,438,ec98bde81ad2ed81bd75b77cb907d653237b1cc5028b0ead2399a5f207b528ea,inventoried; automated checks where applicable,No individual manual sign-off; see audit limitations.
vendor/phpoffice/phpspreadsheet/src/PhpSpreadsheet/Calculation/Statistical/VarianceBase.php,third-party/bundled,693,28,de0e6a2634e8d17c9f3ff1660a29ee6c4e969813cd98bb4f0e2fcefa459917fb,inventoried; automated checks where applicable,No individual manual sign-off; see audit limitations.
vendor/phpoffice/phpspreadsheet/src/PhpSpreadsheet/Calculation/Statistical/Variances.php,third-party/bundled,5181,186,d1cca5a758c15fae0802b6b7e70475c724b051cc59102629a9c43e4e7b45553d,inventoried; automated checks where applicable,No individual manual sign-off; see audit limitations.
vendor/phpoffice/phpspreadsheet/src/PhpSpreadsheet/Calculation/TextData/CaseConvert.php,third-party/bundled,2933,90,29595f0388c2cab26fdda18a5134765be2c1d470677e9828802fc40c3e01665a,inventoried; automated checks where applicable,No individual manual sign-off; see audit limitations.
vendor/phpoffice/phpspreadsheet/src/PhpSpreadsheet/Calculation/TextData/CharacterConvert.php,third-party/bundled,4996,148,24b4f6df4be256b8bda113b860c8595ea1283897c2c84a4e47df81716a745f38,inventoried; automated checks where applicable,No individual manual sign-off; see audit limitations.
vendor/phpoffice/phpspreadsheet/src/PhpSpreadsheet/Calculation/TextData/Concatenate.php,third-party/bundled,8500,226,9ba1e22ca65d11f5eda66c54e9f08e2529eb7b05a07d0330547f5ce85bbf555e,inventoried; automated checks where applicable,No individual manual sign-off; see audit limitations.
vendor/phpoffice/phpspreadsheet/src/PhpSpreadsheet/Calculation/TextData/Extract.php,third-party/bundled,13148,290,76a84e67ac561aede01922c417380069d9f7372fc18f52c94faa282396207ce0,inventoried; automated checks where applicable,No individual manual sign-off; see audit limitations.
vendor/phpoffice/phpspreadsheet/src/PhpSpreadsheet/Calculation/TextData/Format.php,third-party/bundled,12695,325,00f27e60ca423d89fc42ad29867bc036c5a7a6d1d2c9c6d998d808dbf6e76e4b,inventoried; automated checks where applicable,No individual manual sign-off; see audit limitations.
vendor/phpoffice/phpspreadsheet/src/PhpSpreadsheet/Calculation/TextData/Helpers.php,third-party/bundled,2982,93,a7e1b7bac1df906f315640115010246ecc95531139d444e4bb3b9419b34d0589,inventoried; automated checks where applicable,No individual manual sign-off; see audit limitations.
vendor/phpoffice/phpspreadsheet/src/PhpSpreadsheet/Calculation/TextData/Replace.php,third-party/bundled,5006,116,a1f8f343eba531bad50c778addb0c697acd9b7a02de860edcf2c0ac202e4afe5,inventoried; automated checks where applicable,No individual manual sign-off; see audit limitations.
vendor/phpoffice/phpspreadsheet/src/PhpSpreadsheet/Calculation/TextData/Search.php,third-party/bundled,3739,97,17850fdef69ced86c3b25cb610750681a68b4e49de68e0e5b0fbfa30563907d7,inventoried; automated checks where applicable,No individual manual sign-off; see audit limitations.
vendor/phpoffice/phpspreadsheet/src/PhpSpreadsheet/Calculation/TextData/Text.php,third-party/bundled,9263,250,ae30d9b547b8c138d0a86d2461c573e09967edabf9851f8ec675c6919daf0815,inventoried; automated checks where applicable,No individual manual sign-off; see audit limitations.
vendor/phpoffice/phpspreadsheet/src/PhpSpreadsheet/Calculation/TextData/Thai.php,third-party/bundled,3980,139,95d1304da178d3b6e3e5bf4f83d80592e8b65ea2cda863513f11d4e950364a23,inventoried; automated checks where applicable,No individual manual sign-off; see audit limitations.
vendor/phpoffice/phpspreadsheet/src/PhpSpreadsheet/Calculation/TextData/Trim.php,third-party/bundled,1574,50,8b1230c1be63e58aee92e3d1362b2b380b51ae651e3b2ea005ec5f8c141740e5,inventoried; automated checks where applicable,No individual manual sign-off; see audit limitations.
vendor/phpoffice/phpspreadsheet/src/PhpSpreadsheet/Calculation/Token/Stack.php,third-party/bundled,3196,126,5a7cd51885293e4d8b34f775350350c9f1756c35cc1c32c705155b39b4e23473,inventoried; automated checks where applicable,No individual manual sign-off; see audit limitations.
vendor/phpoffice/phpspreadsheet/src/PhpSpreadsheet/Calculation/Web/Service.php,third-party/bundled,2637,79,0a789edb7402b7241461fba56059914a7d32e651278bdef290ac5f3c39125b06,inventoried; automated checks where applicable,No individual manual sign-off; see audit limitations.
vendor/phpoffice/phpspreadsheet/src/PhpSpreadsheet/Calculation/locale/Translations.xlsx,third-party/bundled,99195,,2e06ff637feaa81934e40c03744e2ba05f4a0973d0eb331263daee82d80d18f4,inventoried; automated checks where applicable,No individual manual sign-off; see audit limitations.
vendor/phpoffice/phpspreadsheet/src/PhpSpreadsheet/Calculation/locale/bg/config,third-party/bundled,424,24,2b3f17dbdf770be2a5fe5aafe18ebeeae22c88c646b25d5e47a588adbad764d4,inventoried; automated checks where applicable,No individual manual sign-off; see audit limitations.
vendor/phpoffice/phpspreadsheet/src/PhpSpreadsheet/Calculation/locale/bg/functions,third-party/bundled,9528,409,8aa3d1a051987ab6affbd2a7530781d8e513eb983b48a777cc99129fb5837e6f,inventoried; automated checks where applicable,No individual manual sign-off; see audit limitations.
vendor/phpoffice/phpspreadsheet/src/PhpSpreadsheet/Calculation/locale/cs/config,third-party/bundled,349,20,7cdfd99e075896b99d0b9f451dba6830b4ca0018aab4a056d5ba3443f1d4d889,inventoried; automated checks where applicable,No individual manual sign-off; see audit limitations.
vendor/phpoffice/phpspreadsheet/src/PhpSpreadsheet/Calculation/locale/cs/functions,third-party/bundled,9517,520,d89f294fb995810e9eb034cc1931a0d4f76430fb0cf561360b93fde7c04ebc5b,inventoried; automated checks where applicable,No individual manual sign-off; see audit limitations.
vendor/phpoffice/phpspreadsheet/src/PhpSpreadsheet/Calculation/locale/da/config,third-party/bundled,311,20,109bbf6af0f6147ec2623a4185b049ae2291ad8613f8648fcfec8a3518cdb4a2,inventoried; automated checks where applicable,No individual manual sign-off; see audit limitations.
vendor/phpoffice/phpspreadsheet/src/PhpSpreadsheet/Calculation/locale/da/functions,third-party/bundled,10529,538,ad44b2968937e1ddb28dc3eebceb655b9b5edae7095c14dedfb7d8603ffa271e,inventoried; automated checks where applicable,No individual manual sign-off; see audit limitations.
vendor/phpoffice/phpspreadsheet/src/PhpSpreadsheet/Calculation/locale/de/config,third-party/bundled,298,20,8a0c259eee04cedadee5cf33fe9933b8b4bdfb5e1c2f236b769109de5dcd556b,inventoried; automated checks where applicable,No individual manual sign-off; see audit limitations.
vendor/phpoffice/phpspreadsheet/src/PhpSpreadsheet/Calculation/locale/de/functions,third-party/bundled,10139,534,ad34dd49ea30da0e23258df3d2038431719c8b3236b0041b24440ed949650eec,inventoried; automated checks where applicable,No individual manual sign-off; see audit limitations.
vendor/phpoffice/phpspreadsheet/src/PhpSpreadsheet/Calculation/locale/en/uk/config,third-party/bundled,318,24,fc70b46732962b91a8c8b0e75890c8cd8a17d8d092fd85edd4bc44b92a8ea5f0,inventoried; automated checks where applicable,No individual manual sign-off; see audit limitations.
vendor/phpoffice/phpspreadsheet/src/PhpSpreadsheet/Calculation/locale/es/config,third-party/bundled,334,20,cc571eec53b678b6f5b9aaac8e8e1b797e778ba3a34408f5e5ab357f2a9b42bd,inventoried; automated checks where applicable,No individual manual sign-off; see audit limitations.
vendor/phpoffice/phpspreadsheet/src/PhpSpreadsheet/Calculation/locale/es/functions,third-party/bundled,10700,538,dfbfe09e19bcf4e4c8a296fef9107b3a574561fa8eac683ad51a328cc3996a12,inventoried; automated checks where applicable,No individual manual sign-off; see audit limitations.
vendor/phpoffice/phpspreadsheet/src/PhpSpreadsheet/Calculation/locale/fi/config,third-party/bundled,337,20,cb3ad73d6f5785025e14e1371b95207e0ba753e1ea8c09e41fdcf9896d53cd1f,inventoried; automated checks where applicable,No individual manual sign-off; see audit limitations.
vendor/phpoffice/phpspreadsheet/src/PhpSpreadsheet/Calculation/locale/fi/functions,third-party/bundled,11442,538,d3b3bdf021deecab7c19889f3453301d4a0bd79e3e32f425064a579fe0b76661,inventoried; automated checks where applicable,No individual manual sign-off; see audit limitations.
vendor/phpoffice/phpspreadsheet/src/PhpSpreadsheet/Calculation/locale/fr/config,third-party/bundled,304,20,5d86a01aadeda80535b730fd68dcd2d7e906369c5035cf5f7ff316b66b34017e,inventoried; automated checks where applicable,No individual manual sign-off; see audit limitations.
vendor/phpoffice/phpspreadsheet/src/PhpSpreadsheet/Calculation/locale/fr/functions,third-party/bundled,10720,525,66baf5221787c5d25134850b64c47777509fef097457520a474ef4126bd40f97,inventoried; automated checks where applicable,No individual manual sign-off; see audit limitations.
vendor/phpoffice/phpspreadsheet/src/PhpSpreadsheet/Calculation/locale/hu/config,third-party/bundled,345,20,4d97bb49956d9409e071ad69e22916c5d0d6e01e4922999f0a33e4ffdf86c75d,inventoried; automated checks where applicable,No individual manual sign-off; see audit limitations.
vendor/phpoffice/phpspreadsheet/src/PhpSpreadsheet/Calculation/locale/hu/functions,third-party/bundled,10811,538,7b3399072eb57288c9e24fda1d460c813746a2ba292c136dc2c32d7e86ada710,inventoried; automated checks where applicable,No individual manual sign-off; see audit limitations.
vendor/phpoffice/phpspreadsheet/src/PhpSpreadsheet/Calculation/locale/it/config,third-party/bundled,301,20,b38fa8fd33355518d9ea6f7ce086bf9114767c3066f47cc0a79a739ab1b9e7f6,inventoried; automated checks where applicable,No individual manual sign-off; see audit limitations.
vendor/phpoffice/phpspreadsheet/src/PhpSpreadsheet/Calculation/locale/it/functions,third-party/bundled,10908,537,b0921fc7de7c4f209c9da74ff286b1a0b180d86141994d7bb95253c1c2a1e365,inventoried; automated checks where applicable,No individual manual sign-off; see audit limitations.
vendor/phpoffice/phpspreadsheet/src/PhpSpreadsheet/Calculation/locale/nb/config,third-party/bundled,307,20,32cc13d3e98661e00616d57652fef47707c042af5f3b60a208c091ad9cdaa472,inventoried; automated checks where applicable,No individual manual sign-off; see audit limitations.
vendor/phpoffice/phpspreadsheet/src/PhpSpreadsheet/Calculation/locale/nb/functions,third-party/bundled,10729,539,4c0867fe740686d1b7461e05fc13c833650fdcc1cd658cdc98129f5094dbeaf1,inventoried; automated checks where applicable,No individual manual sign-off; see audit limitations.
vendor/phpoffice/phpspreadsheet/src/PhpSpreadsheet/Calculation/locale/nl/config,third-party/bundled,332,20,783f7c661b10456a365b6788a5843de0a3cab4d189dad5aeb45f2802d4c0948b,inventoried; automated checks where applicable,No individual manual sign-off; see audit limitations.
vendor/phpoffice/phpspreadsheet/src/PhpSpreadsheet/Calculation/locale/nl/functions,third-party/bundled,10519,538,5dca4bdd135f74c0dfa761c64ff852cdca693d2327cba6341935c97077e8479f,inventoried; automated checks where applicable,No individual manual sign-off; see audit limitations.
vendor/phpoffice/phpspreadsheet/src/PhpSpreadsheet/Calculation/locale/pl/config,third-party/bundled,335,20,ee480d3c790d8a1fc03796152621cb83f3dc48697ec01539d1a8df65a54b94a9,inventoried; automated checks where applicable,No individual manual sign-off; see audit limitations.
vendor/phpoffice/phpspreadsheet/src/PhpSpreadsheet/Calculation/locale/pl/functions,third-party/bundled,11600,536,b3a8ccdee057e143531e6569ca40fd2e084afc320fc8ee517c973771789361eb,inventoried; automated checks where applicable,No individual manual sign-off; see audit limitations.
vendor/phpoffice/phpspreadsheet/src/PhpSpreadsheet/Calculation/locale/pt/br/config,third-party/bundled,336,20,991b20c541457264d98ea29a7865120bb6cf1090ac610aeb572c88318fd7f331,inventoried; automated checks where applicable,No individual manual sign-off; see audit limitations.
vendor/phpoffice/phpspreadsheet/src/PhpSpreadsheet/Calculation/locale/pt/br/functions,third-party/bundled,9831,528,d2b729ac48f1f767da41956b700be7efe228644df1ce8d734f90e9f5915f353d,inventoried; automated checks where applicable,No individual manual sign-off; see audit limitations.
vendor/phpoffice/phpspreadsheet/src/PhpSpreadsheet/Calculation/locale/pt/config,third-party/bundled,315,20,6060427d30299651068f0c59033f912581586a1f63a5fb36c173122259017caa,inventoried; automated checks where applicable,No individual manual sign-off; see audit limitations.
vendor/phpoffice/phpspreadsheet/src/PhpSpreadsheet/Calculation/locale/pt/functions,third-party/bundled,10239,538,d86ace424079ade44b2c9479d46237f7756b4942b354fb7ad52288ea8b1bfddf,inventoried; automated checks where applicable,No individual manual sign-off; see audit limitations.
vendor/phpoffice/phpspreadsheet/src/PhpSpreadsheet/Calculation/locale/ru/config,third-party/bundled,374,20,1127ae1788407911054a677037eb93e070b1246bb53b35dda4ad183539bff944,inventoried; automated checks where applicable,No individual manual sign-off; see audit limitations.
vendor/phpoffice/phpspreadsheet/src/PhpSpreadsheet/Calculation/locale/ru/functions,third-party/bundled,14029,555,6718b0cf3acdd0df32cd460ecbd53bf1a78e3349458510afa95473963b1b43ea,inventoried; automated checks where applicable,No individual manual sign-off; see audit limitations.
vendor/phpoffice/phpspreadsheet/src/PhpSpreadsheet/Calculation/locale/sv/config,third-party/bundled,354,20,785793fa83ee66780ce94b1d9310ed8f800985d64ef6d45c4effcd2cb4ecdece,inventoried; automated checks where applicable,No individual manual sign-off; see audit limitations.
vendor/phpoffice/phpspreadsheet/src/PhpSpreadsheet/Calculation/locale/sv/functions,third-party/bundled,9889,533,327637e8738443fd4d5c6e2cc33d99aa6a840848b508bd322622e305bb7a9144,inventoried; automated checks where applicable,No individual manual sign-off; see audit limitations.
vendor/phpoffice/phpspreadsheet/src/PhpSpreadsheet/Calculation/locale/tr/config,third-party/bundled,330,20,e4c6ee949977baf097d088b835ed084e6bc0fa3ee287a80aedca618706e8fa84,inventoried; automated checks where applicable,No individual manual sign-off; see audit limitations.
vendor/phpoffice/phpspreadsheet/src/PhpSpreadsheet/Calculation/locale/tr/functions,third-party/bundled,10505,537,256d986b6dcd2d4521ebfb28fa3ce7d86bac45d79bf5198b0317c65b14002ee1,inventoried; automated checks where applicable,No individual manual sign-off; see audit limitations.
vendor/phpoffice/phpspreadsheet/src/PhpSpreadsheet/Cell/AddressHelper.php,third-party/bundled,6728,175,e0cbb443de743812ffabcf6fdb73ca355c8a1256946a5af3476cae421bebb745,inventoried; automated checks where applicable,No individual manual sign-off; see audit limitations.
vendor/phpoffice/phpspreadsheet/src/PhpSpreadsheet/Cell/AddressRange.php,third-party/bundled,561,30,9019419d65c4b158b189d2924c549fa99fb37cd70c9910bf76b49b0c1b4dd1d0,inventoried; automated checks where applicable,No individual manual sign-off; see audit limitations.
vendor/phpoffice/phpspreadsheet/src/PhpSpreadsheet/Cell/AdvancedValueBinder.php,third-party/bundled,8657,212,3eb4b14761df93a9c5a648a3e5d6ed65494a5ce1d3d0bafa8cab9ad353aa50c8,inventoried; automated checks where applicable,No individual manual sign-off; see audit limitations.
vendor/phpoffice/phpspreadsheet/src/PhpSpreadsheet/Cell/Cell.php,third-party/bundled,38877,1176,cf950b1ecb80a0398d1017fdc48dc62426819d1f1963dd47a7ca2b07d40d6168,inventoried; automated checks where applicable,No individual manual sign-off; see audit limitations.
vendor/phpoffice/phpspreadsheet/src/PhpSpreadsheet/Cell/CellAddress.php,third-party/bundled,4014,149,9ac429d47380e12791619572f209ec2b4795b34f12e0e2f0e4737227a66dffea,inventoried; automated checks where applicable,No individual manual sign-off; see audit limitations.
vendor/phpoffice/phpspreadsheet/src/PhpSpreadsheet/Cell/CellRange.php,third-party/bundled,4875,134,2f89ef427c1228fd95b04367915b3d8410766b9c7c3eb64c36b6f4d7a72cac3a,inventoried; automated checks where applicable,No individual manual sign-off; see audit limitations.
vendor/phpoffice/phpspreadsheet/src/PhpSpreadsheet/Cell/ColumnRange.php,third-party/bundled,3142,125,e97fe305ab1439d4e212c9f081b36da414ce13c97a746733de7378f601ba256a,inventoried; automated checks where applicable,No individual manual sign-off; see audit limitations.
vendor/phpoffice/phpspreadsheet/src/PhpSpreadsheet/Cell/Coordinate.php,third-party/bundled,29091,795,91de2aa0b13526ee288cb03abd01f30406854e9feab04b6c839028a8906c169c,inventoried; automated checks where applicable,No individual manual sign-off; see audit limitations.
vendor/phpoffice/phpspreadsheet/src/PhpSpreadsheet/Cell/DataType.php,third-party/bundled,2488,93,33a6a993eb85f0c256d6a8b51c6a5fe4ae23c50f8492d3c8839a977e30373e03,inventoried; automated checks where applicable,No individual manual sign-off; see audit limitations.
vendor/phpoffice/phpspreadsheet/src/PhpSpreadsheet/Cell/DataValidation.php,third-party/bundled,7313,399,b2dcbe41ed2f35a49100001dd48dd70bbf88c11cc302351f7745008530d529cb,inventoried; automated checks where applicable,No individual manual sign-off; see audit limitations.
vendor/phpoffice/phpspreadsheet/src/PhpSpreadsheet/Cell/DataValidator.php,third-party/bundled,5285,143,0ae6b1b3b6d85f92a6f044b9829b8c121904517693465ef76e7bd9bf02152038,inventoried; automated checks where applicable,No individual manual sign-off; see audit limitations.
vendor/phpoffice/phpspreadsheet/src/PhpSpreadsheet/Cell/DefaultValueBinder.php,third-party/bundled,4794,145,ef2eeb9ef3b127bb46e2d0e24ff66776aa541d41188385c642246d6dedefc069,inventoried; automated checks where applicable,No individual manual sign-off; see audit limitations.
vendor/phpoffice/phpspreadsheet/src/PhpSpreadsheet/Cell/Hyperlink.php,third-party/bundled,2275,119,b8efd5235beeb8966e9c915291f324e7fe22bde24bb3c5bd3efe5ff321d6fe95,inventoried; automated checks where applicable,No individual manual sign-off; see audit limitations.
vendor/phpoffice/phpspreadsheet/src/PhpSpreadsheet/Cell/IValueBinder.php,third-party/bundled,287,14,6fe75a21a5e64243a07aae51970f01aa4a0f1333db580d763909aa9fe1e5fefe,inventoried; automated checks where applicable,No individual manual sign-off; see audit limitations.
vendor/phpoffice/phpspreadsheet/src/PhpSpreadsheet/Cell/IgnoredErrors.php,third-party/bundled,1680,90,8867c2e2823ea9aafefc2499d8fabbc16b205dfac220fc5ed4d86b0fd7ea3412,inventoried; automated checks where applicable,No individual manual sign-off; see audit limitations.
vendor/phpoffice/phpspreadsheet/src/PhpSpreadsheet/Cell/RowRange.php,third-party/bundled,2300,94,9bb0fca8211d5c812a69c2cb4140f4635aa63ee985ee97e148a769b02a898127,inventoried; automated checks where applicable,No individual manual sign-off; see audit limitations.
vendor/phpoffice/phpspreadsheet/src/PhpSpreadsheet/Cell/StringValueBinder.php,third-party/bundled,4448,135,d3978f00b68eace883e02509bc6146539ed44795eec4f151a433f6b8099d9b45,inventoried; automated checks where applicable,No individual manual sign-off; see audit limitations.
vendor/phpoffice/phpspreadsheet/src/PhpSpreadsheet/CellReferenceHelper.php,third-party/bundled,6836,178,57713174fe5acee8d64b17b49501b2ac5940e85c2a08a0167fcfd126d4a00b08,inventoried; automated checks where applicable,No individual manual sign-off; see audit limitations.
vendor/phpoffice/phpspreadsheet/src/PhpSpreadsheet/Chart/Axis.php,third-party/bundled,10117,344,1101db392ae5d38e2519864cb6112af82b5a721a66dc94bd27dbb1dc950e9b49,inventoried; automated checks where applicable,No individual manual sign-off; see audit limitations.
vendor/phpoffice/phpspreadsheet/src/PhpSpreadsheet/Chart/AxisText.php,third-party/bundled,1244,63,f7939b1e0083eb5e12d65c08ef177662ea9f813bed4285008127c80715bad2a0,inventoried; automated checks where applicable,No individual manual sign-off; see audit limitations.
vendor/phpoffice/phpspreadsheet/src/PhpSpreadsheet/Chart/Chart.php,third-party/bundled,19527,900,73c62b3ff3e8eeed90c8814b6a357ada7e803597f32d9fe3fb85178b038e487c,inventoried; automated checks where applicable,No individual manual sign-off; see audit limitations.
vendor/phpoffice/phpspreadsheet/src/PhpSpreadsheet/Chart/ChartColor.php,third-party/bundled,4169,161,e9941a25aed044d1a049b59231c5d75d5a7461e4b5aedca5d1b1b886a05c30a0,inventoried; automated checks where applicable,No individual manual sign-off; see audit limitations.
vendor/phpoffice/phpspreadsheet/src/PhpSpreadsheet/Chart/DataSeries.php,third-party/bundled,9474,408,dd7d02e9a590a59b137bdb682515b6335a843c8dc51e3132d8cbf813caf38ac1,inventoried; automated checks where applicable,No individual manual sign-off; see audit limitations.
vendor/phpoffice/phpspreadsheet/src/PhpSpreadsheet/Chart/DataSeriesValues.php,third-party/bundled,14695,581,bf6ea3b407516ebd1fc5daa0b781c669c979c662d1e4b8566f02c1af23aca00e,inventoried; automated checks where applicable,No individual manual sign-off; see audit limitations.
vendor/phpoffice/phpspreadsheet/src/PhpSpreadsheet/Chart/DataTable.php,third-party/bundled,1236,62,0481bfc7643d64226b16cb87e2e33bee0530604748370e31f812faa295cb5aa1,inventoried; automated checks where applicable,No individual manual sign-off; see audit limitations.
vendor/phpoffice/phpspreadsheet/src/PhpSpreadsheet/Chart/Exception.php,third-party/bundled,170,9,6f2fe821baf7edf46141d4c21fd825a30f20570a813e4db75cfe51053c0610e0,inventoried; automated checks where applicable,No individual manual sign-off; see audit limitations.
vendor/phpoffice/phpspreadsheet/src/PhpSpreadsheet/Chart/GridLines.php,third-party/bundled,183,13,86e09ab775abe92d14f07bcab829c8f77e4ecde6b7a8ea33b97d1db55e679773,inventoried; automated checks where applicable,No individual manual sign-off; see audit limitations.
vendor/phpoffice/phpspreadsheet/src/PhpSpreadsheet/Chart/Layout.php,third-party/bundled,13812,610,458a045dec366a0a9ae25cd198c60992ffa04b112981978f3d628244ed0e7c9b,inventoried; automated checks where applicable,No individual manual sign-off; see audit limitations.
vendor/phpoffice/phpspreadsheet/src/PhpSpreadsheet/Chart/Legend.php,third-party/bundled,4366,174,4af98d52a5337310bdc49c24b4252c3f66735c82fad25d3d73f4a48f87c83d03,inventoried; automated checks where applicable,No individual manual sign-off; see audit limitations.
vendor/phpoffice/phpspreadsheet/src/PhpSpreadsheet/Chart/PlotArea.php,third-party/bundled,4607,224,147fb8047fa09bdb68bd3352b313fa9ec2d65722ad1001b8543911ccb720c64b,inventoried; automated checks where applicable,No individual manual sign-off; see audit limitations.
vendor/phpoffice/phpspreadsheet/src/PhpSpreadsheet/Chart/Properties.php,third-party/bundled,32000,935,e5e146e4cfc213d69d6c5275abc15f5cd67b10ff63deba3f915c1eae2fdd0590,inventoried; automated checks where applicable,No individual manual sign-off; see audit limitations.
vendor/phpoffice/phpspreadsheet/src/PhpSpreadsheet/Chart/Renderer/IRenderer.php,third-party/bundled,449,22,26c7af34551f984596b0247210a4b3d8842c8589807318e7392f5998bbf84b83,inventoried; automated checks where applicable,No individual manual sign-off; see audit limitations.
vendor/phpoffice/phpspreadsheet/src/PhpSpreadsheet/Chart/Renderer/JpGraph.php,third-party/bundled,1236,40,d7fd8fba9f1c794038296774998b0d15725ea26c84ab425cfa3f4deddf206877,inventoried; automated checks where applicable,No individual manual sign-off; see audit limitations.
vendor/phpoffice/phpspreadsheet/src/PhpSpreadsheet/Chart/Renderer/JpGraphRendererBase.php,third-party/bundled,32514,886,2cbd268910cc13e92405e0e98ab3e0bb8a62d757a28c9f200402d6ccf0eaa974,inventoried; automated checks where applicable,No individual manual sign-off; see audit limitations.
vendor/phpoffice/phpspreadsheet/src/PhpSpreadsheet/Chart/Renderer/MtJpGraphRenderer.php,third-party/bundled,821,38,c696e21be3ac4539c38990a551f18f2f655ea39f87e3fce7ab2e461797e6c433,inventoried; automated checks where applicable,No individual manual sign-off; see audit limitations.
vendor/phpoffice/phpspreadsheet/src/PhpSpreadsheet/Chart/Renderer/PHP Charting Libraries.txt,third-party/bundled,574,23,094f197e6e6915d93cb576b4dfe197bcd1457612a29805ef0efacf3736a9ad9e,inventoried; automated checks where applicable,No individual manual sign-off; see audit limitations.
vendor/phpoffice/phpspreadsheet/src/PhpSpreadsheet/Chart/Title.php,third-party/bundled,4423,177,2de9f74ff6ef869470f31933087ffff7e83bbd27fe76a445fd85fc2d718a4841,inventoried; automated checks where applicable,No individual manual sign-off; see audit limitations.
vendor/phpoffice/phpspreadsheet/src/PhpSpreadsheet/Chart/TrendLine.php,third-party/bundled,4627,217,1df6728c48558bd030aa9653b920395a130dee9123dc987b17d001da6f1c209c,inventoried; automated checks where applicable,No individual manual sign-off; see audit limitations.
vendor/phpoffice/phpspreadsheet/src/PhpSpreadsheet/Collection/Cells.php,third-party/bundled,16465,548,120bdfc9ec066327444c0d879a6041c7d53c41ad8815f11c9697048d601f609a,inventoried; automated checks where applicable,No individual manual sign-off; see audit limitations.
vendor/phpoffice/phpspreadsheet/src/PhpSpreadsheet/Collection/CellsFactory.php,third-party/bundled,460,20,778cfd5c89cd6bf90e355406d0ee334976674c5b5c8f458127666e6b8f549f59,inventoried; automated checks where applicable,No individual manual sign-off; see audit limitations.
vendor/phpoffice/phpspreadsheet/src/PhpSpreadsheet/Collection/Memory/SimpleCache1.php,third-party/bundled,1764,87,daed5405fb9bf72f4b775cd1209446099b92c1ff73d3de4135995a36189e5d0a,inventoried; automated checks where applicable,No individual manual sign-off; see audit limitations.
vendor/phpoffice/phpspreadsheet/src/PhpSpreadsheet/Collection/Memory/SimpleCache3.php,third-party/bundled,1696,80,e46626d21fbc6648b255407a8ac9e9f3937fee45bae8e19cb5f805f1e7bf645b,inventoried; automated checks where applicable,No individual manual sign-off; see audit limitations.
vendor/phpoffice/phpspreadsheet/src/PhpSpreadsheet/Comment.php,third-party/bundled,7888,358,cca90623ca015bb790bb418c3e533bda00c315e2beed8c31ac2bef4d5ff76cb1,inventoried; automated checks where applicable,No individual manual sign-off; see audit limitations.
vendor/phpoffice/phpspreadsheet/src/PhpSpreadsheet/DefinedName.php,third-party/bundled,6561,269,64690376fa234be55b909f16c5bdb88fac9570e94f8548b68e22b271d12fb722,inventoried; automated checks where applicable,No individual manual sign-off; see audit limitations.
vendor/phpoffice/phpspreadsheet/src/PhpSpreadsheet/Document/Properties.php,third-party/bundled,12360,509,ff7ee529eb81266e919b049f51a39e172dfc8c13d24b5060f7d065a36dc064f8,inventoried; automated checks where applicable,No individual manual sign-off; see audit limitations.
vendor/phpoffice/phpspreadsheet/src/PhpSpreadsheet/Document/Security.php,third-party/bundled,6509,257,1586ca41f9c82db7faf412155096939e87fbd330028ace57430dfabd8f54f59f,inventoried; automated checks where applicable,No individual manual sign-off; see audit limitations.
vendor/phpoffice/phpspreadsheet/src/PhpSpreadsheet/Exception.php,third-party/bundled,112,9,4f43a67301553c21d70276fd66739e3e7266d4a275e10d874e1367888cec7373,inventoried; automated checks where applicable,No individual manual sign-off; see audit limitations.
vendor/phpoffice/phpspreadsheet/src/PhpSpreadsheet/HashTable.php,third-party/bundled,3772,175,1d72e398f9e569b3892ae83d414b3caa4500b03d0e73dd9906ee7837ebac4e22,inventoried; automated checks where applicable,No individual manual sign-off; see audit limitations.
vendor/phpoffice/phpspreadsheet/src/PhpSpreadsheet/Helper/Dimension.php,third-party/bundled,3088,105,45e2883992be8fe18adbde3188a7fc27e0806817cfd73308ee5034790880251b,inventoried; automated checks where applicable,No individual manual sign-off; see audit limitations.
vendor/phpoffice/phpspreadsheet/src/PhpSpreadsheet/Helper/Downloader.php,third-party/bundled,3159,102,ff4c4d223b017f2d43efdc1cc5969dfcc529d789bff0da66022b2d49711b7ee7,inventoried; automated checks where applicable,No individual manual sign-off; see audit limitations.
vendor/phpoffice/phpspreadsheet/src/PhpSpreadsheet/Helper/Handler.php,third-party/bundled,1042,46,ac28834eefd790dabeed54f4a9c46ddd73cc723291472df081a26a42bb68eaa0,inventoried; automated checks where applicable,No individual manual sign-off; see audit limitations.
vendor/phpoffice/phpspreadsheet/src/PhpSpreadsheet/Helper/Html.php,third-party/bundled,27331,871,b521b6407ac268f1bca75abea475ec8b6f41bf2384e4668e6d632a5f3ab38536,inventoried; automated checks where applicable,No individual manual sign-off; see audit limitations.
vendor/phpoffice/phpspreadsheet/src/PhpSpreadsheet/Helper/Sample.php,third-party/bundled,10381,311,c077eb8cf00c155e83a2d2ce8475d088ce20fefee272568b77a160dac114c9b7,inventoried; automated checks where applicable,No individual manual sign-off; see audit limitations.
vendor/phpoffice/phpspreadsheet/src/PhpSpreadsheet/Helper/Size.php,third-party/bundled,892,45,7ad32578a10bcbc66d63c69f87bef23b3a94696a2cc299b306a5fcfc6730e224,inventoried; automated checks where applicable,No individual manual sign-off; see audit limitations.
vendor/phpoffice/phpspreadsheet/src/PhpSpreadsheet/Helper/TextGrid.php,third-party/bundled,6524,195,6880591ea4810fc7a3bf7e9c0bb39389dd73c245a9f9988a466c80f9d27af47e,inventoried; automated checks where applicable,No individual manual sign-off; see audit limitations.
vendor/phpoffice/phpspreadsheet/src/PhpSpreadsheet/Helper/TextGridRightAlign.php,third-party/bundled,133,10,6c050095ed00546a9635e0d1bdf85ba109f55121a18128e120d89aceb6b8224d,inventoried; automated checks where applicable,No individual manual sign-off; see audit limitations.
vendor/phpoffice/phpspreadsheet/src/PhpSpreadsheet/IComparable.php,third-party/bundled,190,13,867f0a5ab2498daf15b78b52ffe7f0824d326e8e48e60e3eeb1174c0716d8a78,inventoried; automated checks where applicable,No individual manual sign-off; see audit limitations.
vendor/phpoffice/phpspreadsheet/src/PhpSpreadsheet/IOFactory.php,third-party/bundled,11448,300,18d57f2ae0cad5c5bad15ade502fe6c667b145427b647411a4f692211ea5b844,inventoried; automated checks where applicable,No individual manual sign-off; see audit limitations.
vendor/phpoffice/phpspreadsheet/src/PhpSpreadsheet/NamedFormula.php,third-party/bundled,973,45,445267fc41d8c104242281955a7565a9399d246e4b40128c03e767cc67343754,inventoried; automated checks where applicable,No individual manual sign-off; see audit limitations.
vendor/phpoffice/phpspreadsheet/src/PhpSpreadsheet/NamedRange.php,third-party/bundled,1278,56,a82b4f7216c5583f8df04c38f170ea4e378065228b3443a5cb596100374acae8,inventoried; automated checks where applicable,No individual manual sign-off; see audit limitations.
vendor/phpoffice/phpspreadsheet/src/PhpSpreadsheet/Reader/BaseReader.php,third-party/bundled,10505,359,1d8f4552fc4e4d0a42a850b95219ff414e6ff4b262b34ced726f6168b0ff2853,inventoried; automated checks where applicable,No individual manual sign-off; see audit limitations.
vendor/phpoffice/phpspreadsheet/src/PhpSpreadsheet/Reader/Csv.php,third-party/bundled,25102,800,71c1961dd762c21516793afaf16f0aede9b2d9b992efc095b1bb70eda60a1863,inventoried; automated checks where applicable,No individual manual sign-off; see audit limitations.
vendor/phpoffice/phpspreadsheet/src/PhpSpreadsheet/Reader/Csv/Delimiter.php,third-party/bundled,4517,144,6e75c540f53274995fe9a0971c163ccd98e0b4e6842deefd41d24269a3f132f4,inventoried; automated checks where applicable,No individual manual sign-off; see audit limitations.
vendor/phpoffice/phpspreadsheet/src/PhpSpreadsheet/Reader/CsvNoEscape.php,third-party/bundled,1313,51,48c7d9752648c1e2f91c3bbc1dc8ff241101ff3626a2c0451e49f23a0aa1a73c,inventoried; automated checks where applicable,No individual manual sign-off; see audit limitations.
vendor/phpoffice/phpspreadsheet/src/PhpSpreadsheet/Reader/DefaultReadFilter.php,third-party/bundled,470,18,9a681a25c2d581fd68cdc60ce5e2912503bd842210a5c77e523e8d8d4e1d5ccc,inventoried; automated checks where applicable,No individual manual sign-off; see audit limitations.
vendor/phpoffice/phpspreadsheet/src/PhpSpreadsheet/Reader/EmptyWorksheetInfo.php,third-party/bundled,874,31,2d13a04724d906c0aab22fb6dda61d3caae1efd1628815624008ee40d8f8f051,inventoried; automated checks where applicable,No individual manual sign-off; see audit limitations.
vendor/phpoffice/phpspreadsheet/src/PhpSpreadsheet/Reader/Exception.php,third-party/bundled,171,9,f6e92a263a6c7354a5bcb31a0f513fd65c1019fbfacfbde873f3e2c9f8fa94fd,inventoried; automated checks where applicable,No individual manual sign-off; see audit limitations.
vendor/phpoffice/phpspreadsheet/src/PhpSpreadsheet/Reader/Gnumeric.php,third-party/bundled,24351,647,c5b971a554600f0d7ddaed4a0aa66d3ebcd6afba7de34636d934e33efbb1a9d3,inventoried; automated checks where applicable,No individual manual sign-off; see audit limitations.
vendor/phpoffice/phpspreadsheet/src/PhpSpreadsheet/Reader/Gnumeric/PageSetup.php,third-party/bundled,5335,153,522cb7e9c72719d12ca70854d79b514f11f88afc451b0e5da5641afc6f3f68cd,inventoried; automated checks where applicable,No individual manual sign-off; see audit limitations.
vendor/phpoffice/phpspreadsheet/src/PhpSpreadsheet/Reader/Gnumeric/Properties.php,third-party/bundled,5258,159,fc41852b1cbeacb394907043c4a78ca01f67787b0801a556731981c0bd089bd9,inventoried; automated checks where applicable,No individual manual sign-off; see audit limitations.
vendor/phpoffice/phpspreadsheet/src/PhpSpreadsheet/Reader/Gnumeric/Styles.php,third-party/bundled,12556,295,ce1fdf12d830d0bc0377b25425b35bc48adf557393e4d194b18836a9d56bb287,inventoried; automated checks where applicable,No individual manual sign-off; see audit limitations.
vendor/phpoffice/phpspreadsheet/src/PhpSpreadsheet/Reader/Html.php,third-party/bundled,52188,1401,0ae231e7c6d70c5c775960bebbae4806d7b28409068038a9a9357ccc58117113,inventoried; automated checks where applicable,No individual manual sign-off; see audit limitations.
vendor/phpoffice/phpspreadsheet/src/PhpSpreadsheet/Reader/IReadFilter.php,third-party/bundled,413,15,723a8543672912c462905e86d6bfb20d4e3d66d50103bdde0868c2c7b72ab4b8,inventoried; automated checks where applicable,No individual manual sign-off; see audit limitations.
vendor/phpoffice/phpspreadsheet/src/PhpSpreadsheet/Reader/IReader.php,third-party/bundled,6321,175,cffc70e4a2f5a812546b994ae1d985ef41b17ecbc47658eb89033ab3438e7613,inventoried; automated checks where applicable,No individual manual sign-off; see audit limitations.
vendor/phpoffice/phpspreadsheet/src/PhpSpreadsheet/Reader/IReader2.php,third-party/bundled,676,21,108608315da1cb295787abb335cfcbddc3fad7f80a7c5f1323e577da233173bd,inventoried; automated checks where applicable,No individual manual sign-off; see audit limitations.
vendor/phpoffice/phpspreadsheet/src/PhpSpreadsheet/Reader/Ods.php,third-party/bundled,73899,1804,c56f1088865ba9d4cf439b03aa0eb0bfd5899f0ef7340a492ffb44dafba3b54e,inventoried; automated checks where applicable,No individual manual sign-off; see audit limitations.
vendor/phpoffice/phpspreadsheet/src/PhpSpreadsheet/Reader/Ods/AutoFilter.php,third-party/bundled,1340,45,8531dcdc30d2d58cc0ccab502327e19cd54e0011e9ac7b4c2a23e03ae9c38b90,inventoried; automated checks where applicable,No individual manual sign-off; see audit limitations.
vendor/phpoffice/phpspreadsheet/src/PhpSpreadsheet/Reader/Ods/BaseLoader.php,third-party/bundled,450,21,e324f43cd81801cdbf3effbb54a7fe73164df8165fac200a2e7b8a42f7afb77e,inventoried; automated checks where applicable,No individual manual sign-off; see audit limitations.
vendor/phpoffice/phpspreadsheet/src/PhpSpreadsheet/Reader/Ods/DefinedNames.php,third-party/bundled,2960,70,4ec38844e7a733327a7bc8dfb949dae5d0cc2a83fd4c435f842651de8494025c,inventoried; automated checks where applicable,No individual manual sign-off; see audit limitations.
vendor/phpoffice/phpspreadsheet/src/PhpSpreadsheet/Reader/Ods/FormulaTranslator.php,third-party/bundled,4603,127,c62c8c3350aa9f62e9c9db8c5de01491c6f47801713bdfbda7a8db7267a83695,inventoried; automated checks where applicable,No individual manual sign-off; see audit limitations.
vendor/phpoffice/phpspreadsheet/src/PhpSpreadsheet/Reader/Ods/PageSettings.php,third-party/bundled,8343,176,409b0a7cbc5a3c7ceadf7da0bd1f26918df551f7c0506f97919e30312ec93443,inventoried; automated checks where applicable,No individual manual sign-off; see audit limitations.
vendor/phpoffice/phpspreadsheet/src/PhpSpreadsheet/Reader/Ods/Properties.php,third-party/bundled,5347,141,0491c083441b307a1d78d351ec65485badf6397e191b1195f3aac3d19d719a4b,inventoried; automated checks where applicable,No individual manual sign-off; see audit limitations.
vendor/phpoffice/phpspreadsheet/src/PhpSpreadsheet/Reader/Security/XmlScanner.php,third-party/bundled,3656,117,ca1f1ecc89b69cb511db9332095b678027d707d5317831706355cee998a94626,inventoried; automated checks where applicable,No individual manual sign-off; see audit limitations.
vendor/phpoffice/phpspreadsheet/src/PhpSpreadsheet/Reader/Slk.php,third-party/bundled,22113,593,62d947b1d8c4bade6e075eee960ce41a1d3a845166adc075e06efcb7413ea1dd,inventoried; automated checks where applicable,No individual manual sign-off; see audit limitations.
vendor/phpoffice/phpspreadsheet/src/PhpSpreadsheet/Reader/Xls.php,third-party/bundled,190738,4912,8b4aeb24c2ec4b75c3e10e1d1a7db62c326ccdbfec761000ade7dadf612f7655,inventoried; automated checks where applicable,No individual manual sign-off; see audit limitations.
vendor/phpoffice/phpspreadsheet/src/PhpSpreadsheet/Reader/Xls/Biff5.php,third-party/bundled,2031,71,bd9aebe0ffef6bb47893c7314be223bb62e844d1408f9606adc3b3af4f1e1316,inventoried; automated checks where applicable,No individual manual sign-off; see audit limitations.
vendor/phpoffice/phpspreadsheet/src/PhpSpreadsheet/Reader/Xls/Biff8.php,third-party/bundled,14060,371,71cc006242dd2859265c1163dedccedfb802cc8c3808956e1aa67a41bf9c8721,inventoried; automated checks where applicable,No individual manual sign-off; see audit limitations.
vendor/phpoffice/phpspreadsheet/src/PhpSpreadsheet/Reader/Xls/Color.php,third-party/bundled,825,29,56b8d10e6bf91f4bfede620ad99f510382fc3f31ed7e5deb6cfaf0cf32995e9a,inventoried; automated checks where applicable,No individual manual sign-off; see audit limitations.
vendor/phpoffice/phpspreadsheet/src/PhpSpreadsheet/Reader/Xls/Color/BIFF5.php,third-party/bundled,1826,75,f2f4ff551bf9f8582978b8335b56db5922e5736f8b8560ab0c4c5b503abe10d1,inventoried; automated checks where applicable,No individual manual sign-off; see audit limitations.
vendor/phpoffice/phpspreadsheet/src/PhpSpreadsheet/Reader/Xls/Color/BIFF8.php,third-party/bundled,1826,75,182daa001b61e17b4052c82d2ff10a8314af60e627a1260d2a0c922ada38f9a1,inventoried; automated checks where applicable,No individual manual sign-off; see audit limitations.
vendor/phpoffice/phpspreadsheet/src/PhpSpreadsheet/Reader/Xls/Color/BuiltIn.php,third-party/bundled,728,31,ff369b8d941f48e6a3a1d46c39301a85aff2b6399aeefe95f049daccb9257c8d,inventoried; automated checks where applicable,No individual manual sign-off; see audit limitations.
vendor/phpoffice/phpspreadsheet/src/PhpSpreadsheet/Reader/Xls/ConditionalFormatting.php,third-party/bundled,12430,345,5eebf3c5aa6513a484a52214973d8435debf12f46c8e2232e846291fe85f2055,inventoried; automated checks where applicable,No individual manual sign-off; see audit limitations.
vendor/phpoffice/phpspreadsheet/src/PhpSpreadsheet/Reader/Xls/DataValidationHelper.php,third-party/bundled,8090,218,8c5dae78d711ee7489b84c6d6519346fb756356ef9ebfb71c86389f63c553863,inventoried; automated checks where applicable,No individual manual sign-off; see audit limitations.
vendor/phpoffice/phpspreadsheet/src/PhpSpreadsheet/Reader/Xls/ErrorCode.php,third-party/bundled,475,24,23f3c3968c5fc1966213e4a1557bbe79881a0077f50b8082c16e1d7f120654c4,inventoried; automated checks where applicable,No individual manual sign-off; see audit limitations.
vendor/phpoffice/phpspreadsheet/src/PhpSpreadsheet/Reader/Xls/Escher.php,third-party/bundled,19553,616,8f1e48e4ba8a80f1867b2785b1a13cf36ea92ff69c82af0d2a90fe7cbcb295c0,inventoried; automated checks where applicable,No individual manual sign-off; see audit limitations.
vendor/phpoffice/phpspreadsheet/src/PhpSpreadsheet/Reader/Xls/ListFunctions.php,third-party/bundled,9370,267,76572a8c035cc739bfd98a56053d8e60e95503b52ecee09f3123093e2b498ccd,inventoried; automated checks where applicable,No individual manual sign-off; see audit limitations.
vendor/phpoffice/phpspreadsheet/src/PhpSpreadsheet/Reader/Xls/LoadSpreadsheet.php,third-party/bundled,30328,693,692f6edc0e85bbd925ad32761c126f24e3b17eca3d5393e862531949c4eb1753,inventoried; automated checks where applicable,No individual manual sign-off; see audit limitations.
vendor/phpoffice/phpspreadsheet/src/PhpSpreadsheet/Reader/Xls/MD5.php,third-party/bundled,7632,198,c2a52e931d6e3c9a9ef2d7970d731021f1f043eb071d5f70996238da07a212cc,inventoried; automated checks where applicable,No individual manual sign-off; see audit limitations.
vendor/phpoffice/phpspreadsheet/src/PhpSpreadsheet/Reader/Xls/Mappings.php,third-party/bundled,7335,271,14bf28b760ea7ffa203c4b52b35053d24ba5335bad609619181928beb49c4de2,inventoried; automated checks where applicable,No individual manual sign-off; see audit limitations.
vendor/phpoffice/phpspreadsheet/src/PhpSpreadsheet/Reader/Xls/RC4.php,third-party/bundled,1499,59,4e5b6da79c6cd597ef60fb9c9c52b2286ed54ed1c1441d681891947d9d8feaf5,inventoried; automated checks where applicable,No individual manual sign-off; see audit limitations.
vendor/phpoffice/phpspreadsheet/src/PhpSpreadsheet/Reader/Xls/Style/Border.php,third-party/bundled,1022,33,d720dc5b83e6161448b3c1ed556944a0d3d5ed9f4f986c9ee8c1c8fb8c2d53f0,inventoried; automated checks where applicable,No individual manual sign-off; see audit limitations.
vendor/phpoffice/phpspreadsheet/src/PhpSpreadsheet/Reader/Xls/Style/CellAlignment.php,third-party/bundled,1467,50,6ff930804aa94328ea32fa4897cba164b203083adfd93d96910b89bf29f86125,inventoried; automated checks where applicable,No individual manual sign-off; see audit limitations.
vendor/phpoffice/phpspreadsheet/src/PhpSpreadsheet/Reader/Xls/Style/CellFont.php,third-party/bundled,939,39,f7ae87b02d6f56769911cc655765997f607e06222d1192310c47ba5a0b1eb1ff,inventoried; automated checks where applicable,No individual manual sign-off; see audit limitations.
vendor/phpoffice/phpspreadsheet/src/PhpSpreadsheet/Reader/Xls/Style/FillPattern.php,third-party/bundled,1312,42,4eedc63e9d6cdb807d34493dde5572bd71a5f7a5a1ea325c64cd445a1386e6ff,inventoried; automated checks where applicable,No individual manual sign-off; see audit limitations.
vendor/phpoffice/phpspreadsheet/src/PhpSpreadsheet/Reader/XlsBase.php,third-party/bundled,14538,418,5b7e50e877884d2db3c3f3faf339b7dd959c6800d42e4856a12b8a5b929d1522,inventoried; automated checks where applicable,No individual manual sign-off; see audit limitations.
vendor/phpoffice/phpspreadsheet/src/PhpSpreadsheet/Reader/Xlsx.php,third-party/bundled,157033,2769,040d7bf7b3676a2fbcca32d915b8bc51393809ef40376de30f29d56a117a4163,inventoried; automated checks where applicable,No individual manual sign-off; see audit limitations.
vendor/phpoffice/phpspreadsheet/src/PhpSpreadsheet/Reader/Xlsx/AutoFilter.php,third-party/bundled,7415,163,68cdfd6624e8a7b9fc899393dc8196ca7b25a49e6db49f7f9d329f8796efb8bf,inventoried; automated checks where applicable,No individual manual sign-off; see audit limitations.
vendor/phpoffice/phpspreadsheet/src/PhpSpreadsheet/Reader/Xlsx/BaseParserClass.php,third-party/bundled,429,21,654bd7a8e279bcb2723d997e9686797729883955aa8d017bf05539d177bc5e65,inventoried; automated checks where applicable,No individual manual sign-off; see audit limitations.
vendor/phpoffice/phpspreadsheet/src/PhpSpreadsheet/Reader/Xlsx/Chart.php,third-party/bundled,82506,1658,150897bfcc40890f327224a7756079a0b78a5631f8af3ab26a611a63d6b332a0,inventoried; automated checks where applicable,No individual manual sign-off; see audit limitations.
vendor/phpoffice/phpspreadsheet/src/PhpSpreadsheet/Reader/Xlsx/ColumnAndRowAttributes.php,third-party/bundled,10924,252,1d81ac8d961710c298bf8971a000a104ad5737fedb3e422867c4e291fdcc03a7,inventoried; automated checks where applicable,No individual manual sign-off; see audit limitations.
vendor/phpoffice/phpspreadsheet/src/PhpSpreadsheet/Reader/Xlsx/ConditionalStyles.php,third-party/bundled,16798,417,c4cb3029f8c2525e08ce063b9c40033dd4fe9512d64bc264d6b32a3a7753e07b,inventoried; automated checks where applicable,No individual manual sign-off; see audit limitations.
vendor/phpoffice/phpspreadsheet/src/PhpSpreadsheet/Reader/Xlsx/DataValidations.php,third-party/bundled,2813,58,2deea656cc7f06e88b034b2a27af194576105667a5249729a5b66049ce3c6299,inventoried; automated checks where applicable,No individual manual sign-off; see audit limitations.
vendor/phpoffice/phpspreadsheet/src/PhpSpreadsheet/Reader/Xlsx/Hyperlinks.php,third-party/bundled,2387,70,d85407a7ad3dd435daef68b95ae8b9365eb2233d8efaa6504b112a53550169bd,inventoried; automated checks where applicable,No individual manual sign-off; see audit limitations.
vendor/phpoffice/phpspreadsheet/src/PhpSpreadsheet/Reader/Xlsx/Namespaces.php,third-party/bundled,6502,138,7511a1f08b8154935795563731b784204e65d16391af7e38614bc7ebe4515aee,inventoried; automated checks where applicable,No individual manual sign-off; see audit limitations.
vendor/phpoffice/phpspreadsheet/src/PhpSpreadsheet/Reader/Xlsx/PageSetup.php,third-party/bundled,7347,181,88e38184d764fa47acd04f5859fd8f5a13d6de0e746d5f8ba04bdd625cf3cfb6,inventoried; automated checks where applicable,No individual manual sign-off; see audit limitations.
vendor/phpoffice/phpspreadsheet/src/PhpSpreadsheet/Reader/Xlsx/Properties.php,third-party/bundled,4227,98,e24ab5e0271a89f8e751f763dfd923c9f7819f7f435378116a2be1de8d1906fd,inventoried; automated checks where applicable,No individual manual sign-off; see audit limitations.
vendor/phpoffice/phpspreadsheet/src/PhpSpreadsheet/Reader/Xlsx/SharedFormula.php,third-party/bundled,446,26,1e63f65a332e5218e2a3e5a8d57f9d171228b463a0fb87c54985d8ccfaf22484,inventoried; automated checks where applicable,No individual manual sign-off; see audit limitations.
vendor/phpoffice/phpspreadsheet/src/PhpSpreadsheet/Reader/Xlsx/SheetViewOptions.php,third-party/bundled,4872,139,645cc81815d75ec6c3a0ba4626a9c8aa8f6b1e653e809b0911a89aad53f225ef,inventoried; automated checks where applicable,No individual manual sign-off; see audit limitations.
vendor/phpoffice/phpspreadsheet/src/PhpSpreadsheet/Reader/Xlsx/SheetViews.php,third-party/bundled,7092,199,cab3210c61555e7b9b0557aa7ccf76f9fd89efd52769e25c65fff0f271a81d03,inventoried; automated checks where applicable,No individual manual sign-off; see audit limitations.
vendor/phpoffice/phpspreadsheet/src/PhpSpreadsheet/Reader/Xlsx/Styles.php,third-party/bundled,20777,558,53e86f39d354c2a0affe43cea47ee4e9bab06b7e1b5e685e2b3ebdec796c45f0,inventoried; automated checks where applicable,No individual manual sign-off; see audit limitations.
vendor/phpoffice/phpspreadsheet/src/PhpSpreadsheet/Reader/Xlsx/TableReader.php,third-party/bundled,4959,137,27d4fd878ca77cb78fdc0c4dd552b1667d482aea48e8aa79d08fb6aeb401ee22,inventoried; automated checks where applicable,No individual manual sign-off; see audit limitations.
vendor/phpoffice/phpspreadsheet/src/PhpSpreadsheet/Reader/Xlsx/Theme.php,third-party/bundled,1259,64,539385fdfa19e3b05ee434e308bfc60bcdbcff2ba98b1bfef479429a3b82bc18,inventoried; automated checks where applicable,No individual manual sign-off; see audit limitations.
vendor/phpoffice/phpspreadsheet/src/PhpSpreadsheet/Reader/Xlsx/WorkbookView.php,third-party/bundled,5561,142,db676b6040454f147c625ec9688204707278c3e042d8265cfde6c2d1bab9bbc2,inventoried; automated checks where applicable,No individual manual sign-off; see audit limitations.
vendor/phpoffice/phpspreadsheet/src/PhpSpreadsheet/Reader/Xml.php,third-party/bundled,34963,758,a41e205e0713ba3db66bf34ef7a30ac00ab02a6b94425839ab88dbd1efa3a904,inventoried; automated checks where applicable,No individual manual sign-off; see audit limitations.
vendor/phpoffice/phpspreadsheet/src/PhpSpreadsheet/Reader/Xml/DataValidations.php,third-party/bundled,7908,178,619c391db46ca1e4e32c19ee6f11270f4c74f52e4ea2469211b1958dd4579d5f,inventoried; automated checks where applicable,No individual manual sign-off; see audit limitations.
vendor/phpoffice/phpspreadsheet/src/PhpSpreadsheet/Reader/Xml/PageSettings.php,third-party/bundled,5518,134,24f3abdb2df5750af35be5b20c9fdcfd5899d74825842bece345939e41a6bd5f,inventoried; automated checks where applicable,No individual manual sign-off; see audit limitations.
vendor/phpoffice/phpspreadsheet/src/PhpSpreadsheet/Reader/Xml/Properties.php,third-party/bundled,5056,158,bc6283a5d771217bd1cb3905d0d5797c13715c94c7b2531c2c00031a0df1c9d6,inventoried; automated checks where applicable,No individual manual sign-off; see audit limitations.
vendor/phpoffice/phpspreadsheet/src/PhpSpreadsheet/Reader/Xml/Style.php,third-party/bundled,4414,115,e2ae5f60051e4027cdc4ec22565371bee683cfc7abc109df3af149f20a047c41,inventoried; automated checks where applicable,No individual manual sign-off; see audit limitations.
vendor/phpoffice/phpspreadsheet/src/PhpSpreadsheet/Reader/Xml/Style/Alignment.php,third-party/bundled,2474,71,645f5b51fe345106e009d9c11d7f60973a3ac5e6fcda5ab2bd14671ed517ed67,inventoried; automated checks where applicable,No individual manual sign-off; see audit limitations.
vendor/phpoffice/phpspreadsheet/src/PhpSpreadsheet/Reader/Xml/Style/Border.php,third-party/bundled,4431,106,160f09d59475889620b48dd28432f1b8a929135b7a19b387062a851552814b56,inventoried; automated checks where applicable,No individual manual sign-off; see audit limitations.
vendor/phpoffice/phpspreadsheet/src/PhpSpreadsheet/Reader/Xml/Style/Fill.php,third-party/bundled,3111,76,c7cc8a5bcfa85137a30f1485d963fe4fa90d74e5e92bc8ef075f0e800446f95e,inventoried; automated checks where applicable,No individual manual sign-off; see audit limitations.
vendor/phpoffice/phpspreadsheet/src/PhpSpreadsheet/Reader/Xml/Style/Font.php,third-party/bundled,2631,91,7d5d8388df3dfd0754b0c7296e0eb9ab37cd673f31f65bfea0ebb2fb4068278d,inventoried; automated checks where applicable,No individual manual sign-off; see audit limitations.
vendor/phpoffice/phpspreadsheet/src/PhpSpreadsheet/Reader/Xml/Style/NumberFormat.php,third-party/bundled,868,34,65455efba11b800f117c0d61f61e3896e786489bd4e1f31cd9986bf5d711865b,inventoried; automated checks where applicable,No individual manual sign-off; see audit limitations.
vendor/phpoffice/phpspreadsheet/src/PhpSpreadsheet/Reader/Xml/Style/StyleBase.php,third-party/bundled,891,31,bd7b63c8598b3400b1d25aa8b30ec87c01a11f7c3c23edd8a4ffe51f127f1244,inventoried; automated checks where applicable,No individual manual sign-off; see audit limitations.
vendor/phpoffice/phpspreadsheet/src/PhpSpreadsheet/ReferenceHelper.php,third-party/bundled,66036,1411,d0d510ccf8694391b9e9f0a49aaca0a96164ad38d5a9958065bf0f68bc7c62ca,inventoried; automated checks where applicable,No individual manual sign-off; see audit limitations.
vendor/phpoffice/phpspreadsheet/src/PhpSpreadsheet/RichText/ITextElement.php,third-party/bundled,537,34,a7fa653529e7569b40dd98fc04a1b7681b3ac980ca311051bef82e81ce4fdadc,inventoried; automated checks where applicable,No individual manual sign-off; see audit limitations.
vendor/phpoffice/phpspreadsheet/src/PhpSpreadsheet/RichText/RichText.php,third-party/bundled,3682,164,cadc6a12e1e0d751f20293d30a7496c774053d2736cedc6f746eec16e9acfb57,inventoried; automated checks where applicable,No individual manual sign-off; see audit limitations.
vendor/phpoffice/phpspreadsheet/src/PhpSpreadsheet/RichText/Run.php,third-party/bundled,1345,71,f08f44dfe1d550f47e4979e375b574617479bbf75cec66292ce8fb40c0ac071b,inventoried; automated checks where applicable,No individual manual sign-off; see audit limitations.
vendor/phpoffice/phpspreadsheet/src/PhpSpreadsheet/RichText/TextElement.php,third-party/bundled,1141,69,705a72716ee5c86117d1b01fa377181ccb02e8ed864b8764c7eaf75e23307042,inventoried; automated checks where applicable,No individual manual sign-off; see audit limitations.
vendor/phpoffice/phpspreadsheet/src/PhpSpreadsheet/Settings.php,third-party/bundled,4236,157,7d5e944e9928b2ed709fa47fb1953497949f660784b9b5ffd1d19817570ad673,inventoried; automated checks where applicable,No individual manual sign-off; see audit limitations.
vendor/phpoffice/phpspreadsheet/src/PhpSpreadsheet/Shared/CodePage.php,third-party/bundled,4779,115,0a3d71fc1641cb93f0a6f384c9ba14721c99a4a04adef1faa42ad0df20313903,inventoried; automated checks where applicable,No individual manual sign-off; see audit limitations.
vendor/phpoffice/phpspreadsheet/src/PhpSpreadsheet/Shared/Date.php,third-party/bundled,23850,647,e7d5afbfb24536990280776e43f22836d7bc814cd69f2723f8dd067caac566fa,inventoried; automated checks where applicable,No individual manual sign-off; see audit limitations.
vendor/phpoffice/phpspreadsheet/src/PhpSpreadsheet/Shared/Drawing.php,third-party/bundled,4445,150,e67605b63c7b0542bffd5b3312f23c2eb254ca072ec3dff0d135317ebb635488,inventoried; automated checks where applicable,No individual manual sign-off; see audit limitations.
vendor/phpoffice/phpspreadsheet/src/PhpSpreadsheet/Shared/Escher.php,third-party/bundled,1517,66,c5c016a064c331426fc0e44c890136eeafdc4bad914fd0869e9f17cfb5fff144,inventoried; automated checks where applicable,No individual manual sign-off; see audit limitations.
vendor/phpoffice/phpspreadsheet/src/PhpSpreadsheet/Shared/Escher/DgContainer.php,third-party/bundled,1288,60,73f6c28912baa7a9abd06ae21a55401f5ce95d867bdd7d83981919183d7f8182,inventoried; automated checks where applicable,No individual manual sign-off; see audit limitations.
vendor/phpoffice/phpspreadsheet/src/PhpSpreadsheet/Shared/Escher/DgContainer/SpgrContainer.php,third-party/bundled,1676,76,ee53260c9935edadaf01f610573e77aa456ba4be7adc319db6222a9f9768737c,inventoried; automated checks where applicable,No individual manual sign-off; see audit limitations.
vendor/phpoffice/phpspreadsheet/src/PhpSpreadsheet/Shared/Escher/DgContainer/SpgrContainer/SpContainer.php,third-party/bundled,6760,300,d017073525fedbaa10205a387b78428d344f31ab546290f9c4a642a486b13322,inventoried; automated checks where applicable,No individual manual sign-off; see audit limitations.
vendor/phpoffice/phpspreadsheet/src/PhpSpreadsheet/Shared/Escher/DggContainer.php,third-party/bundled,3408,158,ccdd89870f65d0d9298dd9b430b54fc6c46539c17b6e9182ee1c7628622b6766,inventoried; automated checks where applicable,No individual manual sign-off; see audit limitations.
vendor/phpoffice/phpspreadsheet/src/PhpSpreadsheet/Shared/Escher/DggContainer/BstoreContainer.php,third-party/bundled,673,32,6f2f2b67b2aaeeffb8da3d7de968d3d9d1fa6055a5fc7515e3faa3ceb2dcce1c,inventoried; automated checks where applicable,No individual manual sign-off; see audit limitations.
vendor/phpoffice/phpspreadsheet/src/PhpSpreadsheet/Shared/Escher/DggContainer/BstoreContainer/BSE.php,third-party/bundled,1614,81,45327ceee300d5761be1025a63feb79192d464b2058fc6e05dffc648bd45aa5e,inventoried; automated checks where applicable,No individual manual sign-off; see audit limitations.
vendor/phpoffice/phpspreadsheet/src/PhpSpreadsheet/Shared/Escher/DggContainer/BstoreContainer/BSE/Blip.php,third-party/bundled,830,50,05d384e78dc8b7255186373fdb57bd200d20cfb1e308918b7341ca607d15eed0,inventoried; automated checks where applicable,No individual manual sign-off; see audit limitations.
vendor/phpoffice/phpspreadsheet/src/PhpSpreadsheet/Shared/File.php,third-party/bundled,6911,208,8be3fc0cd6aa3f8ff5da5c49e7c473b70711d166703bfba64951c48239b6d87a,inventoried; automated checks where applicable,No individual manual sign-off; see audit limitations.
vendor/phpoffice/phpspreadsheet/src/PhpSpreadsheet/Shared/Font.php,third-party/bundled,26771,722,360fb5b7e8b996bab77aea54c4eddbfe542fac3c7a58c0158ee8a53b32a7dc3d,inventoried; automated checks where applicable,No individual manual sign-off; see audit limitations.
vendor/phpoffice/phpspreadsheet/src/PhpSpreadsheet/Shared/IntOrFloat.php,third-party/bundled,394,17,9b45a335b5072ba184dcadf0f2df17717862a62f701982aab23c7c51bbdaeb3a,inventoried; automated checks where applicable,No individual manual sign-off; see audit limitations.
vendor/phpoffice/phpspreadsheet/src/PhpSpreadsheet/Shared/OLE.php,third-party/bundled,18089,561,45d2acaed07882817e285f201587bd75a8655eca56d3f34374a9e8ceee264aa4,inventoried; automated checks where applicable,No individual manual sign-off; see audit limitations.
vendor/phpoffice/phpspreadsheet/src/PhpSpreadsheet/Shared/OLE/ChainedBlockStream.php,third-party/bundled,6260,197,8a42c9e358e5c5f7eca3030e4ca48b8b45df0856c15f7888d415038be9df0c11,inventoried; automated checks where applicable,No individual manual sign-off; see audit limitations.
vendor/phpoffice/phpspreadsheet/src/PhpSpreadsheet/Shared/OLE/PPS.php,third-party/bundled,7144,211,2c2437b70a14b005ea498798b32afab70bbf53fb67620ebc371d51caf1a89119,inventoried; automated checks where applicable,No individual manual sign-off; see audit limitations.
vendor/phpoffice/phpspreadsheet/src/PhpSpreadsheet/Shared/OLE/PPS/File.php,third-party/bundled,2197,62,e302d9ad2916f71ede5d378e36c0f9c3c92c577d46a73fa4949cf0daa6796388,inventoried; automated checks where applicable,No individual manual sign-off; see audit limitations.
vendor/phpoffice/phpspreadsheet/src/PhpSpreadsheet/Shared/OLE/PPS/Root.php,third-party/bundled,14838,406,7011908b2a1b4bb79af18a21b4d5a1d230a76596e2691b80e4678e7eacc7dab9,inventoried; automated checks where applicable,No individual manual sign-off; see audit limitations.
vendor/phpoffice/phpspreadsheet/src/PhpSpreadsheet/Shared/OLERead.php,third-party/bundled,10797,333,bc026050a014d848c037aed64b5df479eb843e9fd083c5dd4c85f939b9efdaa8,inventoried; automated checks where applicable,No individual manual sign-off; see audit limitations.
vendor/phpoffice/phpspreadsheet/src/PhpSpreadsheet/Shared/PasswordHasher.php,third-party/bundled,3880,106,e421eb73cfe01d1cce0223970e758672e981ba0dd777ad5d16dec5d487ffdda6,inventoried; automated checks where applicable,No individual manual sign-off; see audit limitations.
vendor/phpoffice/phpspreadsheet/src/PhpSpreadsheet/Shared/StringHelper.php,third-party/bundled,29668,865,82e12ea167c6e5a6ad1827c6a0b6d1e9bc72faf0dc86e3969fec839a8a0be3af,inventoried; automated checks where applicable,No individual manual sign-off; see audit limitations.
vendor/phpoffice/phpspreadsheet/src/PhpSpreadsheet/Shared/TimeZone.php,third-party/bundled,2176,75,f5f1a290d6f951175fd62f51bf20ba8298a98ecf256e96b77acf154679bf06ec,inventoried; automated checks where applicable,No individual manual sign-off; see audit limitations.
vendor/phpoffice/phpspreadsheet/src/PhpSpreadsheet/Shared/Trend/BestFit.php,third-party/bundled,11626,439,fc4fbe88b3316e237a7f99a1b44e21a96244620e0b06683e4563ddd3b4444caa,inventoried; automated checks where applicable,No individual manual sign-off; see audit limitations.
vendor/phpoffice/phpspreadsheet/src/PhpSpreadsheet/Shared/Trend/ExponentialBestFit.php,third-party/bundled,3007,108,cbcc78a2da1367a94501d888bad9b1f7edf7db2f647f93f193f46e48828808ba,inventoried; automated checks where applicable,No individual manual sign-off; see audit limitations.
vendor/phpoffice/phpspreadsheet/src/PhpSpreadsheet/Shared/Trend/LinearBestFit.php,third-party/bundled,2133,75,0db507557b323465644ae109c828e5046ce13c2eed463f620142236333a2a8fe,inventoried; automated checks where applicable,No individual manual sign-off; see audit limitations.
vendor/phpoffice/phpspreadsheet/src/PhpSpreadsheet/Shared/Trend/LogarithmicBestFit.php,third-party/bundled,2339,80,b9e66988ea302d5949988a61a2e23e082c0fe6ab88bfb21fcce9be2d75814686,inventoried; automated checks where applicable,No individual manual sign-off; see audit limitations.
vendor/phpoffice/phpspreadsheet/src/PhpSpreadsheet/Shared/Trend/PolynomialBestFit.php,third-party/bundled,6979,220,bbb0cf563f1b896d9a3d3621eb561542eeffe71c4f3c881a0b253b28c01e1740,inventoried; automated checks where applicable,No individual manual sign-off; see audit limitations.
vendor/phpoffice/phpspreadsheet/src/PhpSpreadsheet/Shared/Trend/PowerBestFit.php,third-party/bundled,2830,98,7eeb4214862a1d3d7bca56dd3fd37a754db10c51ee03e6ad41a348d389bf5205,inventoried; automated checks where applicable,No individual manual sign-off; see audit limitations.
vendor/phpoffice/phpspreadsheet/src/PhpSpreadsheet/Shared/Trend/Trend.php,third-party/bundled,5329,132,427a589e521de245d3803b651e67db6e58109427923f3a8d0a63c76515d83f10,inventoried; automated checks where applicable,No individual manual sign-off; see audit limitations.
vendor/phpoffice/phpspreadsheet/src/PhpSpreadsheet/Shared/XMLWriter.php,third-party/bundled,2675,101,f17f3ec0becfce2ba06819b5aa46a611b6936177f847c458ee55d776d340142c,inventoried; automated checks where applicable,No individual manual sign-off; see audit limitations.
vendor/phpoffice/phpspreadsheet/src/PhpSpreadsheet/Shared/Xls.php,third-party/bundled,11912,271,3807da2cc53dfc446dbbaa20625caaac231a05dfff6d9f0585b32f34e98c51c2,inventoried; automated checks where applicable,No individual manual sign-off; see audit limitations.
vendor/phpoffice/phpspreadsheet/src/PhpSpreadsheet/Spreadsheet.php,third-party/bundled,58242,1964,4d5ec46c58c65cea4c83edaf3ca373d9782960b334bbfe4b5c8681be47edf70d,inventoried; automated checks where applicable,No individual manual sign-off; see audit limitations.
vendor/phpoffice/phpspreadsheet/src/PhpSpreadsheet/Style/Alignment.php,third-party/bundled,17113,548,3d7dfd2b042d71d6867ea0be680687fe307a45fd79110afe07cf9ae4bf0ed68e,inventoried; automated checks where applicable,No individual manual sign-off; see audit limitations.
vendor/phpoffice/phpspreadsheet/src/PhpSpreadsheet/Style/Border.php,third-party/bundled,6540,228,1adb4905132bc2b5f277cfcb64a6e41af2e202a3b3371043b4c937cb88119c5b,inventoried; automated checks where applicable,No individual manual sign-off; see audit limitations.
vendor/phpoffice/phpspreadsheet/src/PhpSpreadsheet/Style/Borders.php,third-party/bundled,10733,378,fb6cc5ed34222aa07c4fdae898fa020417acee7550e87bb13c2fe0da0fa4c31d,inventoried; automated checks where applicable,No individual manual sign-off; see audit limitations.
vendor/phpoffice/phpspreadsheet/src/PhpSpreadsheet/Style/Color.php,third-party/bundled,15643,478,653f44e08821126da18a5c59507a4e18541ac7202d55e0d8cb3e80d935db3321,inventoried; automated checks where applicable,No individual manual sign-off; see audit limitations.
vendor/phpoffice/phpspreadsheet/src/PhpSpreadsheet/Style/Conditional.php,third-party/bundled,8959,376,b286efc6f5a190590c1af4a62427da247eb78b25b3db0030189b106d42b7a1de,inventoried; automated checks where applicable,No individual manual sign-off; see audit limitations.
vendor/phpoffice/phpspreadsheet/src/PhpSpreadsheet/Style/ConditionalFormatting/CellMatcher.php,third-party/bundled,10889,297,4933ab00fe062c875be23bb7dad67e918a55af06139dea5d8cdb3c26064c33b8,inventoried; automated checks where applicable,No individual manual sign-off; see audit limitations.
vendor/phpoffice/phpspreadsheet/src/PhpSpreadsheet/Style/ConditionalFormatting/CellStyleAssessor.php,third-party/bundled,2105,65,ca297305af5ef4cfd6fc549d1b3f43726f5eff3b8a2d365bae8400a3e7bf38b3,inventoried; automated checks where applicable,No individual manual sign-off; see audit limitations.
vendor/phpoffice/phpspreadsheet/src/PhpSpreadsheet/Style/ConditionalFormatting/ConditionalColorScale.php,third-party/bundled,10450,276,b54e0969f0941215efbe429b9f52c1a67d9a29669ade77a4f9e633092983bf95,inventoried; automated checks where applicable,No individual manual sign-off; see audit limitations.
vendor/phpoffice/phpspreadsheet/src/PhpSpreadsheet/Style/ConditionalFormatting/ConditionalDataBar.php,third-party/bundled,2090,76,75029c5d1261c09a8717c766cf138afefc7be7dda9e1582ffd2a1f69106c7374,inventoried; automated checks where applicable,No individual manual sign-off; see audit limitations.
vendor/phpoffice/phpspreadsheet/src/PhpSpreadsheet/Style/ConditionalFormatting/ConditionalDataBarExtension.php,third-party/bundled,5852,239,c46007d6755d6105664b5809b57c438307f8c78e77b2445bc9cbce110cc312a3,inventoried; automated checks where applicable,No individual manual sign-off; see audit limitations.
vendor/phpoffice/phpspreadsheet/src/PhpSpreadsheet/Style/ConditionalFormatting/ConditionalFormatValueObject.php,third-party/bundled,1634,74,477ff2d68a002a8c8e461f256a92ea77f0d69b8fd728c6ce06a6c3d7e13c39d7,inventoried; automated checks where applicable,No individual manual sign-off; see audit limitations.
vendor/phpoffice/phpspreadsheet/src/PhpSpreadsheet/Style/ConditionalFormatting/ConditionalFormattingRuleExtension.php,third-party/bundled,7654,214,a39c189084545ae6456c36e7f5db52594e3d3f9db14a8fb41005f05f2c6bacdb,inventoried; automated checks where applicable,No individual manual sign-off; see audit limitations.
vendor/phpoffice/phpspreadsheet/src/PhpSpreadsheet/Style/ConditionalFormatting/ConditionalIconSet.php,third-party/bundled,2102,96,466f5b7b958d26687e00c8ee6056bf0643eab7bcd24a26ea2803f2cb7ddb0dcf,inventoried; automated checks where applicable,No individual manual sign-off; see audit limitations.
vendor/phpoffice/phpspreadsheet/src/PhpSpreadsheet/Style/ConditionalFormatting/IconSetValues.php,third-party/bundled,924,28,09e710968c6ed6969b12632e399f517103ddaa5f1969de2424e440384eb19c9c,inventoried; automated checks where applicable,No individual manual sign-off; see audit limitations.
vendor/phpoffice/phpspreadsheet/src/PhpSpreadsheet/Style/ConditionalFormatting/MergedCellStyle.php,third-party/bundled,5411,135,f82fb71ed73568d04f3d99db8ba09ed822b33a89300c2dd3db5b315a7d3237ef,inventoried; automated checks where applicable,No individual manual sign-off; see audit limitations.
vendor/phpoffice/phpspreadsheet/src/PhpSpreadsheet/Style/ConditionalFormatting/StyleMerger.php,third-party/bundled,3390,90,df01fa5b53cdd0b95431368136bbaefdf5c645f2fb5f8117d99ed26861b6f60a,inventoried; automated checks where applicable,No individual manual sign-off; see audit limitations.
vendor/phpoffice/phpspreadsheet/src/PhpSpreadsheet/Style/ConditionalFormatting/Wizard.php,third-party/bundled,3480,66,5fc3249b7590ca505d9bcde7227d3e480c589c2f16c051e9b554e40672d41e7b,inventoried; automated checks where applicable,No individual manual sign-off; see audit limitations.
vendor/phpoffice/phpspreadsheet/src/PhpSpreadsheet/Style/ConditionalFormatting/Wizard/Blanks.php,third-party/bundled,2796,95,34a445850010ffe155ff07e400e94d63188e005c1e3044c583d20cbc3ed0e6ff,inventoried; automated checks where applicable,No individual manual sign-off; see audit limitations.
vendor/phpoffice/phpspreadsheet/src/PhpSpreadsheet/Style/ConditionalFormatting/Wizard/CellValue.php,third-party/bundled,7774,200,b4035fc8a8665aac697f4ca4a39a61b06c39dc5622677c65c8cc051202dd1650,inventoried; automated checks where applicable,No individual manual sign-off; see audit limitations.
vendor/phpoffice/phpspreadsheet/src/PhpSpreadsheet/Style/ConditionalFormatting/Wizard/DateValue.php,third-party/bundled,4301,109,1ada6517676096147d57193f83d8bb2602a0c407bc9b3f32cbed99fbe8a7858d,inventoried; automated checks where applicable,No individual manual sign-off; see audit limitations.
vendor/phpoffice/phpspreadsheet/src/PhpSpreadsheet/Style/ConditionalFormatting/Wizard/Duplicates.php,third-party/bundled,2143,74,989c96f23bf583a0548d5fde9ab82a6974a6fe6011f24a3e16283f02a52ce9d7,inventoried; automated checks where applicable,No individual manual sign-off; see audit limitations.
vendor/phpoffice/phpspreadsheet/src/PhpSpreadsheet/Style/ConditionalFormatting/Wizard/Errors.php,third-party/bundled,2683,91,39f8e805ae8039bb9b745592014d1383e09fd321140c244936e7f6896cc08f94,inventoried; automated checks where applicable,No individual manual sign-off; see audit limitations.
vendor/phpoffice/phpspreadsheet/src/PhpSpreadsheet/Style/ConditionalFormatting/Wizard/Expression.php,third-party/bundled,2147,70,faceb4814160d074ee588c9042d72516261340915e62436f18b6ae7416c86980,inventoried; automated checks where applicable,No individual manual sign-off; see audit limitations.
vendor/phpoffice/phpspreadsheet/src/PhpSpreadsheet/Style/ConditionalFormatting/Wizard/TextValue.php,third-party/bundled,6747,177,9d11e270417b73768a30f32c348acdaba469754f196be7ec1861a6a66fa1025e,inventoried; automated checks where applicable,No individual manual sign-off; see audit limitations.
vendor/phpoffice/phpspreadsheet/src/PhpSpreadsheet/Style/ConditionalFormatting/Wizard/WizardAbstract.php,third-party/bundled,5745,183,642dd9141a1c86e037e53b1135d8087b707157545343b8e1c6d45ff7fbd38547,inventoried; automated checks where applicable,No individual manual sign-off; see audit limitations.
vendor/phpoffice/phpspreadsheet/src/PhpSpreadsheet/Style/ConditionalFormatting/Wizard/WizardInterface.php,third-party/bundled,654,25,c34bee33ca9f7543fb64fb3d9a2efe69507f52d6a4c96ca5159aec036c0bc571,inventoried; automated checks where applicable,No individual manual sign-off; see audit limitations.
vendor/phpoffice/phpspreadsheet/src/PhpSpreadsheet/Style/Fill.php,third-party/bundled,9840,326,5ef2a94efc389da7f3b451a115ab092a606f3a543e6c01ee185707d1fbb90149,inventoried; automated checks where applicable,No individual manual sign-off; see audit limitations.
vendor/phpoffice/phpspreadsheet/src/PhpSpreadsheet/Style/Font.php,third-party/bundled,26271,903,7b389c09448223f74096a864133a4943158233d780890f6bc0ec2a192e894ca7,inventoried; automated checks where applicable,No individual manual sign-off; see audit limitations.
vendor/phpoffice/phpspreadsheet/src/PhpSpreadsheet/Style/NumberFormat.php,third-party/bundled,18641,540,974b38c4d22f84930d2f8e8f6c01b730ff5afbc06f9d3ebe1d47852d78fc8030,inventoried; automated checks where applicable,No individual manual sign-off; see audit limitations.
vendor/phpoffice/phpspreadsheet/src/PhpSpreadsheet/Style/NumberFormat/BaseFormatter.php,third-party/bundled,834,25,94693bda349d6244474206a0d6fefdda8eb3bfc65e173a3a3197b79b89642755,inventoried; automated checks where applicable,No individual manual sign-off; see audit limitations.
vendor/phpoffice/phpspreadsheet/src/PhpSpreadsheet/Style/NumberFormat/DateFormatter.php,third-party/bundled,8506,223,f69041aea359f62746ca5cff324334fc820d791c1c7d6fd81788cddc709a04a2,inventoried; automated checks where applicable,No individual manual sign-off; see audit limitations.
vendor/phpoffice/phpspreadsheet/src/PhpSpreadsheet/Style/NumberFormat/Formatter.php,third-party/bundled,10607,242,cbfb65b6b4d2303ba0ef59e3bf9e01eaca408d959946d90b735d72948f60e7c0,inventoried; automated checks where applicable,No individual manual sign-off; see audit limitations.
vendor/phpoffice/phpspreadsheet/src/PhpSpreadsheet/Style/NumberFormat/FractionFormatter.php,third-party/bundled,2424,70,8cdef22a4341880c810f1ef03b2a721e19994377ac654614c18edcc9d174d427,inventoried; automated checks where applicable,No individual manual sign-off; see audit limitations.
vendor/phpoffice/phpspreadsheet/src/PhpSpreadsheet/Style/NumberFormat/NumberFormatter.php,third-party/bundled,12426,325,0ec35d43e15537d835b8153a3729df4e5fed716b52e0f1cd64551c116d060c28,inventoried; automated checks where applicable,No individual manual sign-off; see audit limitations.
vendor/phpoffice/phpspreadsheet/src/PhpSpreadsheet/Style/NumberFormat/PercentageFormatter.php,third-party/bundled,1820,48,82b5d7e88dbed751c22f28769eaff1f34e3451c8102fc339510ef23b55d1d228,inventoried; automated checks where applicable,No individual manual sign-off; see audit limitations.
vendor/phpoffice/phpspreadsheet/src/PhpSpreadsheet/Style/NumberFormat/Wizard/Accounting.php,third-party/bundled,1492,50,2c6c390c1db3cddda122319c1e23ed5b2a1d7b9c43cd36ad8c70dc3933658aaa,inventoried; automated checks where applicable,No individual manual sign-off; see audit limitations.
vendor/phpoffice/phpspreadsheet/src/PhpSpreadsheet/Style/NumberFormat/Wizard/Currency.php,third-party/bundled,215,10,070892c94b56c1b6e620058e39acd9671da0315e9d058cf6b425ad672e078427,inventoried; automated checks where applicable,No individual manual sign-off; see audit limitations.
vendor/phpoffice/phpspreadsheet/src/PhpSpreadsheet/Style/NumberFormat/Wizard/CurrencyBase.php,third-party/bundled,9137,236,17af69aafd966a195fd548feab756351ff991b01de52b4fac754905bbadc8a82,inventoried; automated checks where applicable,No individual manual sign-off; see audit limitations.
vendor/phpoffice/phpspreadsheet/src/PhpSpreadsheet/Style/NumberFormat/Wizard/CurrencyNegative.php,third-party/bundled,777,35,9dcb6be4856e79a3ade38996427ed1fa7d9d9b8e955ae1752e10074bd9adf475,inventoried; automated checks where applicable,No individual manual sign-off; see audit limitations.
vendor/phpoffice/phpspreadsheet/src/PhpSpreadsheet/Style/NumberFormat/Wizard/Date.php,third-party/bundled,3541,125,99e8b7bcddfe218943d3ffc5adec84983ea27dd21d66e99387d5028526610068,inventoried; automated checks where applicable,No individual manual sign-off; see audit limitations.
vendor/phpoffice/phpspreadsheet/src/PhpSpreadsheet/Style/NumberFormat/Wizard/DateTime.php,third-party/bundled,1380,46,554f493c75e84b501c318180aebd83ef69d7807b86f66ddd66ee59c984537d1d,inventoried; automated checks where applicable,No individual manual sign-off; see audit limitations.
vendor/phpoffice/phpspreadsheet/src/PhpSpreadsheet/Style/NumberFormat/Wizard/DateTimeWizard.php,third-party/bundled,1315,51,9578f377a961217d399d42be3bd6fefdf40106fce34f304bed1d0e08e5c149cc,inventoried; automated checks where applicable,No individual manual sign-off; see audit limitations.
vendor/phpoffice/phpspreadsheet/src/PhpSpreadsheet/Style/NumberFormat/Wizard/Duration.php,third-party/bundled,4741,153,8f740eb3a94309845a49f7bc0b39e05736ebd0557d1410f7b0fc839dfcc5dc08,inventoried; automated checks where applicable,No individual manual sign-off; see audit limitations.
vendor/phpoffice/phpspreadsheet/src/PhpSpreadsheet/Style/NumberFormat/Wizard/Locale.php,third-party/bundled,1110,35,e838e31b902a9d02888d8544b9839547959855ea2a48f1b108df725e3e7d6a75,inventoried; automated checks where applicable,No individual manual sign-off; see audit limitations.
vendor/phpoffice/phpspreadsheet/src/PhpSpreadsheet/Style/NumberFormat/Wizard/Number.php,third-party/bundled,1951,57,cba438100869fb420984ee366e7f9ba18805ff2f3eca787b34d16db26f1fa214,inventoried; automated checks where applicable,No individual manual sign-off; see audit limitations.
vendor/phpoffice/phpspreadsheet/src/PhpSpreadsheet/Style/NumberFormat/Wizard/NumberBase.php,third-party/bundled,2347,81,0b0e263c451349c2383724fb9f5cfc46c707eb460298bed604f30473af845e68,inventoried; automated checks where applicable,No individual manual sign-off; see audit limitations.
vendor/phpoffice/phpspreadsheet/src/PhpSpreadsheet/Style/NumberFormat/Wizard/Percentage.php,third-party/bundled,1302,40,bb49d8cc3e4ed4707f247f6b30097d31be0cca3f41cf6a8a70db307d9dd35d3b,inventoried; automated checks where applicable,No individual manual sign-off; see audit limitations.
vendor/phpoffice/phpspreadsheet/src/PhpSpreadsheet/Style/NumberFormat/Wizard/Scientific.php,third-party/bundled,1126,33,3255cfac69a2cc0ad7fd8b257c8370071eb03740f92a4dc72c128aa91e6a093b,inventoried; automated checks where applicable,No individual manual sign-off; see audit limitations.
vendor/phpoffice/phpspreadsheet/src/PhpSpreadsheet/Style/NumberFormat/Wizard/Time.php,third-party/bundled,3023,105,e2eb40335d17a3fd5eacb8eeb484e959b12786baf2a489641febaaea5c0d2421,inventoried; automated checks where applicable,No individual manual sign-off; see audit limitations.
vendor/phpoffice/phpspreadsheet/src/PhpSpreadsheet/Style/NumberFormat/Wizard/Wizard.php,third-party/bundled,129,8,7c84b531904adba12dde982f6b637ca14e06e4c819f4ba2f5d8cd4a4476e6c38,inventoried; automated checks where applicable,No individual manual sign-off; see audit limitations.
vendor/phpoffice/phpspreadsheet/src/PhpSpreadsheet/Style/Protection.php,third-party/bundled,4931,189,bd84fa9f31fce422f0552022a9113b12beb0167265e7712e67f4c9ea500767b9,inventoried; automated checks where applicable,No individual manual sign-off; see audit limitations.
vendor/phpoffice/phpspreadsheet/src/PhpSpreadsheet/Style/RgbTint.php,third-party/bundled,5373,172,55810f82c1972c3b3e404d6df3e75fe41341e2ad98f9619dfd79a639fe440bb3,inventoried; automated checks where applicable,No individual manual sign-off; see audit limitations.
vendor/phpoffice/phpspreadsheet/src/PhpSpreadsheet/Style/Style.php,third-party/bundled,30975,802,f8678fe01a9ade920623cc908446c3724e2240d217aea9e41d853c82670f8ade,inventoried; automated checks where applicable,No individual manual sign-off; see audit limitations.
vendor/phpoffice/phpspreadsheet/src/PhpSpreadsheet/Style/Supervisor.php,third-party/bundled,4431,166,953d10ce615cbca13a41e1eec42043d4f10fea23c8f0cbf83bf23aaf52b05863,inventoried; automated checks where applicable,No individual manual sign-off; see audit limitations.
vendor/phpoffice/phpspreadsheet/src/PhpSpreadsheet/Theme.php,third-party/bundled,8645,300,9959ea550b702548a9cd13fb372459067d1edc9303a56fb5a8e63319143f01cc,inventoried; automated checks where applicable,No individual manual sign-off; see audit limitations.
vendor/phpoffice/phpspreadsheet/src/PhpSpreadsheet/Worksheet/AutoFilter.php,third-party/bundled,42107,1090,6bfc2eb066457100d5f4dbdb4dead06284e1ed78cea3a63b2bb7d5d16ace24be,inventoried; automated checks where applicable,No individual manual sign-off; see audit limitations.
vendor/phpoffice/phpspreadsheet/src/PhpSpreadsheet/Worksheet/AutoFilter/Column.php,third-party/bundled,9510,381,853d4f25c1f49fc17ca96c0039a1e001dde88ae422cdd634ac9013042521f581,inventoried; automated checks where applicable,No individual manual sign-off; see audit limitations.
vendor/phpoffice/phpspreadsheet/src/PhpSpreadsheet/Worksheet/AutoFilter/Column/Rule.php,third-party/bundled,14855,406,84f614a74b9fc3e5f9d38192229f257f5a1d4d2bfce7cdbab6a08e43e05be7b9,inventoried; automated checks where applicable,No individual manual sign-off; see audit limitations.
vendor/phpoffice/phpspreadsheet/src/PhpSpreadsheet/Worksheet/AutoFit.php,third-party/bundled,1643,49,87c402a4ec2a024e5ad7e666908d6c3a201e394ae31fd991a837bebcee6a3e6b,inventoried; automated checks where applicable,No individual manual sign-off; see audit limitations.
vendor/phpoffice/phpspreadsheet/src/PhpSpreadsheet/Worksheet/BaseDrawing.php,third-party/bundled,13681,613,29bf55dc21a2a300e5c08b1d5f829e1ef3fe1a1a8bba173f43d51a3d55a82c79,inventoried; automated checks where applicable,No individual manual sign-off; see audit limitations.
vendor/phpoffice/phpspreadsheet/src/PhpSpreadsheet/Worksheet/CellIterator.php,third-party/bundled,1998,85,92873074c1aafb93e90744e1b406f3cbb1dc43bdc07699f5d8a3f42a0d120e06,inventoried; automated checks where applicable,No individual manual sign-off; see audit limitations.
vendor/phpoffice/phpspreadsheet/src/PhpSpreadsheet/Worksheet/Column.php,third-party/bundled,4006,110,82635b85e8f29b9200bafe94552d97d7ba8e8414aa50673ddf874d25f1d7bf2d,inventoried; automated checks where applicable,No individual manual sign-off; see audit limitations.
vendor/phpoffice/phpspreadsheet/src/PhpSpreadsheet/Worksheet/ColumnCellIterator.php,third-party/bundled,5626,198,aedfeb3ce40dd0c53d2b92b5d3fe8fd76713162cdf8ff425d9f9948295143113,inventoried; automated checks where applicable,No individual manual sign-off; see audit limitations.
vendor/phpoffice/phpspreadsheet/src/PhpSpreadsheet/Worksheet/ColumnDimension.php,third-party/bundled,3570,138,08f2db59819fb9bf8d6514884e5a7a0c7099dd8f8d9a0ad66ede0823b4e59121,inventoried; automated checks where applicable,No individual manual sign-off; see audit limitations.
vendor/phpoffice/phpspreadsheet/src/PhpSpreadsheet/Worksheet/ColumnIterator.php,third-party/bundled,4426,165,89d4f779caff2d94ff9f09c1e42e33add1f3a58a1f36ca3f6c33b6584e9d676e,inventoried; automated checks where applicable,No individual manual sign-off; see audit limitations.
vendor/phpoffice/phpspreadsheet/src/PhpSpreadsheet/Worksheet/Dimension.php,third-party/bundled,2189,124,f95eba88e0c59121e4bf3f18255952a8c2fd552e8b33de0b5674cb8751000b4b,inventoried; automated checks where applicable,No individual manual sign-off; see audit limitations.
vendor/phpoffice/phpspreadsheet/src/PhpSpreadsheet/Worksheet/Drawing.php,third-party/bundled,8060,261,4864d9dc4335c21341e7ed7dd1fa7c846ebf053363b8873a794c35e12130cb2c,inventoried; automated checks where applicable,No individual manual sign-off; see audit limitations.
vendor/phpoffice/phpspreadsheet/src/PhpSpreadsheet/Worksheet/Drawing/Shadow.php,third-party/bundled,4433,247,6f7690b11d7daca186391b48c703336bc407abd61caef288259ad8d6bb1e9d42,inventoried; automated checks where applicable,No individual manual sign-off; see audit limitations.
vendor/phpoffice/phpspreadsheet/src/PhpSpreadsheet/Worksheet/HeaderFooter.php,third-party/bundled,11381,452,42af99948d61aa84c4205206515a53d1e69c79c586ce4bcc714f26bb6554d6cf,inventoried; automated checks where applicable,No individual manual sign-off; see audit limitations.
vendor/phpoffice/phpspreadsheet/src/PhpSpreadsheet/Worksheet/HeaderFooterDrawing.php,third-party/bundled,454,24,101de28edd4ba8b7376cff64b128805c1a55451a00ae4251dc366f590a419155,inventoried; automated checks where applicable,No individual manual sign-off; see audit limitations.
vendor/phpoffice/phpspreadsheet/src/PhpSpreadsheet/Worksheet/Iterator.php,third-party/bundled,1227,70,8aeac67e9c979425cc025b236364d914f5f05ff360bbf7b7117cb60613bda796,inventoried; automated checks where applicable,No individual manual sign-off; see audit limitations.
vendor/phpoffice/phpspreadsheet/src/PhpSpreadsheet/Worksheet/MemoryDrawing.php,third-party/bundled,8053,316,4786cc36af47145ab527071bfc96a26826f0bce88ffe5db998e6b532e63ef5e0,inventoried; automated checks where applicable,No individual manual sign-off; see audit limitations.
vendor/phpoffice/phpspreadsheet/src/PhpSpreadsheet/Worksheet/PageBreak.php,third-party/bundled,1378,57,8dd066d47d5cdc334fb07aeed4f50616b45116e9878fab5e6e0eab8f71dde7e3,inventoried; automated checks where applicable,No individual manual sign-off; see audit limitations.
vendor/phpoffice/phpspreadsheet/src/PhpSpreadsheet/Worksheet/PageMargins.php,third-party/bundled,2937,193,cdbf48dea25b1f31bda857cd8724a731c76f9c5d46fb673ef90831c2032115bd,inventoried; automated checks where applicable,No individual manual sign-off; see audit limitations.
vendor/phpoffice/phpspreadsheet/src/PhpSpreadsheet/Worksheet/PageSetup.php,third-party/bundled,26844,822,517617505ef48c4a0984f5726badd2839e51849461f0b95a1667dc2956bc4b94,inventoried; automated checks where applicable,No individual manual sign-off; see audit limitations.
vendor/phpoffice/phpspreadsheet/src/PhpSpreadsheet/Worksheet/Pane.php,third-party/bundled,890,48,d6533f78f310bf41bbabd6e32bb7bf3c3d0acceedae07910778815fb6bed2706,inventoried; automated checks where applicable,No individual manual sign-off; see audit limitations.
vendor/phpoffice/phpspreadsheet/src/PhpSpreadsheet/Worksheet/ProtectedRange.php,third-party/bundled,1430,59,3122047f97b58975415e836d8e037cc9d1efe0a27c059022c9dcdcac37c2f84d,inventoried; automated checks where applicable,No individual manual sign-off; see audit limitations.
vendor/phpoffice/phpspreadsheet/src/PhpSpreadsheet/Worksheet/Protection.php,third-party/bundled,10363,474,225e9ac05a7af7e8c802414f7876a5cc7a0499a58cba83d763e8bdee8e5d149e,inventoried; automated checks where applicable,No individual manual sign-off; see audit limitations.
vendor/phpoffice/phpspreadsheet/src/PhpSpreadsheet/Worksheet/Row.php,third-party/bundled,4043,110,a3ce0ea406bb3174b7dd8214b8441f3e20677e10c38264b678368b2c9de75a93,inventoried; automated checks where applicable,No individual manual sign-off; see audit limitations.
vendor/phpoffice/phpspreadsheet/src/PhpSpreadsheet/Worksheet/RowCellIterator.php,third-party/bundled,6057,188,7dbf4bf6129900944b4060276a2ace0dcb0e146328b81c49d951d381755328f0,inventoried; automated checks where applicable,No individual manual sign-off; see audit limitations.
vendor/phpoffice/phpspreadsheet/src/PhpSpreadsheet/Worksheet/RowDimension.php,third-party/bundled,3106,119,ae6a40ebb806ee8337275a21f6ec98ea81abdbd6a6541cc4fca0ca2a38a235a1,inventoried; automated checks where applicable,No individual manual sign-off; see audit limitations.
vendor/phpoffice/phpspreadsheet/src/PhpSpreadsheet/Worksheet/RowIterator.php,third-party/bundled,3552,155,97983360da39911457bf6d49ecad8b1ab806d126373b9542aeb10090ad2f4ad2,inventoried; automated checks where applicable,No individual manual sign-off; see audit limitations.
vendor/phpoffice/phpspreadsheet/src/PhpSpreadsheet/Worksheet/SheetView.php,third-party/bundled,4990,199,411873c7d5f3650e7d4b71de3837f7d8909aeda1fc9a65765d4cffabea8604b2,inventoried; automated checks where applicable,No individual manual sign-off; see audit limitations.
vendor/phpoffice/phpspreadsheet/src/PhpSpreadsheet/Worksheet/Table.php,third-party/bundled,18028,593,f3f5cf53fd26d39af137abe6e76c1cc2fe6adad6c8e55f2f92764ec2cb749bc4,inventoried; automated checks where applicable,No individual manual sign-off; see audit limitations.
vendor/phpoffice/phpspreadsheet/src/PhpSpreadsheet/Worksheet/Table/Column.php,third-party/bundled,6030,240,b47944401d7916be1bfb4212e1e80f63cf8027da4954f5772e614b09001e01aa,inventoried; automated checks where applicable,No individual manual sign-off; see audit limitations.
vendor/phpoffice/phpspreadsheet/src/PhpSpreadsheet/Worksheet/Table/TableDxfsStyle.php,third-party/bundled,3110,170,c0e98e0d3cfb53c67f73a2eba1adf812c2751b45aff12cfc79f12f3cb2c4b231,inventoried; automated checks where applicable,No individual manual sign-off; see audit limitations.
vendor/phpoffice/phpspreadsheet/src/PhpSpreadsheet/Worksheet/Table/TableStyle.php,third-party/bundled,7202,254,cfd2a73757248d1529a2c7c5b9806f77862ed33510fc44579e1d93652cd78cac,inventoried; automated checks where applicable,No individual manual sign-off; see audit limitations.
vendor/phpoffice/phpspreadsheet/src/PhpSpreadsheet/Worksheet/Validations.php,third-party/bundled,5233,128,a2c09fd2ea998b179db80e1f96a8f69bf2769d8a01f993aeb7df6a87253ebf56,inventoried; automated checks where applicable,No individual manual sign-off; see audit limitations.
vendor/phpoffice/phpspreadsheet/src/PhpSpreadsheet/Worksheet/Worksheet.php,third-party/bundled,141804,4138,e5d41202cdb4a0b75944b8992d30d20995cc8687578c1fac277a7e8edbe71212,inventoried; automated checks where applicable,No individual manual sign-off; see audit limitations.
vendor/phpoffice/phpspreadsheet/src/PhpSpreadsheet/Writer/BaseWriter.php,third-party/bundled,3685,142,441212698f8cb22c7d6a2ecab1112bf6fc398340433fd62d2efd1e927f34c33c,inventoried; automated checks where applicable,No individual manual sign-off; see audit limitations.
vendor/phpoffice/phpspreadsheet/src/PhpSpreadsheet/Writer/Csv.php,third-party/bundled,10273,373,43423f3fb575d81ce765dffc3cbca7d565cc659c42140a5a9c5e673d055c4746,inventoried; automated checks where applicable,No individual manual sign-off; see audit limitations.
vendor/phpoffice/phpspreadsheet/src/PhpSpreadsheet/Writer/Exception.php,third-party/bundled,171,9,f8742729c630e216463fe9a74f41a9ca09dc9d890f34183df91045f58306b3d5,inventoried; automated checks where applicable,No individual manual sign-off; see audit limitations.
vendor/phpoffice/phpspreadsheet/src/PhpSpreadsheet/Writer/Html.php,third-party/bundled,89999,2419,5b87d5fc1f42076675639f5a3ae76f165458072f75d39f81229fb313fdd7c221,inventoried; automated checks where applicable,No individual manual sign-off; see audit limitations.
vendor/phpoffice/phpspreadsheet/src/PhpSpreadsheet/Writer/IWriter.php,third-party/bundled,3053,87,72634e8523a6ddeefe61d0cbeb617cf56f5562206b8d523099972fb36befa1e6,inventoried; automated checks where applicable,No individual manual sign-off; see audit limitations.
vendor/phpoffice/phpspreadsheet/src/PhpSpreadsheet/Writer/Ods.php,third-party/bundled,4550,165,30c638134d9d363f47c7d44ed77ac632a7ab1e33db5d5bde603f10d1c56f81f6,inventoried; automated checks where applicable,No individual manual sign-off; see audit limitations.
vendor/phpoffice/phpspreadsheet/src/PhpSpreadsheet/Writer/Ods/AutoFilters.php,third-party/bundled,1872,57,3efc063e35d6a4ac351088bb854959414701708715941f36e06488ce23e75a29,inventoried; automated checks where applicable,No individual manual sign-off; see audit limitations.
vendor/phpoffice/phpspreadsheet/src/PhpSpreadsheet/Writer/Ods/Cell/Comment.php,third-party/bundled,1507,45,093ae0b3b7c7a10667287d20fdb0665fe5ddc9b975db8f0c8ccc3032a282420b,inventoried; automated checks where applicable,No individual manual sign-off; see audit limitations.
vendor/phpoffice/phpspreadsheet/src/PhpSpreadsheet/Writer/Ods/Cell/Style.php,third-party/bundled,52568,1159,35b86a57fa11fe6c886bf23ee121618ab35a911de3d8870cd4212f2686cca941,inventoried; automated checks where applicable,No individual manual sign-off; see audit limitations.
vendor/phpoffice/phpspreadsheet/src/PhpSpreadsheet/Writer/Ods/Content.php,third-party/bundled,22552,469,0cf40965ff7fb7be4b226ab79e05d7b9e37ddbc9ec533130ad356704b103c135,inventoried; automated checks where applicable,No individual manual sign-off; see audit limitations.
vendor/phpoffice/phpspreadsheet/src/PhpSpreadsheet/Writer/Ods/Formula.php,third-party/bundled,4657,139,d63b2c9285a8389ed054c40ba73b21eaa002822a56cfa44eef9538166ca61ea6,inventoried; automated checks where applicable,No individual manual sign-off; see audit limitations.
vendor/phpoffice/phpspreadsheet/src/PhpSpreadsheet/Writer/Ods/Meta.php,third-party/bundled,5399,122,700896ee93bf049f2b9cc1bdfc6ae4437da5c6c6ac2863fc7960adae889c937c,inventoried; automated checks where applicable,No individual manual sign-off; see audit limitations.
vendor/phpoffice/phpspreadsheet/src/PhpSpreadsheet/Writer/Ods/MetaInf.php,third-party/bundled,2501,60,b00e31d25f5e47fd7b08debcf9b712649ed8b7cbede5d48904d67592a43e2a10,inventoried; automated checks where applicable,No individual manual sign-off; see audit limitations.
vendor/phpoffice/phpspreadsheet/src/PhpSpreadsheet/Writer/Ods/Mimetype.php,third-party/bundled,306,16,a4156b0c4687770f5f76f4641c8d0781f344a3c3a0d2c3217a9c99396b002c85,inventoried; automated checks where applicable,No individual manual sign-off; see audit limitations.
vendor/phpoffice/phpspreadsheet/src/PhpSpreadsheet/Writer/Ods/NamedExpressions.php,third-party/bundled,4755,138,143e10a8bf0e8dd97fc52a31e47276542549fedf679e5d535b492b1d36dce82b,inventoried; automated checks where applicable,No individual manual sign-off; see audit limitations.
vendor/phpoffice/phpspreadsheet/src/PhpSpreadsheet/Writer/Ods/Settings.php,third-party/bundled,6694,152,359b8f051c31872ddba4b9a968ca260a7deded84ae82730e5a546009edd1fcb8,inventoried; automated checks where applicable,No individual manual sign-off; see audit limitations.
vendor/phpoffice/phpspreadsheet/src/PhpSpreadsheet/Writer/Ods/Styles.php,third-party/bundled,4962,88,c22cc53764777d3ccf4364a92faf57b1903755e2ef9712f45bd136a5c13770a2,inventoried; automated checks where applicable,No individual manual sign-off; see audit limitations.
vendor/phpoffice/phpspreadsheet/src/PhpSpreadsheet/Writer/Ods/Thumbnails.php,third-party/bundled,271,16,86ace79d16d155d24bc3f2ccdb0b9d0f43812fe4bc0ed9daae9e214e2900f06b,inventoried; automated checks where applicable,No individual manual sign-off; see audit limitations.
vendor/phpoffice/phpspreadsheet/src/PhpSpreadsheet/Writer/Ods/WriterPart.php,third-party/bundled,521,31,02986d6674b3fbc82bf0e80273c379dad84c02d7c232fb9486b283e683870def,inventoried; automated checks where applicable,No individual manual sign-off; see audit limitations.
vendor/phpoffice/phpspreadsheet/src/PhpSpreadsheet/Writer/Pdf.php,third-party/bundled,9108,229,765425fa88f207be09230d7362fe64b61059f0b4cc670ddf4c8528ffcc12ec98,inventoried; automated checks where applicable,No individual manual sign-off; see audit limitations.
vendor/phpoffice/phpspreadsheet/src/PhpSpreadsheet/Writer/Pdf/Dompdf.php,third-party/bundled,1935,63,e57e2a9d990131c23d8ea8ab72addbbb5211fcd5ef88e2fa6312722046dcceb0,inventoried; automated checks where applicable,No individual manual sign-off; see audit limitations.
vendor/phpoffice/phpspreadsheet/src/PhpSpreadsheet/Writer/Pdf/Mpdf.php,third-party/bundled,4578,124,0b5e6f070586c6235042d0fe3d9117bbdb1ac6a99190054a5b66df4fa84eca3c,inventoried; automated checks where applicable,No individual manual sign-off; see audit limitations.
vendor/phpoffice/phpspreadsheet/src/PhpSpreadsheet/Writer/Pdf/Tcpdf.php,third-party/bundled,3508,108,5175c1ea954287acad7700b5fff9a5602976a86c40a93045e77b31cdf51f1635,inventoried; automated checks where applicable,No individual manual sign-off; see audit limitations.
vendor/phpoffice/phpspreadsheet/src/PhpSpreadsheet/Writer/Pdf/TcpdfNoDie.php,third-party/bundled,999,27,465c4c043e0fcad34e640a8727ac3a188f5262a7971c92121589473bcb10af12,inventoried; automated checks where applicable,No individual manual sign-off; see audit limitations.
vendor/phpoffice/phpspreadsheet/src/PhpSpreadsheet/Writer/Xls.php,third-party/bundled,37302,919,517ab22c0da097ddf9a32a1c763c4da0160278926d959c55c373dc397a090b26,inventoried; automated checks where applicable,No individual manual sign-off; see audit limitations.
vendor/phpoffice/phpspreadsheet/src/PhpSpreadsheet/Writer/Xls/BIFFwriter.php,third-party/bundled,7010,212,4bbcf9e7084b662ce22ebbea9523fbf1725ae996dfac8af4ee295e0a35760ee5,inventoried; automated checks where applicable,No individual manual sign-off; see audit limitations.
vendor/phpoffice/phpspreadsheet/src/PhpSpreadsheet/Writer/Xls/CellDataValidation.php,third-party/bundled,2101,66,3523c18f02e036dc25500f2ba3b6c6caefe524dc808d0f74087a56ed0fd07152,inventoried; automated checks where applicable,No individual manual sign-off; see audit limitations.
vendor/phpoffice/phpspreadsheet/src/PhpSpreadsheet/Writer/Xls/ConditionalHelper.php,third-party/bundled,1651,60,348a5b8df35267b05aa9672964191a945a5ee33e71b7352f7a3d811cd6ddd95a,inventoried; automated checks where applicable,No individual manual sign-off; see audit limitations.
vendor/phpoffice/phpspreadsheet/src/PhpSpreadsheet/Writer/Xls/ErrorCode.php,third-party/bundled,477,24,6a69e2ca4887958b1a5e321a34a8df492d9f69e0445732ad11a903ca6024564f,inventoried; automated checks where applicable,No individual manual sign-off; see audit limitations.
vendor/phpoffice/phpspreadsheet/src/PhpSpreadsheet/Writer/Xls/Escher.php,third-party/bundled,17188,507,72ad3af03144584555e8bec25f68e6b6bbd351f6677c971280416051819e4988,inventoried; automated checks where applicable,No individual manual sign-off; see audit limitations.
vendor/phpoffice/phpspreadsheet/src/PhpSpreadsheet/Writer/Xls/Font.php,third-party/bundled,3410,133,ad980d8879c7c49900481cc9b2d25c37ebdaed8936591e1650c8d2a377bbc69d,inventoried; automated checks where applicable,No individual manual sign-off; see audit limitations.
vendor/phpoffice/phpspreadsheet/src/PhpSpreadsheet/Writer/Xls/Parser.php,third-party/bundled,58055,1678,5bee12026af5e2b09d90853c8625d7144e9ac6a26ef1de9fd71328868d0ebd52,inventoried; automated checks where applicable,No individual manual sign-off; see audit limitations.
vendor/phpoffice/phpspreadsheet/src/PhpSpreadsheet/Writer/Xls/Style/CellAlignment.php,third-party/bundled,1677,59,61f3d59c28cdbec2111fd577fb02662bd1245f20124948f744a38d6846fac4bf,inventoried; automated checks where applicable,No individual manual sign-off; see audit limitations.
vendor/phpoffice/phpspreadsheet/src/PhpSpreadsheet/Writer/Xls/Style/CellBorder.php,third-party/bundled,984,33,f55827c1a9dc4441b363941b37d569e9567dc19d981652a0ea6964385bb43562,inventoried; automated checks where applicable,No individual manual sign-off; see audit limitations.
vendor/phpoffice/phpspreadsheet/src/PhpSpreadsheet/Writer/Xls/Style/CellFill.php,third-party/bundled,1360,39,7928dc8393087bc4e297717591a90fa70f3c37372d3a5835a59f4c3abb4d3a38,inventoried; automated checks where applicable,No individual manual sign-off; see audit limitations.
vendor/phpoffice/phpspreadsheet/src/PhpSpreadsheet/Writer/Xls/Workbook.php,third-party/bundled,41736,1166,25831728d79588eb6d0e8803d3068dc0a9f64e0fb46d06546c34285e7d6cb334,inventoried; automated checks where applicable,No individual manual sign-off; see audit limitations.
vendor/phpoffice/phpspreadsheet/src/PhpSpreadsheet/Writer/Xls/Worksheet.php,third-party/bundled,122584,3289,ef31fa3e46ba97dcf08eaf8f67d5e53e15671cabc5a42dbc9ba6911557791352,inventoried; automated checks where applicable,No individual manual sign-off; see audit limitations.
vendor/phpoffice/phpspreadsheet/src/PhpSpreadsheet/Writer/Xls/Xf.php,third-party/bundled,12060,375,d520958e783a9a018c7666361d68bfabf17a05e16b467c9bff0d6d9b517d8339,inventoried; automated checks where applicable,No individual manual sign-off; see audit limitations.
vendor/phpoffice/phpspreadsheet/src/PhpSpreadsheet/Writer/Xlsx.php,third-party/bundled,32517,909,784751fd567a47fcf37d72af1055d3afa7394aee6ebaac8b1b9edbd3c2e87e6b,inventoried; automated checks where applicable,No individual manual sign-off; see audit limitations.
vendor/phpoffice/phpspreadsheet/src/PhpSpreadsheet/Writer/Xlsx/AutoFilter.php,third-party/bundled,4939,125,995ddf5923eba141997826d138b3390653dd6bddf57cd84efd9fdb6cb1dd861f,inventoried; automated checks where applicable,No individual manual sign-off; see audit limitations.
vendor/phpoffice/phpspreadsheet/src/PhpSpreadsheet/Writer/Xlsx/Chart.php,third-party/bundled,83215,1989,a3318245acb88c2d53033adb01706a727c57afece21523ba7fc3af39975d5b19,inventoried; automated checks where applicable,No individual manual sign-off; see audit limitations.
vendor/phpoffice/phpspreadsheet/src/PhpSpreadsheet/Writer/Xlsx/Comments.php,third-party/bundled,8822,253,85becbf3ceb0583b7ccb162a146f509bd5189c0b29f841f678be822ce03a454c,inventoried; automated checks where applicable,No individual manual sign-off; see audit limitations.
vendor/phpoffice/phpspreadsheet/src/PhpSpreadsheet/Writer/Xlsx/ContentTypes.php,third-party/bundled,15539,334,3802f5775505f0ceb0c00748fcda0f1c66a250dff6ba7dc8c719c03cac6b7ac3,inventoried; automated checks where applicable,No individual manual sign-off; see audit limitations.
vendor/phpoffice/phpspreadsheet/src/PhpSpreadsheet/Writer/Xlsx/DefinedNames.php,third-party/bundled,8786,243,694c840321df1eb492d4976468f21db1638b9a0737f35f745b7d9b3280f5d59f,inventoried; automated checks where applicable,No individual manual sign-off; see audit limitations.
vendor/phpoffice/phpspreadsheet/src/PhpSpreadsheet/Writer/Xlsx/DocProps.php,third-party/bundled,8828,250,ba0caf6b0303fb3b3581e74917965b96f3b015a260245e0a25eb835ddf02a299,inventoried; automated checks where applicable,No individual manual sign-off; see audit limitations.
vendor/phpoffice/phpspreadsheet/src/PhpSpreadsheet/Writer/Xlsx/Drawing.php,third-party/bundled,24333,622,1de99c69219049a8600fddb2f62febdf64778bbb3339b5c9ba2f08c11bd1dfb4,inventoried; automated checks where applicable,No individual manual sign-off; see audit limitations.
vendor/phpoffice/phpspreadsheet/src/PhpSpreadsheet/Writer/Xlsx/FeaturePropertyBag.php,third-party/bundled,2403,66,9ce5b9af38a37ffccecb987c8e5f0e9e52bab24d9d710e46cd9121803cd97443,inventoried; automated checks where applicable,No individual manual sign-off; see audit limitations.
vendor/phpoffice/phpspreadsheet/src/PhpSpreadsheet/Writer/Xlsx/FunctionPrefix.php,third-party/bundled,5982,235,9a35baf8db0e0075d5aa689605a315f57f088b0cb471d837e575c6b6319dbb99,inventoried; automated checks where applicable,No individual manual sign-off; see audit limitations.
vendor/phpoffice/phpspreadsheet/src/PhpSpreadsheet/Writer/Xlsx/Metadata.php,third-party/bundled,6520,160,00cbd5da93fee3afcaed7341f2c5a3e2efb1600dbc2cdabbc67b4047e720b9ee,inventoried; automated checks where applicable,No individual manual sign-off; see audit limitations.
vendor/phpoffice/phpspreadsheet/src/PhpSpreadsheet/Writer/Xlsx/Rels.php,third-party/bundled,19982,565,675d9822b8f0415bdd20ca6576b8f3a1ec5adb0c72fcc1d821861cab0865c926,inventoried; automated checks where applicable,No individual manual sign-off; see audit limitations.
vendor/phpoffice/phpspreadsheet/src/PhpSpreadsheet/Writer/Xlsx/RelsRibbon.php,third-party/bundled,1606,47,ee8ba57c83180ced9c4489ac4b15147059cb3f9f3e2f3c2635a0e6221e1da234,inventoried; automated checks where applicable,No individual manual sign-off; see audit limitations.
vendor/phpoffice/phpspreadsheet/src/PhpSpreadsheet/Writer/Xlsx/RelsVBA.php,third-party/bundled,1277,40,09a05d92676b4d9a3c8f6e8e62830115efcebca92534089f27b54a55d05c9fee,inventoried; automated checks where applicable,No individual manual sign-off; see audit limitations.
vendor/phpoffice/phpspreadsheet/src/PhpSpreadsheet/Writer/Xlsx/RichDataDrawing.php,third-party/bundled,6799,191,cefadda8e723b1470a1d1da6500f86373c6bce8bfd6651e0c17edd19292e5de1,inventoried; automated checks where applicable,No individual manual sign-off; see audit limitations.
vendor/phpoffice/phpspreadsheet/src/PhpSpreadsheet/Writer/Xlsx/StringTable.php,third-party/bundled,13083,345,d3cd45143a8946451945a8fc66a221112ecc16119b044d09ff8032280d2d849f,inventoried; automated checks where applicable,No individual manual sign-off; see audit limitations.
vendor/phpoffice/phpspreadsheet/src/PhpSpreadsheet/Writer/Xlsx/Style.php,third-party/bundled,26561,716,c96e104ae24420aa9b9e206065165c5da6bb09efe9ed6b7dcba4e74d10c6cde1,inventoried; automated checks where applicable,No individual manual sign-off; see audit limitations.
vendor/phpoffice/phpspreadsheet/src/PhpSpreadsheet/Writer/Xlsx/Table.php,third-party/bundled,4754,114,c3f488b38e21dcb5c56bc7333d12a697eeabe9a3a9ddbc9154eb6bd7956c4d97,inventoried; automated checks where applicable,No individual manual sign-off; see audit limitations.
vendor/phpoffice/phpspreadsheet/src/PhpSpreadsheet/Writer/Xlsx/Theme.php,third-party/bundled,21668,744,9108c18bde8abe9d869ddee46b30aa00d00037444c0023314be1e95dcdc0754a,inventoried; automated checks where applicable,No individual manual sign-off; see audit limitations.
vendor/phpoffice/phpspreadsheet/src/PhpSpreadsheet/Writer/Xlsx/Workbook.php,third-party/bundled,9343,235,5837b4b36e8d51e91e53c125497b5b4e66498fb46cc936b752e305c1d3615f38,inventoried; automated checks where applicable,No individual manual sign-off; see audit limitations.
vendor/phpoffice/phpspreadsheet/src/PhpSpreadsheet/Writer/Xlsx/Worksheet.php,third-party/bundled,83894,1897,9133f2d6608e0ff7f8d287ba59e7d84a8e2f8b84560b02a8793106dd30eba5f1,inventoried; automated checks where applicable,No individual manual sign-off; see audit limitations.
vendor/phpoffice/phpspreadsheet/src/PhpSpreadsheet/Writer/Xlsx/WriterPart.php,third-party/bundled,489,29,980b4653ece563cb7bc831600140752663b766e7a3e4753c812acda14fa3744a,inventoried; automated checks where applicable,No individual manual sign-off; see audit limitations.
vendor/phpoffice/phpspreadsheet/src/PhpSpreadsheet/Writer/ZipStream0.php,third-party/bundled,380,17,f275c56d1915b1ca0bc74308cd5f6428c75934ac93a8b2caf14b40cab3db38b3,inventoried; automated checks where applicable,No individual manual sign-off; see audit limitations.
vendor/phpoffice/phpspreadsheet/src/PhpSpreadsheet/Writer/ZipStream2.php,third-party/bundled,582,27,bdf16420717566e5a6ec0aed154d83dd1f70fae769f276a1608639a5bbf7a95d,inventoried; automated checks where applicable,No individual manual sign-off; see audit limitations.
vendor/phpoffice/phpspreadsheet/src/PhpSpreadsheet/Writer/ZipStream3.php,third-party/bundled,417,21,6285887b5fcab02a06ab01380ec12d1ba65ffa9244db3280f99e06af79125cc4,inventoried; automated checks where applicable,No individual manual sign-off; see audit limitations.
vendor/psr/simple-cache/.editorconfig,third-party/bundled,271,12,22d780a14a3bb595b6d8156202ae9b15025eee2cfefd8ac37a3dffa2ffc95744,inventoried; automated checks where applicable,No individual manual sign-off; see audit limitations.
vendor/psr/simple-cache/LICENSE.md,third-party/bundled,1137,21,9d7269855b25e36b54461c029260a56c97499a647117ea37f4c5cdfc956a7f8b,inventoried; automated checks where applicable,No individual manual sign-off; see audit limitations.
vendor/psr/simple-cache/README.md,third-party/bundled,563,8,3f6ceb3d1fa73168b7fe2239f303bdd38c190d44e41c12f07fcc4934462c828b,inventoried; automated checks where applicable,No individual manual sign-off; see audit limitations.
vendor/psr/simple-cache/composer.json,third-party/bundled,553,25,522318184b43cf837cbfc517a49abbed881d331464946c10a316919f1b66c198,inventoried; automated checks where applicable,No individual manual sign-off; see audit limitations.
vendor/psr/simple-cache/src/CacheException.php,third-party/bundled,173,10,9b92f4ad92711668a09e4c475f024b23d0d0b8a687908eb59996c61a5ee24e28,inventoried; automated checks where applicable,No individual manual sign-off; see audit limitations.
vendor/psr/simple-cache/src/CacheInterface.php,third-party/bundled,4822,114,3210f4d4838fe90b204bdffe60aafe7789dc8684b43d2b0c93ea348ad8af94d5,inventoried; automated checks where applicable,No individual manual sign-off; see audit limitations.
vendor/psr/simple-cache/src/InvalidArgumentException.php,third-party/bundled,260,13,5f45f9c49e02676e2fb03f60386fb292bbf03062890b4bf40c948e90187fcad9,inventoried; automated checks where applicable,No individual manual sign-off; see audit limitations.
